requirement_id,source,clause,category,verification_mode,terminal_status,deterministic_valid,primary_failure_stage,extraction_status,rdf_parse_status,shacl_validation_status,vocabulary_diagnostic_status,datatype_unit_valid,target_path_valid,errors,warnings,generator_calls,physical_transport_attempts,transport_retries,validator_calls,matcher_calls,syntax_repair_calls,regeneration_calls,raw_response_retained,extracted_shape_retained,input_tokens,output_tokens,total_tokens,api_elapsed_ms,end_to_end_ms,estimated_cost_usd,first_prompt_matches_full_run01,run_id,run_directory
I2-001,UR I2 Structural Requirements for Polar Class Ships,I2.1.1 Note 6,Static,DIRECT_STATIC,SINGLESHOT_CAPTURED_DIAGNOSTIC_PASS,True,NONE,PASS,PASS,PASS,PASS,True,True,,,1,1,0,0,0,0,0,True,True,5024,1889,6913,31161.153,31261.0,0.016358,True,RUN-I2-001-20260831T141949275094Z,/Users/sadisfaction570/Desktop/Journal 1/NLTL_v2/MVP/SHACL_GENERATION_PIPELINE/experiments/LUNA_CONTEXTUAL_SINGLESHOT/RUN_01/runs/RUN-I2-001-20260831T141949275094Z
I2-004,UR I2 Structural Requirements for Polar Class Ships,I2.1.2.2,Static,DIRECT_STATIC,SINGLESHOT_CAPTURED_DIAGNOSTIC_PASS,True,NONE,PASS,PASS,PASS,PASS,True,True,,,1,1,0,0,0,0,0,True,True,7204,1775,8979,25786.49,25903.0,0.017854,True,RUN-I2-004-20260831T142021327517Z,/Users/sadisfaction570/Desktop/Journal 1/NLTL_v2/MVP/SHACL_GENERATION_PIPELINE/experiments/LUNA_CONTEXTUAL_SINGLESHOT/RUN_01/runs/RUN-I2-004-20260831T142021327517Z
I2-005,UR I2 Structural Requirements for Polar Class Ships,I2.2.5,Static,DIRECT_STATIC,SINGLESHOT_CAPTURED_DIAGNOSTIC_PASS,True,NONE,PASS,PASS,PASS,PASS,True,True,,,1,1,0,0,0,0,0,True,True,6204,786,6990,13025.784,13113.0,0.01092,True,RUN-I2-005-20260831T142048012679Z,/Users/sadisfaction570/Desktop/Journal 1/NLTL_v2/MVP/SHACL_GENERATION_PIPELINE/experiments/LUNA_CONTEXTUAL_SINGLESHOT/RUN_01/runs/RUN-I2-005-20260831T142048012679Z
I2-006,UR I2 Structural Requirements for Polar Class Ships,I2.2.6,Static,DIRECT_STATIC,SINGLESHOT_CAPTURED_DIAGNOSTIC_PASS,True,NONE,PASS,PASS,PASS,PASS,True,True,,,1,1,0,0,0,0,0,True,True,5716,1896,7612,33131.294,33217.0,0.017092,True,RUN-I2-006-20260831T142101907242Z,/Users/sadisfaction570/Desktop/Journal 1/NLTL_v2/MVP/SHACL_GENERATION_PIPELINE/experiments/LUNA_CONTEXTUAL_SINGLESHOT/RUN_01/runs/RUN-I2-006-20260831T142101907242Z
I2-008,UR I2 Structural Requirements for Polar Class Ships,I2.3.1,Complex,COMPLEX_READINESS,SINGLESHOT_CAPTURED_DIAGNOSTIC_PASS,True,NONE,PASS,PASS,PASS,PASS,True,True,,,1,1,0,0,0,0,0,True,True,13031,2644,15675,30230.368,30533.0,0.028895,True,RUN-I2-008-20260831T142135901198Z,/Users/sadisfaction570/Desktop/Journal 1/NLTL_v2/MVP/SHACL_GENERATION_PIPELINE/experiments/LUNA_CONTEXTUAL_SINGLESHOT/RUN_01/runs/RUN-I2-008-20260831T142135901198Z
I2-009,UR I2 Structural Requirements for Polar Class Ships,I2.3.1,Static,DIRECT_STATIC,SINGLESHOT_CAPTURED_DIAGNOSTIC_FAIL,False,EXTRACTION_FAILURE,FAIL,NOT_RUN,NOT_RUN,NOT_RUN,False,False,Generator response must contain exactly one BEGIN_SHACL and END_SHACL marker,,1,1,0,0,0,0,0,True,False,12296,2991,15287,37108.525,37117.0,0.030242,True,RUN-I2-009-20260831T142207224827Z,/Users/sadisfaction570/Desktop/Journal 1/NLTL_v2/MVP/SHACL_GENERATION_PIPELINE/experiments/LUNA_CONTEXTUAL_SINGLESHOT/RUN_01/runs/RUN-I2-009-20260831T142207224827Z
I2-010,UR I2 Structural Requirements for Polar Class Ships,I2.3.1,Static,DIRECT_STATIC,SINGLESHOT_CAPTURED_DIAGNOSTIC_PASS,True,NONE,PASS,PASS,PASS,PASS,True,True,,,1,1,0,0,0,0,0,True,True,8327,2157,10484,33254.002,33365.0,0.021269,True,RUN-I2-010-20260831T142245142634Z,/Users/sadisfaction570/Desktop/Journal 1/NLTL_v2/MVP/SHACL_GENERATION_PIPELINE/experiments/LUNA_CONTEXTUAL_SINGLESHOT/RUN_01/runs/RUN-I2-010-20260831T142245142634Z
I2-011,UR I2 Structural Requirements for Polar Class Ships,I2.3.1,Static Calculation,DIRECT_CALCULATION,SINGLESHOT_CAPTURED_DIAGNOSTIC_PASS,True,NONE,PASS,PASS,PASS,PASS,True,True,,,1,1,0,0,0,0,0,True,True,9405,3468,12873,46911.244,47173.0,0.030213,True,RUN-I2-011-20260831T142319282143Z,/Users/sadisfaction570/Desktop/Journal 1/NLTL_v2/MVP/SHACL_GENERATION_PIPELINE/experiments/LUNA_CONTEXTUAL_SINGLESHOT/RUN_01/runs/RUN-I2-011-20260831T142319282143Z
I2-013,UR I2 Structural Requirements for Polar Class Ships,I2.3.1,Complex,COMPLEX_READINESS,SINGLESHOT_CAPTURED_DIAGNOSTIC_PASS,True,NONE,PASS,PASS,PASS,PASS,True,True,,,1,1,0,0,0,0,0,True,True,6596,526,7122,7452.33,7501.0,0.009752,True,RUN-I2-013-20260831T142407226374Z,/Users/sadisfaction570/Desktop/Journal 1/NLTL_v2/MVP/SHACL_GENERATION_PIPELINE/experiments/LUNA_CONTEXTUAL_SINGLESHOT/RUN_01/runs/RUN-I2-013-20260831T142407226374Z
I2-014,UR I2 Structural Requirements for Polar Class Ships,I2.3.2.1,Static Calculation,DIRECT_CALCULATION,SINGLESHOT_CAPTURED_DIAGNOSTIC_PASS,True,NONE,PASS,PASS,PASS,PASS,True,True,,,1,1,0,0,0,0,0,True,True,12332,3093,15425,36349.334,36625.0,0.03089,True,RUN-I2-014-20260831T142415502110Z,/Users/sadisfaction570/Desktop/Journal 1/NLTL_v2/MVP/SHACL_GENERATION_PIPELINE/experiments/LUNA_CONTEXTUAL_SINGLESHOT/RUN_01/runs/RUN-I2-014-20260831T142415502110Z
I2-015,UR I2 Structural Requirements for Polar Class Ships,I2.3.2.1,Complex,COMPLEX_READINESS,SINGLESHOT_CAPTURED_DIAGNOSTIC_PASS,True,NONE,PASS,PASS,PASS,PASS,True,True,,,1,1,0,0,0,0,0,True,True,11479,2870,14349,106562.427,106623.0,0.028699,True,RUN-I2-015-20260831T142452907715Z,/Users/sadisfaction570/Desktop/Journal 1/NLTL_v2/MVP/SHACL_GENERATION_PIPELINE/experiments/LUNA_CONTEXTUAL_SINGLESHOT/RUN_01/runs/RUN-I2-015-20260831T142452907715Z
I2-017,UR I2 Structural Requirements for Polar Class Ships,I2.3.2.2,Complex,COMPLEX_READINESS,SINGLESHOT_CAPTURED_DIAGNOSTIC_FAIL,False,DATATYPE_UNIT_FAILURE,PASS,PASS,PASS,PASS,False,True,"Quantity property upperIceWaterlineDraughtDUI must point to a QUDT QuantityValue node, not a direct literal datatype | Quantity property displacementFactorThreshold must point to a QUDT QuantityValue node, not a direct literal datatype | Quantity property crushingFailureClassFactor must point to a QUDT QuantityValue node, not a direct literal datatype | Quantity property loadPatchDimensionClassFactor must point to a QUDT QuantityValue node, not a direct literal datatype | Quantity property shipDisplacementFactor must point to a QUDT QuantityValue node, not a direct literal datatype | Quantity property nonBowIceForce must point to a QUDT QuantityValue node, not a direct literal datatype | Quantity property nonBowIceLineLoad must point to a QUDT QuantityValue node, not a direct literal datatype",,1,1,0,0,0,0,0,True,True,11234,1801,13035,18747.765,18969.0,0.02204,True,RUN-I2-017-20260831T142640304043Z,/Users/sadisfaction570/Desktop/Journal 1/NLTL_v2/MVP/SHACL_GENERATION_PIPELINE/experiments/LUNA_CONTEXTUAL_SINGLESHOT/RUN_01/runs/RUN-I2-017-20260831T142640304043Z
I2-018,UR I2 Structural Requirements for Polar Class Ships,I2.3.4,Static Calculation,DIRECT_CALCULATION,SINGLESHOT_CAPTURED_DIAGNOSTIC_PASS,True,NONE,PASS,PASS,PASS,PASS,True,True,,,1,1,0,0,0,0,0,True,True,16480,3276,19756,42807.17,43052.0,0.036136,True,RUN-I2-018-20260831T142700053542Z,/Users/sadisfaction570/Desktop/Journal 1/NLTL_v2/MVP/SHACL_GENERATION_PIPELINE/experiments/LUNA_CONTEXTUAL_SINGLESHOT/RUN_01/runs/RUN-I2-018-20260831T142700053542Z
I2-019,UR I2 Structural Requirements for Polar Class Ships,I2.3.5,Static Calculation,DIRECT_CALCULATION,SINGLESHOT_CAPTURED_DIAGNOSTIC_FAIL,False,META_SHACL_FAILURE,PASS,PASS,FAIL,PASS,True,True,"SHACL runtime smoke check failed: Validation Failure - All potentially pre-bound variables must be selected from a nested SELECT query.
Don't forget to include variable `$this` in your SELECT arguments.",,1,1,0,0,0,0,0,True,True,9303,3446,12749,48287.133,48388.0,0.029979,True,RUN-I2-019-20260831T142743893445Z,/Users/sadisfaction570/Desktop/Journal 1/NLTL_v2/MVP/SHACL_GENERATION_PIPELINE/experiments/LUNA_CONTEXTUAL_SINGLESHOT/RUN_01/runs/RUN-I2-019-20260831T142743893445Z
I2-021,UR I2 Structural Requirements for Polar Class Ships,I2.4.1,Static Calculation,DIRECT_CALCULATION,SINGLESHOT_CAPTURED_DIAGNOSTIC_PASS,True,NONE,PASS,PASS,PASS,PASS,True,True,,,1,1,0,0,0,0,0,True,True,7650,1726,9376,22284.756,22416.0,0.018006,True,RUN-I2-021-20260831T142833076191Z,/Users/sadisfaction570/Desktop/Journal 1/NLTL_v2/MVP/SHACL_GENERATION_PIPELINE/experiments/LUNA_CONTEXTUAL_SINGLESHOT/RUN_01/runs/RUN-I2-021-20260831T142833076191Z
I2-022,UR I2 Structural Requirements for Polar Class Ships,I2.4.2,Complex,COMPLEX_READINESS,SINGLESHOT_CAPTURED_DIAGNOSTIC_PASS,True,NONE,PASS,PASS,PASS,PASS,True,True,,,1,1,0,0,0,0,0,True,True,13216,4850,18066,63385.087,63612.0,0.042316,True,RUN-I2-022-20260831T142856485081Z,/Users/sadisfaction570/Desktop/Journal 1/NLTL_v2/MVP/SHACL_GENERATION_PIPELINE/experiments/LUNA_CONTEXTUAL_SINGLESHOT/RUN_01/runs/RUN-I2-022-20260831T142856485081Z
I2-023,UR I2 Structural Requirements for Polar Class Ships,I2.4.2,Complex,COMPLEX_READINESS,SINGLESHOT_CAPTURED_DIAGNOSTIC_PASS,True,NONE,PASS,PASS,PASS,PASS,True,True,,,1,1,0,0,0,0,0,True,True,11959,2383,14342,26882.842,27148.0,0.026257,True,RUN-I2-023-20260831T143001101738Z,/Users/sadisfaction570/Desktop/Journal 1/NLTL_v2/MVP/SHACL_GENERATION_PIPELINE/experiments/LUNA_CONTEXTUAL_SINGLESHOT/RUN_01/runs/RUN-I2-023-20260831T143001101738Z
I2-024,UR I2 Structural Requirements for Polar Class Ships,I2.4.2,Complex,COMPLEX_READINESS,SINGLESHOT_CAPTURED_DIAGNOSTIC_PASS,True,NONE,PASS,PASS,PASS,PASS,True,True,,,1,1,0,0,0,0,0,True,True,10556,2674,13230,38315.425,38524.0,0.0266,True,RUN-I2-024-20260831T143029243869Z,/Users/sadisfaction570/Desktop/Journal 1/NLTL_v2/MVP/SHACL_GENERATION_PIPELINE/experiments/LUNA_CONTEXTUAL_SINGLESHOT/RUN_01/runs/RUN-I2-024-20260831T143029243869Z
I2-026,UR I2 Structural Requirements for Polar Class Ships,I2.5.3,Static,DIRECT_STATIC,SINGLESHOT_CAPTURED_DIAGNOSTIC_PASS,True,NONE,PASS,PASS,PASS,PASS,True,True,,,1,1,0,0,0,0,0,True,True,10790,3251,14041,46936.811,47137.0,0.030296,True,RUN-I2-026-20260831T143108545841Z,/Users/sadisfaction570/Desktop/Journal 1/NLTL_v2/MVP/SHACL_GENERATION_PIPELINE/experiments/LUNA_CONTEXTUAL_SINGLESHOT/RUN_01/runs/RUN-I2-026-20260831T143108545841Z
I2-029,UR I2 Structural Requirements for Polar Class Ships,I2.5.6,Static,DIRECT_STATIC,SINGLESHOT_CAPTURED_DIAGNOSTIC_PASS,True,NONE,PASS,PASS,PASS,PASS,True,True,,,1,1,0,0,0,0,0,True,True,8390,2186,10576,34861.969,34947.0,0.021506,True,RUN-I2-029-20260831T143156461374Z,/Users/sadisfaction570/Desktop/Journal 1/NLTL_v2/MVP/SHACL_GENERATION_PIPELINE/experiments/LUNA_CONTEXTUAL_SINGLESHOT/RUN_01/runs/RUN-I2-029-20260831T143156461374Z
I2-030,UR I2 Structural Requirements for Polar Class Ships,I2.5.8-I2.5.9,Complex,COMPLEX_READINESS,SINGLESHOT_CAPTURED_DIAGNOSTIC_PASS,True,NONE,PASS,PASS,PASS,PASS,True,True,,,1,1,0,0,0,0,0,True,True,15728,4120,19848,45011.466,45315.0,0.040448,True,RUN-I2-030-20260831T143232186290Z,/Users/sadisfaction570/Desktop/Journal 1/NLTL_v2/MVP/SHACL_GENERATION_PIPELINE/experiments/LUNA_CONTEXTUAL_SINGLESHOT/RUN_01/runs/RUN-I2-030-20260831T143232186290Z
I2-031,UR I2 Structural Requirements for Polar Class Ships,I2.6.1,Static,DIRECT_STATIC,SINGLESHOT_CAPTURED_DIAGNOSTIC_PASS,True,NONE,PASS,PASS,PASS,PASS,True,True,,,1,1,0,0,0,0,0,True,True,12990,2606,15596,40890.853,41048.0,0.028626,True,RUN-I2-031-20260831T143318285077Z,/Users/sadisfaction570/Desktop/Journal 1/NLTL_v2/MVP/SHACL_GENERATION_PIPELINE/experiments/LUNA_CONTEXTUAL_SINGLESHOT/RUN_01/runs/RUN-I2-031-20260831T143318285077Z
I2-032,UR I2 Structural Requirements for Polar Class Ships,I2.6.2,Static Calculation,DIRECT_CALCULATION,SINGLESHOT_CAPTURED_DIAGNOSTIC_PASS,True,NONE,PASS,PASS,PASS,PASS,True,True,,,1,1,0,0,0,0,0,True,True,10896,3997,14893,51091.765,51425.0,0.034878,True,RUN-I2-032-20260831T143400112225Z,/Users/sadisfaction570/Desktop/Journal 1/NLTL_v2/MVP/SHACL_GENERATION_PIPELINE/experiments/LUNA_CONTEXTUAL_SINGLESHOT/RUN_01/runs/RUN-I2-032-20260831T143400112225Z
I2-034,UR I2 Structural Requirements for Polar Class Ships,I2.7.1,Static,DIRECT_STATIC,SINGLESHOT_CAPTURED_DIAGNOSTIC_FAIL,False,OTHER_DETERMINISTIC_FAILURE,PASS,PASS,PASS,PASS,True,True,COMPLETE dependency relationship(s) absent from candidate: frameProfileType,,1,1,0,0,0,0,0,True,True,11553,3453,15006,57363.625,57435.0,0.032271,True,RUN-I2-034-20260831T143452310751Z,/Users/sadisfaction570/Desktop/Journal 1/NLTL_v2/MVP/SHACL_GENERATION_PIPELINE/experiments/LUNA_CONTEXTUAL_SINGLESHOT/RUN_01/runs/RUN-I2-034-20260831T143452310751Z
I2-035,UR I2 Structural Requirements for Polar Class Ships,I2.7.2,Static Calculation,DIRECT_CALCULATION,SINGLESHOT_CAPTURED_DIAGNOSTIC_PASS,True,NONE,PASS,PASS,PASS,PASS,True,True,,,1,1,0,0,0,0,0,True,True,10691,1764,12455,22584.711,22810.0,0.021275,True,RUN-I2-035-20260831T143550521852Z,/Users/sadisfaction570/Desktop/Journal 1/NLTL_v2/MVP/SHACL_GENERATION_PIPELINE/experiments/LUNA_CONTEXTUAL_SINGLESHOT/RUN_01/runs/RUN-I2-035-20260831T143550521852Z
I2-037,UR I2 Structural Requirements for Polar Class Ships,I2.8.1,Static,DIRECT_STATIC,SINGLESHOT_CAPTURED_DIAGNOSTIC_FAIL,False,VOCABULARY_DIAGNOSTIC_FAILURE,PASS,PASS,PASS,FAIL,True,True,"Unknown canonical benchmark IRI(s): https://w3id.org/nltl/vocab#I2_037_DesignCaseShape, https://w3id.org/nltl/vocab#I2_037_LoadCaseShape, https://w3id.org/nltl/vocab#I2_037_ShipShape, https://w3id.org/nltl/vocab#I2_037_StructuralMemberShape",,1,1,0,0,0,0,0,True,True,11353,1767,13120,26367.475,26480.0,0.021955,True,RUN-I2-037-20260831T143614100468Z,/Users/sadisfaction570/Desktop/Journal 1/NLTL_v2/MVP/SHACL_GENERATION_PIPELINE/experiments/LUNA_CONTEXTUAL_SINGLESHOT/RUN_01/runs/RUN-I2-037-20260831T143614100468Z
I2-040,UR I2 Structural Requirements for Polar Class Ships,I2.9.1,Complex,COMPLEX_READINESS,SINGLESHOT_CAPTURED_DIAGNOSTIC_PASS,True,NONE,PASS,PASS,PASS,PASS,True,True,,,1,1,0,0,0,0,0,True,True,10710,1727,12437,25436.523,25568.0,0.021072,True,RUN-I2-040-20260831T143641360507Z,/Users/sadisfaction570/Desktop/Journal 1/NLTL_v2/MVP/SHACL_GENERATION_PIPELINE/experiments/LUNA_CONTEXTUAL_SINGLESHOT/RUN_01/runs/RUN-I2-040-20260831T143641360507Z
I2-041,UR I2 Structural Requirements for Polar Class Ships,I2.9.3,Complex,COMPLEX_READINESS,SINGLESHOT_CAPTURED_DIAGNOSTIC_PASS,True,NONE,PASS,PASS,PASS,PASS,True,True,,,1,1,0,0,0,0,0,True,True,8844,1126,9970,17547.052,17667.0,0.0156,True,RUN-I2-041-20260831T143707699510Z,/Users/sadisfaction570/Desktop/Journal 1/NLTL_v2/MVP/SHACL_GENERATION_PIPELINE/experiments/LUNA_CONTEXTUAL_SINGLESHOT/RUN_01/runs/RUN-I2-041-20260831T143707699510Z
I2-042,UR I2 Structural Requirements for Polar Class Ships,I2.9.4,Static Calculation,DIRECT_CALCULATION,SINGLESHOT_CAPTURED_DIAGNOSTIC_PASS,True,NONE,PASS,PASS,PASS,PASS,True,True,,,1,1,0,0,0,0,0,True,True,7607,1147,8754,15173.764,15272.0,0.014489,True,RUN-I2-042-20260831T143726135897Z,/Users/sadisfaction570/Desktop/Journal 1/NLTL_v2/MVP/SHACL_GENERATION_PIPELINE/experiments/LUNA_CONTEXTUAL_SINGLESHOT/RUN_01/runs/RUN-I2-042-20260831T143726135897Z
I2-043,UR I2 Structural Requirements for Polar Class Ships,I2.9.4,Complex,COMPLEX_READINESS,SINGLESHOT_CAPTURED_DIAGNOSTIC_PASS,True,NONE,PASS,PASS,PASS,PASS,True,True,,,1,1,0,0,0,0,0,True,True,8214,1071,9285,13057.3,13175.0,0.01464,True,RUN-I2-043-20260831T143742176920Z,/Users/sadisfaction570/Desktop/Journal 1/NLTL_v2/MVP/SHACL_GENERATION_PIPELINE/experiments/LUNA_CONTEXTUAL_SINGLESHOT/RUN_01/runs/RUN-I2-043-20260831T143742176920Z
I2-046,UR I2 Structural Requirements for Polar Class Ships,I2.11.3,Static Calculation,DIRECT_CALCULATION,SINGLESHOT_CAPTURED_DIAGNOSTIC_FAIL,False,TURTLE_PARSE_FAILURE,PASS,FAIL,NOT_RUN,FAIL,False,False,"Turtle parse error: at line 33 of <>:
Bad syntax (expected item in list or ')') at ^ in:
""...b'sPc6\n                    nltl:polarClassPc7\n                '^b']\n            ]\n        ]\n        [\n            sh:property '...""",,1,1,0,0,0,0,0,True,True,10799,1557,12356,19605.687,19615.0,0.020141,True,RUN-I2-046-20260831T143756121558Z,/Users/sadisfaction570/Desktop/Journal 1/NLTL_v2/MVP/SHACL_GENERATION_PIPELINE/experiments/LUNA_CONTEXTUAL_SINGLESHOT/RUN_01/runs/RUN-I2-046-20260831T143756121558Z
I2-047,UR I2 Structural Requirements for Polar Class Ships,I2.11.4,Static Calculation,DIRECT_CALCULATION,SINGLESHOT_CAPTURED_DIAGNOSTIC_PASS,True,NONE,PASS,PASS,PASS,PASS,True,True,,,1,1,0,0,0,0,0,True,True,7583,1653,9236,20573.173,20681.0,0.017501,True,RUN-I2-047-20260831T143816530828Z,/Users/sadisfaction570/Desktop/Journal 1/NLTL_v2/MVP/SHACL_GENERATION_PIPELINE/experiments/LUNA_CONTEXTUAL_SINGLESHOT/RUN_01/runs/RUN-I2-047-20260831T143816530828Z
I2-048,UR I2 Structural Requirements for Polar Class Ships,I2.12.1,Static,DIRECT_STATIC,SINGLESHOT_CAPTURED_DIAGNOSTIC_PASS,True,NONE,PASS,PASS,PASS,PASS,True,True,,,1,1,0,0,0,0,0,True,True,28533,5502,34035,47231.738,47530.0,0.061545,True,RUN-I2-048-20260831T143837982009Z,/Users/sadisfaction570/Desktop/Journal 1/NLTL_v2/MVP/SHACL_GENERATION_PIPELINE/experiments/LUNA_CONTEXTUAL_SINGLESHOT/RUN_01/runs/RUN-I2-048-20260831T143837982009Z
I2-050,UR I2 Structural Requirements for Polar Class Ships,I2.13.2.1,Complex,COMPLEX_READINESS,SINGLESHOT_CAPTURED_DIAGNOSTIC_PASS,True,NONE,PASS,PASS,PASS,PASS,True,True,,,1,1,0,0,0,0,0,True,True,10113,2129,12242,16336.912,16624.0,0.022887,True,RUN-I2-050-20260831T143926300782Z,/Users/sadisfaction570/Desktop/Journal 1/NLTL_v2/MVP/SHACL_GENERATION_PIPELINE/experiments/LUNA_CONTEXTUAL_SINGLESHOT/RUN_01/runs/RUN-I2-050-20260831T143926300782Z
I2-051,UR I2 Structural Requirements for Polar Class Ships,I2.13.3.1,Static Calculation,DIRECT_CALCULATION,SINGLESHOT_CAPTURED_DIAGNOSTIC_PASS,True,NONE,PASS,PASS,PASS,PASS,True,True,,,1,1,0,0,0,0,0,True,True,9384,3533,12917,49323.035,49548.0,0.030582,True,RUN-I2-051-20260831T143943696842Z,/Users/sadisfaction570/Desktop/Journal 1/NLTL_v2/MVP/SHACL_GENERATION_PIPELINE/experiments/LUNA_CONTEXTUAL_SINGLESHOT/RUN_01/runs/RUN-I2-051-20260831T143943696842Z
I2-052,UR I2 Structural Requirements for Polar Class Ships,I2.13.3.1,Complex,COMPLEX_READINESS,SINGLESHOT_CAPTURED_DIAGNOSTIC_PASS,True,NONE,PASS,PASS,PASS,PASS,True,True,,,1,2,1,0,0,0,0,True,True,10508,2526,13034,298862.643,299024.0,0.025664,True,RUN-I2-052-20260831T144034017752Z,/Users/sadisfaction570/Desktop/Journal 1/NLTL_v2/MVP/SHACL_GENERATION_PIPELINE/experiments/LUNA_CONTEXTUAL_SINGLESHOT/RUN_01/runs/RUN-I2-052-20260831T144034017752Z
I2-054,UR I2 Structural Requirements for Polar Class Ships,I2.13.4.1,Complex,COMPLEX_READINESS,SINGLESHOT_CAPTURED_DIAGNOSTIC_PASS,True,NONE,PASS,PASS,PASS,PASS,True,True,,,1,1,0,0,0,0,0,True,True,12016,1912,13928,29918.615,30171.0,0.023488,True,RUN-I2-054-20260831T144533843680Z,/Users/sadisfaction570/Desktop/Journal 1/NLTL_v2/MVP/SHACL_GENERATION_PIPELINE/experiments/LUNA_CONTEXTUAL_SINGLESHOT/RUN_01/runs/RUN-I2-054-20260831T144533843680Z
I2-055,UR I2 Structural Requirements for Polar Class Ships,I2.13.5.1,Static,DIRECT_STATIC,SINGLESHOT_CAPTURED_DIAGNOSTIC_PASS,True,NONE,PASS,PASS,PASS,PASS,True,True,,,1,1,0,0,0,0,0,True,True,5866,1132,6998,21883.987,21985.0,0.012658,True,RUN-I2-055-20260831T144604841226Z,/Users/sadisfaction570/Desktop/Journal 1/NLTL_v2/MVP/SHACL_GENERATION_PIPELINE/experiments/LUNA_CONTEXTUAL_SINGLESHOT/RUN_01/runs/RUN-I2-055-20260831T144604841226Z
I2-060,UR I2 Structural Requirements for Polar Class Ships,I2.16.2,Static,DIRECT_STATIC,SINGLESHOT_CAPTURED_DIAGNOSTIC_FAIL,False,META_SHACL_FAILURE,PASS,PASS,FAIL,PASS,True,True,SHACL runtime smoke execution error: Unknown namespace prefix : nltl | Embedded SHACL-SPARQL uses prefix nltl: without declaring it inside the query,,1,1,0,0,0,0,0,True,True,7516,2646,10162,57670.256,57776.0,0.023392,True,RUN-I2-060-20260831T144627605983Z,/Users/sadisfaction570/Desktop/Journal 1/NLTL_v2/MVP/SHACL_GENERATION_PIPELINE/experiments/LUNA_CONTEXTUAL_SINGLESHOT/RUN_01/runs/RUN-I2-060-20260831T144627605983Z
I2-061,UR I2 Structural Requirements for Polar Class Ships,I2.17.1,Static,DIRECT_STATIC,SINGLESHOT_CAPTURED_DIAGNOSTIC_PASS,True,NONE,PASS,PASS,PASS,PASS,True,True,,,1,1,0,0,0,0,0,True,True,8917,1811,10728,40186.251,40276.0,0.019783,True,RUN-I2-061-20260831T144726172423Z,/Users/sadisfaction570/Desktop/Journal 1/NLTL_v2/MVP/SHACL_GENERATION_PIPELINE/experiments/LUNA_CONTEXTUAL_SINGLESHOT/RUN_01/runs/RUN-I2-061-20260831T144726172423Z
I2-062,UR I2 Structural Requirements for Polar Class Ships,I2.17.2,Complex,COMPLEX_READINESS,SINGLESHOT_CAPTURED_DIAGNOSTIC_PASS,True,NONE,PASS,PASS,PASS,PASS,True,True,,,1,1,0,0,0,0,0,True,True,8220,2659,10879,54635.175,54705.0,0.024174,True,RUN-I2-062-20260831T144807229585Z,/Users/sadisfaction570/Desktop/Journal 1/NLTL_v2/MVP/SHACL_GENERATION_PIPELINE/experiments/LUNA_CONTEXTUAL_SINGLESHOT/RUN_01/runs/RUN-I2-062-20260831T144807229585Z
I2-064,UR I2 Structural Requirements for Polar Class Ships,I2.17.5,Complex,COMPLEX_READINESS,SINGLESHOT_CAPTURED_DIAGNOSTIC_PASS,True,NONE,PASS,PASS,PASS,PASS,True,True,,,1,1,0,0,0,0,0,True,True,12292,3046,15338,50039.122,50218.0,0.030568,True,RUN-I2-064-20260831T144902716858Z,/Users/sadisfaction570/Desktop/Journal 1/NLTL_v2/MVP/SHACL_GENERATION_PIPELINE/experiments/LUNA_CONTEXTUAL_SINGLESHOT/RUN_01/runs/RUN-I2-064-20260831T144902716858Z
I2-065,UR I2 Structural Requirements for Polar Class Ships,I2.17.6,Complex,COMPLEX_READINESS,SINGLESHOT_CAPTURED_DIAGNOSTIC_PASS,True,NONE,PASS,PASS,PASS,PASS,True,True,,,1,1,0,0,0,0,0,True,True,12215,3395,15610,64394.562,64596.99999999999,0.032585,True,RUN-I2-065-20260831T144953713368Z,/Users/sadisfaction570/Desktop/Journal 1/NLTL_v2/MVP/SHACL_GENERATION_PIPELINE/experiments/LUNA_CONTEXTUAL_SINGLESHOT/RUN_01/runs/RUN-I2-065-20260831T144953713368Z
I2-066,UR I2 Structural Requirements for Polar Class Ships,I2.18.1,Static,DIRECT_STATIC,SINGLESHOT_CAPTURED_DIAGNOSTIC_PASS,True,NONE,PASS,PASS,PASS,PASS,True,True,,,1,1,0,0,0,0,0,True,True,6993,880,7873,15584.26,15674.0,0.012273,True,RUN-I2-066-20260831T145059092237Z,/Users/sadisfaction570/Desktop/Journal 1/NLTL_v2/MVP/SHACL_GENERATION_PIPELINE/experiments/LUNA_CONTEXTUAL_SINGLESHOT/RUN_01/runs/RUN-I2-066-20260831T145059092237Z
I2-067,UR I2 Structural Requirements for Polar Class Ships,I2.18.2,Static,DIRECT_STATIC,SINGLESHOT_CAPTURED_DIAGNOSTIC_PASS,True,NONE,PASS,PASS,PASS,PASS,True,True,,,1,1,0,0,0,0,0,True,True,5357,1023,6380,19460.504,19510.0,0.011495,True,RUN-I2-067-20260831T145115595446Z,/Users/sadisfaction570/Desktop/Journal 1/NLTL_v2/MVP/SHACL_GENERATION_PIPELINE/experiments/LUNA_CONTEXTUAL_SINGLESHOT/RUN_01/runs/RUN-I2-067-20260831T145115595446Z
IMO-001,International Code for Ships Operating in Polar Waters (Polar Code),2.1,Static,DIRECT_STATIC,SINGLESHOT_CAPTURED_DIAGNOSTIC_PASS,True,NONE,PASS,PASS,PASS,PASS,True,True,,,1,1,0,0,0,0,0,True,True,8765,2685,11450,56368.83,56411.0,0.024875,True,RUN-IMO-001-20260831T145135916321Z,/Users/sadisfaction570/Desktop/Journal 1/NLTL_v2/MVP/SHACL_GENERATION_PIPELINE/experiments/LUNA_CONTEXTUAL_SINGLESHOT/RUN_01/runs/RUN-IMO-001-20260831T145135916321Z
IMO-002,International Code for Ships Operating in Polar Waters (Polar Code),2.2,Static,DIRECT_STATIC,SINGLESHOT_CAPTURED_DIAGNOSTIC_PASS,True,NONE,PASS,PASS,PASS,PASS,True,True,,,1,1,0,0,0,0,0,True,True,8616,2259,10875,48948.676,49003.0,0.02217,True,RUN-IMO-002-20260831T145233117282Z,/Users/sadisfaction570/Desktop/Journal 1/NLTL_v2/MVP/SHACL_GENERATION_PIPELINE/experiments/LUNA_CONTEXTUAL_SINGLESHOT/RUN_01/runs/RUN-IMO-002-20260831T145233117282Z
IMO-003,International Code for Ships Operating in Polar Waters (Polar Code),2.3,Static,DIRECT_STATIC,SINGLESHOT_CAPTURED_DIAGNOSTIC_PASS,True,NONE,PASS,PASS,PASS,PASS,True,True,,,1,1,0,0,0,0,0,True,True,8874,1233,10107,25986.861,26079.0,0.016272,True,RUN-IMO-003-20260831T145322906890Z,/Users/sadisfaction570/Desktop/Journal 1/NLTL_v2/MVP/SHACL_GENERATION_PIPELINE/experiments/LUNA_CONTEXTUAL_SINGLESHOT/RUN_01/runs/RUN-IMO-003-20260831T145322906890Z
IMO-004,International Code for Ships Operating in Polar Waters (Polar Code),2.4,Static,DIRECT_STATIC,SINGLESHOT_CAPTURED_DIAGNOSTIC_PASS,True,NONE,PASS,PASS,PASS,PASS,True,True,,,1,1,0,0,0,0,0,True,True,8384,3365,11749,69668.591,69756.0,0.028574,True,RUN-IMO-004-20260831T145349778321Z,/Users/sadisfaction570/Desktop/Journal 1/NLTL_v2/MVP/SHACL_GENERATION_PIPELINE/experiments/LUNA_CONTEXTUAL_SINGLESHOT/RUN_01/runs/RUN-IMO-004-20260831T145349778321Z
IMO-005,International Code for Ships Operating in Polar Waters (Polar Code),2.5,Static,DIRECT_STATIC,SINGLESHOT_CAPTURED_DIAGNOSTIC_PASS,True,NONE,PASS,PASS,PASS,PASS,True,True,,,1,1,0,0,0,0,0,True,True,5059,1164,6223,24215.811,24254.0,0.012043,True,RUN-IMO-005-20260831T145500323108Z,/Users/sadisfaction570/Desktop/Journal 1/NLTL_v2/MVP/SHACL_GENERATION_PIPELINE/experiments/LUNA_CONTEXTUAL_SINGLESHOT/RUN_01/runs/RUN-IMO-005-20260831T145500323108Z
IMO-006,International Code for Ships Operating in Polar Waters (Polar Code),2.8,Static,DIRECT_STATIC,SINGLESHOT_CAPTURED_DIAGNOSTIC_PASS,True,NONE,PASS,PASS,PASS,PASS,True,True,,,1,1,0,0,0,0,0,True,True,6945,1605,8550,33832.351,33918.0,0.016575,True,RUN-IMO-006-20260831T145525412280Z,/Users/sadisfaction570/Desktop/Journal 1/NLTL_v2/MVP/SHACL_GENERATION_PIPELINE/experiments/LUNA_CONTEXTUAL_SINGLESHOT/RUN_01/runs/RUN-IMO-006-20260831T145525412280Z
IMO-007,International Code for Ships Operating in Polar Waters (Polar Code),2.10,Static,DIRECT_STATIC,SINGLESHOT_CAPTURED_DIAGNOSTIC_PASS,True,NONE,PASS,PASS,PASS,PASS,True,True,,,1,1,0,0,0,0,0,True,True,7755,1833,9588,35320.723,35424.0,0.018753,True,RUN-IMO-007-20260831T145600110644Z,/Users/sadisfaction570/Desktop/Journal 1/NLTL_v2/MVP/SHACL_GENERATION_PIPELINE/experiments/LUNA_CONTEXTUAL_SINGLESHOT/RUN_01/runs/RUN-IMO-007-20260831T145600110644Z
IMO-008,International Code for Ships Operating in Polar Waters (Polar Code),2.15,Static,DIRECT_STATIC,SINGLESHOT_CAPTURED_DIAGNOSTIC_PASS,True,NONE,PASS,PASS,PASS,PASS,True,True,,,1,1,0,0,0,0,0,True,True,6945,2914,9859,60916.904,60979.0,0.024429,True,RUN-IMO-008-20260831T145636331099Z,/Users/sadisfaction570/Desktop/Journal 1/NLTL_v2/MVP/SHACL_GENERATION_PIPELINE/experiments/LUNA_CONTEXTUAL_SINGLESHOT/RUN_01/runs/RUN-IMO-008-20260831T145636331099Z
IMO-009,International Code for Ships Operating in Polar Waters (Polar Code),1.2.1,Static,DIRECT_STATIC,SINGLESHOT_CAPTURED_DIAGNOSTIC_PASS,True,NONE,PASS,PASS,PASS,PASS,True,True,,,1,1,0,0,0,0,0,True,True,5881,2129,8010,102289.169,102430.0,0.018655,True,RUN-IMO-009-20260831T145738092135Z,/Users/sadisfaction570/Desktop/Journal 1/NLTL_v2/MVP/SHACL_GENERATION_PIPELINE/experiments/LUNA_CONTEXTUAL_SINGLESHOT/RUN_01/runs/RUN-IMO-009-20260831T145738092135Z
IMO-010,International Code for Ships Operating in Polar Waters (Polar Code),1.2.7,Static,DIRECT_STATIC,SINGLESHOT_CAPTURED_DIAGNOSTIC_PASS,True,NONE,PASS,PASS,PASS,PASS,True,True,,,1,1,0,0,0,0,0,True,True,5558,427,5985,8003.915,8064.0,0.00812,True,RUN-IMO-010-20260831T145921302603Z,/Users/sadisfaction570/Desktop/Journal 1/NLTL_v2/MVP/SHACL_GENERATION_PIPELINE/experiments/LUNA_CONTEXTUAL_SINGLESHOT/RUN_01/runs/RUN-IMO-010-20260831T145921302603Z
IMO-011,International Code for Ships Operating in Polar Waters (Polar Code),1.2.9,Complex,COMPLEX_READINESS,SINGLESHOT_CAPTURED_DIAGNOSTIC_PASS,True,NONE,PASS,PASS,PASS,PASS,True,True,,,1,1,0,0,0,0,0,True,True,9485,1392,10877,21636.858,21819.0,0.017837,True,RUN-IMO-011-20260831T145930165942Z,/Users/sadisfaction570/Desktop/Journal 1/NLTL_v2/MVP/SHACL_GENERATION_PIPELINE/experiments/LUNA_CONTEXTUAL_SINGLESHOT/RUN_01/runs/RUN-IMO-011-20260831T145930165942Z
IMO-012,International Code for Ships Operating in Polar Waters (Polar Code),1.2.11,Static Calculation,DIRECT_CALCULATION,SINGLESHOT_CAPTURED_DIAGNOSTIC_PASS,True,NONE,PASS,PASS,PASS,PASS,True,True,,,1,1,0,0,0,0,0,True,True,5943,927,6870,15658.824,15757.0,0.011505,True,RUN-IMO-012-20260831T145952760791Z,/Users/sadisfaction570/Desktop/Journal 1/NLTL_v2/MVP/SHACL_GENERATION_PIPELINE/experiments/LUNA_CONTEXTUAL_SINGLESHOT/RUN_01/runs/RUN-IMO-012-20260831T145952760791Z
IMO-013,International Code for Ships Operating in Polar Waters (Polar Code),1.2.12,Static,DIRECT_STATIC,SINGLESHOT_CAPTURED_DIAGNOSTIC_PASS,True,NONE,PASS,PASS,PASS,PASS,True,True,,,1,1,0,0,0,0,0,True,True,6162,1046,7208,16917.82,17020.0,0.012438,True,RUN-IMO-013-20260831T150009306566Z,/Users/sadisfaction570/Desktop/Journal 1/NLTL_v2/MVP/SHACL_GENERATION_PIPELINE/experiments/LUNA_CONTEXTUAL_SINGLESHOT/RUN_01/runs/RUN-IMO-013-20260831T150009306566Z
IMO-014,International Code for Ships Operating in Polar Waters (Polar Code),1.3.1,Static,DIRECT_STATIC,SINGLESHOT_CAPTURED_DIAGNOSTIC_PASS,True,NONE,PASS,PASS,PASS,PASS,True,True,,,1,1,0,0,0,0,0,True,True,5330,846,6176,17136.223,17215.0,0.010406,True,RUN-IMO-014-20260831T150027105442Z,/Users/sadisfaction570/Desktop/Journal 1/NLTL_v2/MVP/SHACL_GENERATION_PIPELINE/experiments/LUNA_CONTEXTUAL_SINGLESHOT/RUN_01/runs/RUN-IMO-014-20260831T150027105442Z
IMO-016,International Code for Ships Operating in Polar Waters (Polar Code),1.3.5,Static,DIRECT_STATIC,SINGLESHOT_CAPTURED_DIAGNOSTIC_PASS,True,NONE,PASS,PASS,PASS,PASS,True,True,,,1,1,0,0,0,0,0,True,True,6751,1504,8255,29541.728,29655.0,0.015775,True,RUN-IMO-016-20260831T150045105832Z,/Users/sadisfaction570/Desktop/Journal 1/NLTL_v2/MVP/SHACL_GENERATION_PIPELINE/experiments/LUNA_CONTEXTUAL_SINGLESHOT/RUN_01/runs/RUN-IMO-016-20260831T150045105832Z
IMO-017,International Code for Ships Operating in Polar Waters (Polar Code),1.3.6,Static,DIRECT_STATIC,SINGLESHOT_CAPTURED_DIAGNOSTIC_PASS,True,NONE,PASS,PASS,PASS,PASS,True,True,,,1,1,0,0,0,0,0,True,True,10986,2714,13700,54912.751,55060.0,0.02727,True,RUN-IMO-017-20260831T150115542248Z,/Users/sadisfaction570/Desktop/Journal 1/NLTL_v2/MVP/SHACL_GENERATION_PIPELINE/experiments/LUNA_CONTEXTUAL_SINGLESHOT/RUN_01/runs/RUN-IMO-017-20260831T150115542248Z
IMO-018,International Code for Ships Operating in Polar Waters (Polar Code),1.3.7,Static,DIRECT_STATIC,SINGLESHOT_CAPTURED_DIAGNOSTIC_PASS,True,NONE,PASS,PASS,PASS,PASS,True,True,,,1,1,0,0,0,0,0,True,True,5928,835,6763,16069.04,16157.0,0.010938,True,RUN-IMO-018-20260831T150211387732Z,/Users/sadisfaction570/Desktop/Journal 1/NLTL_v2/MVP/SHACL_GENERATION_PIPELINE/experiments/LUNA_CONTEXTUAL_SINGLESHOT/RUN_01/runs/RUN-IMO-018-20260831T150211387732Z
IMO-019,International Code for Ships Operating in Polar Waters (Polar Code),1.4.2,Static Calculation,DIRECT_CALCULATION,SINGLESHOT_CAPTURED_DIAGNOSTIC_PASS,True,NONE,PASS,PASS,PASS,PASS,True,True,,,1,1,0,0,0,0,0,True,True,7471,1901,9372,33837.036,33973.0,0.018877,True,RUN-IMO-019-20260831T150228331579Z,/Users/sadisfaction570/Desktop/Journal 1/NLTL_v2/MVP/SHACL_GENERATION_PIPELINE/experiments/LUNA_CONTEXTUAL_SINGLESHOT/RUN_01/runs/RUN-IMO-019-20260831T150228331579Z
IMO-021,International Code for Ships Operating in Polar Waters (Polar Code),1.5,Static,DIRECT_STATIC,SINGLESHOT_CAPTURED_DIAGNOSTIC_PASS,True,NONE,PASS,PASS,PASS,PASS,True,True,,,1,1,0,0,0,0,0,True,True,6813,1179,7992,19320.019,19430.0,0.013887,True,RUN-IMO-021-20260831T150303098621Z,/Users/sadisfaction570/Desktop/Journal 1/NLTL_v2/MVP/SHACL_GENERATION_PIPELINE/experiments/LUNA_CONTEXTUAL_SINGLESHOT/RUN_01/runs/RUN-IMO-021-20260831T150303098621Z
IMO-022,International Code for Ships Operating in Polar Waters (Polar Code),2.2.2,Static,DIRECT_STATIC,SINGLESHOT_CAPTURED_DIAGNOSTIC_PASS,True,NONE,PASS,PASS,PASS,PASS,True,True,,,1,1,0,0,0,0,0,True,True,5611,593,6204,9375.35,9441.0,0.009169,True,RUN-IMO-022-20260831T150323310723Z,/Users/sadisfaction570/Desktop/Journal 1/NLTL_v2/MVP/SHACL_GENERATION_PIPELINE/experiments/LUNA_CONTEXTUAL_SINGLESHOT/RUN_01/runs/RUN-IMO-022-20260831T150323310723Z
IMO-023,International Code for Ships Operating in Polar Waters (Polar Code),2.2.3,Static,DIRECT_STATIC,SINGLESHOT_CAPTURED_DIAGNOSTIC_PASS,True,NONE,PASS,PASS,PASS,PASS,True,True,,,1,1,0,0,0,0,0,True,True,5083,368,5451,7931.443,7980.0,0.007291,True,RUN-IMO-023-20260831T150333543618Z,/Users/sadisfaction570/Desktop/Journal 1/NLTL_v2/MVP/SHACL_GENERATION_PIPELINE/experiments/LUNA_CONTEXTUAL_SINGLESHOT/RUN_01/runs/RUN-IMO-023-20260831T150333543618Z
IMO-024,International Code for Ships Operating in Polar Waters (Polar Code),2.2.4,Static,DIRECT_STATIC,SINGLESHOT_CAPTURED_DIAGNOSTIC_PASS,True,NONE,PASS,PASS,PASS,PASS,True,True,,,1,1,0,0,0,0,0,True,True,4725,270,4995,7380.286,7419.0,0.006345,True,RUN-IMO-024-20260831T150342306239Z,/Users/sadisfaction570/Desktop/Journal 1/NLTL_v2/MVP/SHACL_GENERATION_PIPELINE/experiments/LUNA_CONTEXTUAL_SINGLESHOT/RUN_01/runs/RUN-IMO-024-20260831T150342306239Z
IMO-025,International Code for Ships Operating in Polar Waters (Polar Code),2.3.1,Static,DIRECT_STATIC,SINGLESHOT_CAPTURED_DIAGNOSTIC_PASS,True,NONE,PASS,PASS,PASS,PASS,True,True,,,1,1,0,0,0,0,0,True,True,4731,275,5006,6998.837,7039.0,0.006381,True,RUN-IMO-025-20260831T150350511714Z,/Users/sadisfaction570/Desktop/Journal 1/NLTL_v2/MVP/SHACL_GENERATION_PIPELINE/experiments/LUNA_CONTEXTUAL_SINGLESHOT/RUN_01/runs/RUN-IMO-025-20260831T150350511714Z
IMO-026,International Code for Ships Operating in Polar Waters (Polar Code),2.3.2,Static,DIRECT_STATIC,SINGLESHOT_CAPTURED_DIAGNOSTIC_PASS,True,NONE,PASS,PASS,PASS,PASS,True,True,,,1,1,0,0,0,0,0,True,True,5129,721,5850,13775.105,13855.0,0.009455,True,RUN-IMO-026-20260831T150358335145Z,/Users/sadisfaction570/Desktop/Journal 1/NLTL_v2/MVP/SHACL_GENERATION_PIPELINE/experiments/LUNA_CONTEXTUAL_SINGLESHOT/RUN_01/runs/RUN-IMO-026-20260831T150358335145Z
IMO-027,International Code for Ships Operating in Polar Waters (Polar Code),2.3.3,Static,DIRECT_STATIC,SINGLESHOT_CAPTURED_DIAGNOSTIC_PASS,True,NONE,PASS,PASS,PASS,PASS,True,True,,,1,1,0,0,0,0,0,True,True,6509,988,7497,19824.161,19909.0,0.012437,True,RUN-IMO-027-20260831T150412971319Z,/Users/sadisfaction570/Desktop/Journal 1/NLTL_v2/MVP/SHACL_GENERATION_PIPELINE/experiments/LUNA_CONTEXTUAL_SINGLESHOT/RUN_01/runs/RUN-IMO-027-20260831T150412971319Z
IMO-028,International Code for Ships Operating in Polar Waters (Polar Code),2.3.4,Static,DIRECT_STATIC,SINGLESHOT_CAPTURED_DIAGNOSTIC_PASS,True,NONE,PASS,PASS,PASS,PASS,True,True,,,1,1,0,0,0,0,0,True,True,6099,1428,7527,31094.464,31182.0,0.014667,True,RUN-IMO-028-20260831T150433657998Z,/Users/sadisfaction570/Desktop/Journal 1/NLTL_v2/MVP/SHACL_GENERATION_PIPELINE/experiments/LUNA_CONTEXTUAL_SINGLESHOT/RUN_01/runs/RUN-IMO-028-20260831T150433657998Z
IMO-029,International Code for Ships Operating in Polar Waters (Polar Code),2.3.5,Static,DIRECT_STATIC,SINGLESHOT_CAPTURED_DIAGNOSTIC_PASS,True,NONE,PASS,PASS,PASS,PASS,True,True,,,1,1,0,0,0,0,0,True,True,4764,283,5047,6916.612,6955.0,0.006462,True,RUN-IMO-029-20260831T150505614576Z,/Users/sadisfaction570/Desktop/Journal 1/NLTL_v2/MVP/SHACL_GENERATION_PIPELINE/experiments/LUNA_CONTEXTUAL_SINGLESHOT/RUN_01/runs/RUN-IMO-029-20260831T150505614576Z
IMO-030,International Code for Ships Operating in Polar Waters (Polar Code),2.3.6,Static,DIRECT_STATIC,SINGLESHOT_CAPTURED_DIAGNOSTIC_PASS,True,NONE,PASS,PASS,PASS,PASS,True,True,,,1,1,0,0,0,0,0,True,True,6119,874,6993,14883.689,14981.0,0.011363,True,RUN-IMO-030-20260831T150513357209Z,/Users/sadisfaction570/Desktop/Journal 1/NLTL_v2/MVP/SHACL_GENERATION_PIPELINE/experiments/LUNA_CONTEXTUAL_SINGLESHOT/RUN_01/runs/RUN-IMO-030-20260831T150513357209Z
IMO-031,International Code for Ships Operating in Polar Waters (Polar Code),3.3.1,Static,DIRECT_STATIC,SINGLESHOT_CAPTURED_DIAGNOSTIC_PASS,True,NONE,PASS,PASS,PASS,PASS,True,True,,,1,1,0,0,0,0,0,True,True,9244,1539,10783,27260.423,27362.0,0.018478,True,RUN-IMO-031-20260831T150529112321Z,/Users/sadisfaction570/Desktop/Journal 1/NLTL_v2/MVP/SHACL_GENERATION_PIPELINE/experiments/LUNA_CONTEXTUAL_SINGLESHOT/RUN_01/runs/RUN-IMO-031-20260831T150529112321Z
IMO-032,International Code for Ships Operating in Polar Waters (Polar Code),3.3.2.1-.3,Static,DIRECT_STATIC,SINGLESHOT_CAPTURED_DIAGNOSTIC_PASS,True,NONE,PASS,PASS,PASS,PASS,True,True,,,1,1,0,0,0,0,0,True,True,12072,2108,14180,33806.486,34005.0,0.02472,True,RUN-IMO-032-20260831T150557261715Z,/Users/sadisfaction570/Desktop/Journal 1/NLTL_v2/MVP/SHACL_GENERATION_PIPELINE/experiments/LUNA_CONTEXTUAL_SINGLESHOT/RUN_01/runs/RUN-IMO-032-20260831T150557261715Z
IMO-033,International Code for Ships Operating in Polar Waters (Polar Code),4.3.1.1,Static Calculation,DIRECT_CALCULATION,SINGLESHOT_CAPTURED_DIAGNOSTIC_PASS,True,NONE,PASS,PASS,PASS,PASS,True,True,,,1,1,0,0,0,0,0,True,True,8353,2518,10871,41809.271,42035.0,0.023461,True,RUN-IMO-033-20260831T150632060820Z,/Users/sadisfaction570/Desktop/Journal 1/NLTL_v2/MVP/SHACL_GENERATION_PIPELINE/experiments/LUNA_CONTEXTUAL_SINGLESHOT/RUN_01/runs/RUN-IMO-033-20260831T150632060820Z
IMO-034,International Code for Ships Operating in Polar Waters (Polar Code),4.3.1.2,Static,DIRECT_STATIC,SINGLESHOT_CAPTURED_DIAGNOSTIC_PASS,True,NONE,PASS,PASS,PASS,PASS,True,True,,,1,1,0,0,0,0,0,True,True,6039,1299,7338,24906.914,24995.0,0.013833,True,RUN-IMO-034-20260831T150714874708Z,/Users/sadisfaction570/Desktop/Journal 1/NLTL_v2/MVP/SHACL_GENERATION_PIPELINE/experiments/LUNA_CONTEXTUAL_SINGLESHOT/RUN_01/runs/RUN-IMO-034-20260831T150714874708Z
IMO-035,International Code for Ships Operating in Polar Waters (Polar Code),4.3.1.3,Static,DIRECT_STATIC,SINGLESHOT_CAPTURED_DIAGNOSTIC_FAIL,False,VOCABULARY_DIAGNOSTIC_FAILURE,PASS,PASS,PASS,FAIL,True,True,Unknown canonical benchmark IRI(s): https://w3id.org/nltl/vocab#IMO_035_ShipShape,,1,1,0,0,0,0,0,True,True,6324,957,7281,18582.824,18660.0,0.012066,True,RUN-IMO-035-20260831T150740653284Z,/Users/sadisfaction570/Desktop/Journal 1/NLTL_v2/MVP/SHACL_GENERATION_PIPELINE/experiments/LUNA_CONTEXTUAL_SINGLESHOT/RUN_01/runs/RUN-IMO-035-20260831T150740653284Z
IMO-037,International Code for Ships Operating in Polar Waters (Polar Code),4.3.2.1,Complex,COMPLEX_READINESS,SINGLESHOT_CAPTURED_DIAGNOSTIC_PASS,True,NONE,PASS,PASS,PASS,PASS,True,True,,,1,1,0,0,0,0,0,True,True,11080,3185,14265,62633.844,62747.0,0.03019,True,RUN-IMO-037-20260831T150800091015Z,/Users/sadisfaction570/Desktop/Journal 1/NLTL_v2/MVP/SHACL_GENERATION_PIPELINE/experiments/LUNA_CONTEXTUAL_SINGLESHOT/RUN_01/runs/RUN-IMO-037-20260831T150800091015Z
IMO-038,International Code for Ships Operating in Polar Waters (Polar Code),4.3.2.2,Static Calculation,DIRECT_CALCULATION,SINGLESHOT_CAPTURED_DIAGNOSTIC_PASS,True,NONE,PASS,PASS,PASS,PASS,True,True,,,1,1,0,0,0,0,0,True,True,8040,2628,10668,35048.795,35283.0,0.023808,True,RUN-IMO-038-20260831T150903621200Z,/Users/sadisfaction570/Desktop/Journal 1/NLTL_v2/MVP/SHACL_GENERATION_PIPELINE/experiments/LUNA_CONTEXTUAL_SINGLESHOT/RUN_01/runs/RUN-IMO-038-20260831T150903621200Z
IMO-040,International Code for Ships Operating in Polar Waters (Polar Code),5.3.1,Static,DIRECT_STATIC,SINGLESHOT_CAPTURED_DIAGNOSTIC_FAIL,False,TURTLE_PARSE_FAILURE,PASS,FAIL,NOT_RUN,FAIL,False,False,"Turtle parse error: at line 46 of <>:
Bad syntax (']' expected) at ^ in:
""...b'                }\n                """"""\n            ]\n        '^b'}\n    ] .\n'""",,1,1,0,0,0,0,0,True,True,7115,2025,9140,38487.113,38495.0,0.019265,True,RUN-IMO-040-20260831T150939705464Z,/Users/sadisfaction570/Desktop/Journal 1/NLTL_v2/MVP/SHACL_GENERATION_PIPELINE/experiments/LUNA_CONTEXTUAL_SINGLESHOT/RUN_01/runs/RUN-IMO-040-20260831T150939705464Z
IMO-041,International Code for Ships Operating in Polar Waters (Polar Code),5.3.2.1,Static,DIRECT_STATIC,SINGLESHOT_CAPTURED_DIAGNOSTIC_PASS,True,NONE,PASS,PASS,PASS,PASS,True,True,,,1,1,0,0,0,0,0,True,True,5126,1571,6697,35385.58,35459.0,0.014552,True,RUN-IMO-041-20260831T151019005646Z,/Users/sadisfaction570/Desktop/Journal 1/NLTL_v2/MVP/SHACL_GENERATION_PIPELINE/experiments/LUNA_CONTEXTUAL_SINGLESHOT/RUN_01/runs/RUN-IMO-041-20260831T151019005646Z
IMO-043,International Code for Ships Operating in Polar Waters (Polar Code),6.3.1.1,Static,DIRECT_STATIC,SINGLESHOT_CAPTURED_DIAGNOSTIC_PASS,True,NONE,PASS,PASS,PASS,PASS,True,True,,,1,1,0,0,0,0,0,True,True,10445,1953,12398,31955.187,32040.0,0.022163,True,RUN-IMO-043-20260831T151055253461Z,/Users/sadisfaction570/Desktop/Journal 1/NLTL_v2/MVP/SHACL_GENERATION_PIPELINE/experiments/LUNA_CONTEXTUAL_SINGLESHOT/RUN_01/runs/RUN-IMO-043-20260831T151055253461Z
IMO-045,International Code for Ships Operating in Polar Waters (Polar Code),6.3.1.3,Static,DIRECT_STATIC,SINGLESHOT_CAPTURED_DIAGNOSTIC_FAIL,False,EXTRACTION_FAILURE,FAIL,NOT_RUN,NOT_RUN,NOT_RUN,False,False,Generator response must contain exactly one BEGIN_SHACL and END_SHACL marker,,1,1,0,0,0,0,0,True,False,7332,1442,8774,26778.949,26786.0,0.015984,True,RUN-IMO-045-20260831T151128078448Z,/Users/sadisfaction570/Desktop/Journal 1/NLTL_v2/MVP/SHACL_GENERATION_PIPELINE/experiments/LUNA_CONTEXTUAL_SINGLESHOT/RUN_01/runs/RUN-IMO-045-20260831T151128078448Z
IMO-047,International Code for Ships Operating in Polar Waters (Polar Code),6.3.2.2,Static,DIRECT_STATIC,SINGLESHOT_CAPTURED_DIAGNOSTIC_PASS,True,NONE,PASS,PASS,PASS,PASS,True,True,,,1,1,0,0,0,0,0,True,True,6897,2442,9339,39567.713,39703.0,0.021549,True,RUN-IMO-047-20260831T151155664552Z,/Users/sadisfaction570/Desktop/Journal 1/NLTL_v2/MVP/SHACL_GENERATION_PIPELINE/experiments/LUNA_CONTEXTUAL_SINGLESHOT/RUN_01/runs/RUN-IMO-047-20260831T151155664552Z
IMO-048,International Code for Ships Operating in Polar Waters (Polar Code),6.3.2.3,Static,DIRECT_STATIC,SINGLESHOT_CAPTURED_DIAGNOSTIC_PASS,True,NONE,PASS,PASS,PASS,PASS,True,True,,,1,1,0,0,0,0,0,True,True,9270,1622,10892,24864.129,24961.0,0.019002,True,RUN-IMO-048-20260831T151236143223Z,/Users/sadisfaction570/Desktop/Journal 1/NLTL_v2/MVP/SHACL_GENERATION_PIPELINE/experiments/LUNA_CONTEXTUAL_SINGLESHOT/RUN_01/runs/RUN-IMO-048-20260831T151236143223Z
IMO-049,International Code for Ships Operating in Polar Waters (Polar Code),6.3.3.1-.3,Static,DIRECT_STATIC,SINGLESHOT_CAPTURED_DIAGNOSTIC_FAIL,False,VOCABULARY_DIAGNOSTIC_FAILURE,PASS,PASS,PASS,FAIL,True,True,"Unknown canonical benchmark IRI(s): https://w3id.org/nltl/vocab#IMO049_ABApprovalRecordShape, https://w3id.org/nltl/vocab#IMO049_ABComponentShape, https://w3id.org/nltl/vocab#IMO049_ApprovalRecordShape, https://w3id.org/nltl/vocab#IMO049_CApprovalRecordShape, https://w3id.org/nltl/vocab#IMO049_CComponentShape, https://w3id.org/nltl/vocab#IMO049_IceConcentrationShape, https://w3id.org/nltl/vocab#IMO049_Shape",,1,1,0,0,0,0,0,True,True,12445,2981,15426,44006.907,44243.0,0.030331,True,RUN-IMO-049-20260831T151301898348Z,/Users/sadisfaction570/Desktop/Journal 1/NLTL_v2/MVP/SHACL_GENERATION_PIPELINE/experiments/LUNA_CONTEXTUAL_SINGLESHOT/RUN_01/runs/RUN-IMO-049-20260831T151301898348Z
IMO-050,International Code for Ships Operating in Polar Waters (Polar Code),7.2.1.1,Static,DIRECT_STATIC,SINGLESHOT_CAPTURED_DIAGNOSTIC_PASS,True,NONE,PASS,PASS,PASS,PASS,True,True,,,1,1,0,0,0,0,0,True,True,5513,804,6317,12415.334,12488.0,0.010337,True,RUN-IMO-050-20260831T151346927666Z,/Users/sadisfaction570/Desktop/Journal 1/NLTL_v2/MVP/SHACL_GENERATION_PIPELINE/experiments/LUNA_CONTEXTUAL_SINGLESHOT/RUN_01/runs/RUN-IMO-050-20260831T151346927666Z
IMO-051,International Code for Ships Operating in Polar Waters (Polar Code),7.2.1.2,Static,DIRECT_STATIC,SINGLESHOT_CAPTURED_DIAGNOSTIC_PASS,True,NONE,PASS,PASS,PASS,PASS,True,True,,,1,1,0,0,0,0,0,True,True,7166,775,7941,15357.062,15418.0,0.011816,True,RUN-IMO-051-20260831T151400199549Z,/Users/sadisfaction570/Desktop/Journal 1/NLTL_v2/MVP/SHACL_GENERATION_PIPELINE/experiments/LUNA_CONTEXTUAL_SINGLESHOT/RUN_01/runs/RUN-IMO-051-20260831T151400199549Z
IMO-052,International Code for Ships Operating in Polar Waters (Polar Code),7.2.1.4,Static,DIRECT_STATIC,SINGLESHOT_CAPTURED_DIAGNOSTIC_PASS,True,NONE,PASS,PASS,PASS,PASS,True,True,,,1,1,0,0,0,0,0,True,True,7160,1247,8407,25254.174,25305.0,0.014642,True,RUN-IMO-052-20260831T151416415019Z,/Users/sadisfaction570/Desktop/Journal 1/NLTL_v2/MVP/SHACL_GENERATION_PIPELINE/experiments/LUNA_CONTEXTUAL_SINGLESHOT/RUN_01/runs/RUN-IMO-052-20260831T151416415019Z
IMO-053,International Code for Ships Operating in Polar Waters (Polar Code),7.2.1.5,Static,DIRECT_STATIC,SINGLESHOT_CAPTURED_DIAGNOSTIC_PASS,True,NONE,PASS,PASS,PASS,PASS,True,True,,,1,1,0,0,0,0,0,True,True,6208,716,6924,14839.115,14889.0,0.010504,True,RUN-IMO-053-20260831T151442505302Z,/Users/sadisfaction570/Desktop/Journal 1/NLTL_v2/MVP/SHACL_GENERATION_PIPELINE/experiments/LUNA_CONTEXTUAL_SINGLESHOT/RUN_01/runs/RUN-IMO-053-20260831T151442505302Z
IMO-055,International Code for Ships Operating in Polar Waters (Polar Code),7.3.1.1,Static,DIRECT_STATIC,SINGLESHOT_CAPTURED_DIAGNOSTIC_PASS,True,NONE,PASS,PASS,PASS,PASS,True,True,,,1,1,0,0,0,0,0,True,True,5663,964,6627,16290.303,16379.000000000002,0.011447,True,RUN-IMO-055-20260831T151458176733Z,/Users/sadisfaction570/Desktop/Journal 1/NLTL_v2/MVP/SHACL_GENERATION_PIPELINE/experiments/LUNA_CONTEXTUAL_SINGLESHOT/RUN_01/runs/RUN-IMO-055-20260831T151458176733Z
IMO-057,International Code for Ships Operating in Polar Waters (Polar Code),7.3.2.1,Static,DIRECT_STATIC,SINGLESHOT_CAPTURED_DIAGNOSTIC_PASS,True,NONE,PASS,PASS,PASS,PASS,True,True,,,1,1,0,0,0,0,0,True,True,7715,1453,9168,23444.506,23495.0,0.016433,True,RUN-IMO-057-20260831T151515332722Z,/Users/sadisfaction570/Desktop/Journal 1/NLTL_v2/MVP/SHACL_GENERATION_PIPELINE/experiments/LUNA_CONTEXTUAL_SINGLESHOT/RUN_01/runs/RUN-IMO-057-20260831T151515332722Z
IMO-058,International Code for Ships Operating in Polar Waters (Polar Code),7.3.2.2,Static,DIRECT_STATIC,SINGLESHOT_CAPTURED_DIAGNOSTIC_PASS,True,NONE,PASS,PASS,PASS,PASS,True,True,,,1,1,0,0,0,0,0,True,True,6778,805,7583,13786.618,13848.0,0.011608,True,RUN-IMO-058-20260831T151539605642Z,/Users/sadisfaction570/Desktop/Journal 1/NLTL_v2/MVP/SHACL_GENERATION_PIPELINE/experiments/LUNA_CONTEXTUAL_SINGLESHOT/RUN_01/runs/RUN-IMO-058-20260831T151539605642Z
IMO-059,International Code for Ships Operating in Polar Waters (Polar Code),7.3.2.3,Static,DIRECT_STATIC,SINGLESHOT_CAPTURED_DIAGNOSTIC_PASS,True,NONE,PASS,PASS,PASS,PASS,True,True,,,1,1,0,0,0,0,0,True,True,7958,1130,9088,21025.459,21088.0,0.014738,True,RUN-IMO-059-20260831T151554237787Z,/Users/sadisfaction570/Desktop/Journal 1/NLTL_v2/MVP/SHACL_GENERATION_PIPELINE/experiments/LUNA_CONTEXTUAL_SINGLESHOT/RUN_01/runs/RUN-IMO-059-20260831T151554237787Z
IMO-060,International Code for Ships Operating in Polar Waters (Polar Code),7.3.2.4,Static,DIRECT_STATIC,SINGLESHOT_CAPTURED_DIAGNOSTIC_PASS,True,NONE,PASS,PASS,PASS,PASS,True,True,,,1,1,0,0,0,0,0,True,True,5461,2167,7628,33866.801,33989.0,0.018463,True,RUN-IMO-060-20260831T151616115314Z,/Users/sadisfaction570/Desktop/Journal 1/NLTL_v2/MVP/SHACL_GENERATION_PIPELINE/experiments/LUNA_CONTEXTUAL_SINGLESHOT/RUN_01/runs/RUN-IMO-060-20260831T151616115314Z
IMO-062,International Code for Ships Operating in Polar Waters (Polar Code),8.2.1.1,Static,DIRECT_STATIC,SINGLESHOT_CAPTURED_DIAGNOSTIC_PASS,True,NONE,PASS,PASS,PASS,PASS,True,True,,,1,1,0,0,0,0,0,True,True,7157,1437,8594,23872.75,23957.0,0.015779,True,RUN-IMO-062-20260831T151650886668Z,/Users/sadisfaction570/Desktop/Journal 1/NLTL_v2/MVP/SHACL_GENERATION_PIPELINE/experiments/LUNA_CONTEXTUAL_SINGLESHOT/RUN_01/runs/RUN-IMO-062-20260831T151650886668Z
IMO-064,International Code for Ships Operating in Polar Waters (Polar Code),8.2.3.1,Static,DIRECT_STATIC,SINGLESHOT_CAPTURED_DIAGNOSTIC_PASS,True,NONE,PASS,PASS,PASS,PASS,True,True,,,1,1,0,0,0,0,0,True,True,8083,1533,9616,21762.774,21855.0,0.017281,True,RUN-IMO-064-20260831T151715628545Z,/Users/sadisfaction570/Desktop/Journal 1/NLTL_v2/MVP/SHACL_GENERATION_PIPELINE/experiments/LUNA_CONTEXTUAL_SINGLESHOT/RUN_01/runs/RUN-IMO-064-20260831T151715628545Z
IMO-065,International Code for Ships Operating in Polar Waters (Polar Code),8.2.3.3,Static,DIRECT_STATIC,SINGLESHOT_CAPTURED_DIAGNOSTIC_PASS,True,NONE,PASS,PASS,PASS,PASS,True,True,,,1,1,0,0,0,0,0,True,True,7605,2118,9723,24082.303,24228.0,0.020313,True,RUN-IMO-065-20260831T151738268964Z,/Users/sadisfaction570/Desktop/Journal 1/NLTL_v2/MVP/SHACL_GENERATION_PIPELINE/experiments/LUNA_CONTEXTUAL_SINGLESHOT/RUN_01/runs/RUN-IMO-065-20260831T151738268964Z
IMO-066,International Code for Ships Operating in Polar Waters (Polar Code),8.3.1.1,Static,DIRECT_STATIC,SINGLESHOT_CAPTURED_DIAGNOSTIC_PASS,True,NONE,PASS,PASS,PASS,PASS,True,True,,,1,1,0,0,0,0,0,True,True,10300,2184,12484,34118.82,34219.0,0.023404,True,RUN-IMO-066-20260831T151803279615Z,/Users/sadisfaction570/Desktop/Journal 1/NLTL_v2/MVP/SHACL_GENERATION_PIPELINE/experiments/LUNA_CONTEXTUAL_SINGLESHOT/RUN_01/runs/RUN-IMO-066-20260831T151803279615Z
IMO-068,International Code for Ships Operating in Polar Waters (Polar Code),8.3.2.1,Static,DIRECT_STATIC,SINGLESHOT_CAPTURED_DIAGNOSTIC_PASS,True,NONE,PASS,PASS,PASS,PASS,True,True,,,1,1,0,0,0,0,0,True,True,7531,1048,8579,16934.591,17031.0,0.013819,True,RUN-IMO-068-20260831T151838283453Z,/Users/sadisfaction570/Desktop/Journal 1/NLTL_v2/MVP/SHACL_GENERATION_PIPELINE/experiments/LUNA_CONTEXTUAL_SINGLESHOT/RUN_01/runs/RUN-IMO-068-20260831T151838283453Z
IMO-069,International Code for Ships Operating in Polar Waters (Polar Code),8.3.2.2,Static,DIRECT_STATIC,SINGLESHOT_CAPTURED_DIAGNOSTIC_PASS,True,NONE,PASS,PASS,PASS,PASS,True,True,,,1,1,0,0,0,0,0,True,True,5103,1105,6208,20010.939,20092.0,0.011733,True,RUN-IMO-069-20260831T151856094848Z,/Users/sadisfaction570/Desktop/Journal 1/NLTL_v2/MVP/SHACL_GENERATION_PIPELINE/experiments/LUNA_CONTEXTUAL_SINGLESHOT/RUN_01/runs/RUN-IMO-069-20260831T151856094848Z
IMO-070,International Code for Ships Operating in Polar Waters (Polar Code),8.3.3.1.1,Static,DIRECT_STATIC,SINGLESHOT_CAPTURED_DIAGNOSTIC_PASS,True,NONE,PASS,PASS,PASS,PASS,True,True,,,1,1,0,0,0,0,0,True,True,9708,2792,12500,38650.224,38698.0,0.02646,True,RUN-IMO-070-20260831T151916980832Z,/Users/sadisfaction570/Desktop/Journal 1/NLTL_v2/MVP/SHACL_GENERATION_PIPELINE/experiments/LUNA_CONTEXTUAL_SINGLESHOT/RUN_01/runs/RUN-IMO-070-20260831T151916980832Z
IMO-071,International Code for Ships Operating in Polar Waters (Polar Code),8.3.3.1.2,Static,DIRECT_STATIC,SINGLESHOT_CAPTURED_DIAGNOSTIC_PASS,True,NONE,PASS,PASS,PASS,PASS,True,True,,,1,1,0,0,0,0,0,True,True,5965,1139,7104,18965.4,19045.0,0.012799,True,RUN-IMO-071-20260831T151956484835Z,/Users/sadisfaction570/Desktop/Journal 1/NLTL_v2/MVP/SHACL_GENERATION_PIPELINE/experiments/LUNA_CONTEXTUAL_SINGLESHOT/RUN_01/runs/RUN-IMO-071-20260831T151956484835Z
IMO-072,International Code for Ships Operating in Polar Waters (Polar Code),8.3.3.2,Static,DIRECT_STATIC,SINGLESHOT_CAPTURED_DIAGNOSTIC_PASS,True,NONE,PASS,PASS,PASS,PASS,True,True,,,1,1,0,0,0,0,0,True,True,7158,1414,8572,18593.531,18698.0,0.015642,True,RUN-IMO-072-20260831T152016311817Z,/Users/sadisfaction570/Desktop/Journal 1/NLTL_v2/MVP/SHACL_GENERATION_PIPELINE/experiments/LUNA_CONTEXTUAL_SINGLESHOT/RUN_01/runs/RUN-IMO-072-20260831T152016311817Z
IMO-073,International Code for Ships Operating in Polar Waters (Polar Code),8.3.3.3.1,Static,DIRECT_STATIC,SINGLESHOT_CAPTURED_DIAGNOSTIC_PASS,True,NONE,PASS,PASS,PASS,PASS,True,True,,,1,1,0,0,0,0,0,True,True,7148,808,7956,10218.724,10271.0,0.011996,True,RUN-IMO-073-20260831T152035795383Z,/Users/sadisfaction570/Desktop/Journal 1/NLTL_v2/MVP/SHACL_GENERATION_PIPELINE/experiments/LUNA_CONTEXTUAL_SINGLESHOT/RUN_01/runs/RUN-IMO-073-20260831T152035795383Z
IMO-074,International Code for Ships Operating in Polar Waters (Polar Code),8.3.3.3.3.1,Static,DIRECT_STATIC,SINGLESHOT_CAPTURED_DIAGNOSTIC_PASS,True,NONE,PASS,PASS,PASS,PASS,True,True,,,1,1,0,0,0,0,0,True,True,7082,944,8026,11410.691,11505.0,0.012746,True,RUN-IMO-074-20260831T152046858160Z,/Users/sadisfaction570/Desktop/Journal 1/NLTL_v2/MVP/SHACL_GENERATION_PIPELINE/experiments/LUNA_CONTEXTUAL_SINGLESHOT/RUN_01/runs/RUN-IMO-074-20260831T152046858160Z
IMO-075,International Code for Ships Operating in Polar Waters (Polar Code),8.3.3.3.3.2,Static Calculation,DIRECT_CALCULATION,SINGLESHOT_CAPTURED_DIAGNOSTIC_PASS,True,NONE,PASS,PASS,PASS,PASS,True,True,,,1,1,0,0,0,0,0,True,True,6603,1506,8109,20343.714,20433.0,0.015639,True,RUN-IMO-075-20260831T152059141863Z,/Users/sadisfaction570/Desktop/Journal 1/NLTL_v2/MVP/SHACL_GENERATION_PIPELINE/experiments/LUNA_CONTEXTUAL_SINGLESHOT/RUN_01/runs/RUN-IMO-075-20260831T152059141863Z
IMO-077,International Code for Ships Operating in Polar Waters (Polar Code),8.3.3.3.3.5,Static Calculation,DIRECT_CALCULATION,SINGLESHOT_CAPTURED_DIAGNOSTIC_FAIL,False,TURTLE_PARSE_FAILURE,PASS,FAIL,NOT_RUN,FAIL,False,False,"Turtle parse error: at line 117 of <>:
Bad syntax (']' expected) at ^ in:
""...b'  || ?launching < ?loaded\n    )\n}\n""""""\n            ]\n        '^b')\n    ) .\n</urn:nltl:generated-shape:IMO_077_StaticCalculati'...""",,1,1,0,0,0,0,0,True,True,7344,1909,9253,23820.483,23830.0,0.018798,True,RUN-IMO-077-20260831T152120359209Z,/Users/sadisfaction570/Desktop/Journal 1/NLTL_v2/MVP/SHACL_GENERATION_PIPELINE/experiments/LUNA_CONTEXTUAL_SINGLESHOT/RUN_01/runs/RUN-IMO-077-20260831T152120359209Z
IMO-078,International Code for Ships Operating in Polar Waters (Polar Code),8.3.3.3.3.6-.7,Static,DIRECT_STATIC,SINGLESHOT_CAPTURED_DIAGNOSTIC_PASS,True,NONE,PASS,PASS,PASS,PASS,True,True,,,1,1,0,0,0,0,0,True,True,8072,1025,9097,14040.047,14110.0,0.014222,True,RUN-IMO-078-20260831T152144985982Z,/Users/sadisfaction570/Desktop/Journal 1/NLTL_v2/MVP/SHACL_GENERATION_PIPELINE/experiments/LUNA_CONTEXTUAL_SINGLESHOT/RUN_01/runs/RUN-IMO-078-20260831T152144985982Z
IMO-079,International Code for Ships Operating in Polar Waters (Polar Code),8.3.3.4,Static Calculation,DIRECT_CALCULATION,SINGLESHOT_CAPTURED_DIAGNOSTIC_PASS,True,NONE,PASS,PASS,PASS,PASS,True,True,,,1,1,0,0,0,0,0,True,True,6503,1089,7592,11366.587,11490.0,0.013037,True,RUN-IMO-079-20260831T152159891580Z,/Users/sadisfaction570/Desktop/Journal 1/NLTL_v2/MVP/SHACL_GENERATION_PIPELINE/experiments/LUNA_CONTEXTUAL_SINGLESHOT/RUN_01/runs/RUN-IMO-079-20260831T152159891580Z
IMO-081,International Code for Ships Operating in Polar Waters (Polar Code),9.3.2.1.1,Static,DIRECT_STATIC,SINGLESHOT_CAPTURED_DIAGNOSTIC_PASS,True,NONE,PASS,PASS,PASS,PASS,True,True,,,1,1,0,0,0,0,0,True,True,7721,1783,9504,23540.834,23686.0,0.018419,True,RUN-IMO-081-20260831T152212157085Z,/Users/sadisfaction570/Desktop/Journal 1/NLTL_v2/MVP/SHACL_GENERATION_PIPELINE/experiments/LUNA_CONTEXTUAL_SINGLESHOT/RUN_01/runs/RUN-IMO-081-20260831T152212157085Z
IMO-082,International Code for Ships Operating in Polar Waters (Polar Code),9.3.2.1.2,Static,DIRECT_STATIC,SINGLESHOT_CAPTURED_DIAGNOSTIC_PASS,True,NONE,PASS,PASS,PASS,PASS,True,True,,,1,1,0,0,0,0,0,True,True,7703,2485,10188,41450.087,41509.0,0.022613,True,RUN-IMO-082-20260831T152236617345Z,/Users/sadisfaction570/Desktop/Journal 1/NLTL_v2/MVP/SHACL_GENERATION_PIPELINE/experiments/LUNA_CONTEXTUAL_SINGLESHOT/RUN_01/runs/RUN-IMO-082-20260831T152236617345Z
IMO-083,International Code for Ships Operating in Polar Waters (Polar Code),9.3.2.1.3,Static,DIRECT_STATIC,SINGLESHOT_CAPTURED_DIAGNOSTIC_PASS,True,NONE,PASS,PASS,PASS,PASS,True,True,,,1,1,0,0,0,0,0,True,True,7374,1435,8809,18316.205,18398.0,0.015984,True,RUN-IMO-083-20260831T152318910501Z,/Users/sadisfaction570/Desktop/Journal 1/NLTL_v2/MVP/SHACL_GENERATION_PIPELINE/experiments/LUNA_CONTEXTUAL_SINGLESHOT/RUN_01/runs/RUN-IMO-083-20260831T152318910501Z
IMO-084,International Code for Ships Operating in Polar Waters (Polar Code),9.3.2.1.4.1,Static,DIRECT_STATIC,SINGLESHOT_CAPTURED_DIAGNOSTIC_PASS,True,NONE,PASS,PASS,PASS,PASS,True,True,,,1,1,0,0,0,0,0,True,True,5530,1299,6829,17401.687,17446.0,0.013324,True,RUN-IMO-084-20260831T152338087853Z,/Users/sadisfaction570/Desktop/Journal 1/NLTL_v2/MVP/SHACL_GENERATION_PIPELINE/experiments/LUNA_CONTEXTUAL_SINGLESHOT/RUN_01/runs/RUN-IMO-084-20260831T152338087853Z
IMO-085,International Code for Ships Operating in Polar Waters (Polar Code),9.3.2.1.4.2,Static,DIRECT_STATIC,SINGLESHOT_CAPTURED_DIAGNOSTIC_PASS,True,NONE,PASS,PASS,PASS,PASS,True,True,,,1,1,0,0,0,0,0,True,True,8296,1746,10042,22483.128,22588.0,0.018772,True,RUN-IMO-085-20260831T152356321852Z,/Users/sadisfaction570/Desktop/Journal 1/NLTL_v2/MVP/SHACL_GENERATION_PIPELINE/experiments/LUNA_CONTEXTUAL_SINGLESHOT/RUN_01/runs/RUN-IMO-085-20260831T152356321852Z
IMO-086,International Code for Ships Operating in Polar Waters (Polar Code),9.3.2.2.1,Static,DIRECT_STATIC,SINGLESHOT_CAPTURED_DIAGNOSTIC_PASS,True,NONE,PASS,PASS,PASS,PASS,True,True,,,1,1,0,0,0,0,0,True,True,7191,1612,8803,19079.85,19156.0,0.016863,True,RUN-IMO-086-20260831T152419691854Z,/Users/sadisfaction570/Desktop/Journal 1/NLTL_v2/MVP/SHACL_GENERATION_PIPELINE/experiments/LUNA_CONTEXTUAL_SINGLESHOT/RUN_01/runs/RUN-IMO-086-20260831T152419691854Z
IMO-087,International Code for Ships Operating in Polar Waters (Polar Code),9.3.2.2.2,Static,DIRECT_STATIC,SINGLESHOT_CAPTURED_DIAGNOSTIC_PASS,True,NONE,PASS,PASS,PASS,PASS,True,True,,,1,1,0,0,0,0,0,True,True,6365,1658,8023,25046.207,25180.0,0.016313,True,RUN-IMO-087-20260831T152439632453Z,/Users/sadisfaction570/Desktop/Journal 1/NLTL_v2/MVP/SHACL_GENERATION_PIPELINE/experiments/LUNA_CONTEXTUAL_SINGLESHOT/RUN_01/runs/RUN-IMO-087-20260831T152439632453Z
IMO-088,International Code for Ships Operating in Polar Waters (Polar Code),9.3.3.1,Static,DIRECT_STATIC,SINGLESHOT_CAPTURED_DIAGNOSTIC_PASS,True,NONE,PASS,PASS,PASS,PASS,True,True,,,1,1,0,0,0,0,0,True,True,8381,1077,9458,12397.655,12518.0,0.014843,True,RUN-IMO-088-20260831T152505593878Z,/Users/sadisfaction570/Desktop/Journal 1/NLTL_v2/MVP/SHACL_GENERATION_PIPELINE/experiments/LUNA_CONTEXTUAL_SINGLESHOT/RUN_01/runs/RUN-IMO-088-20260831T152505593878Z
IMO-089,International Code for Ships Operating in Polar Waters (Polar Code),9.3.3.2,Static,DIRECT_STATIC,SINGLESHOT_CAPTURED_DIAGNOSTIC_PASS,True,NONE,PASS,PASS,PASS,PASS,True,True,,,1,1,0,0,0,0,0,True,True,8553,1129,9682,13412.968,13525.0,0.015327,True,RUN-IMO-089-20260831T152518892884Z,/Users/sadisfaction570/Desktop/Journal 1/NLTL_v2/MVP/SHACL_GENERATION_PIPELINE/experiments/LUNA_CONTEXTUAL_SINGLESHOT/RUN_01/runs/RUN-IMO-089-20260831T152518892884Z
IMO-091,International Code for Ships Operating in Polar Waters (Polar Code),10.2.1.3,Static,DIRECT_STATIC,SINGLESHOT_CAPTURED_DIAGNOSTIC_PASS,True,NONE,PASS,PASS,PASS,PASS,True,True,,,1,1,0,0,0,0,0,True,True,5407,829,6236,10086.975,10145.0,0.010381,True,RUN-IMO-091-20260831T152533199754Z,/Users/sadisfaction570/Desktop/Journal 1/NLTL_v2/MVP/SHACL_GENERATION_PIPELINE/experiments/LUNA_CONTEXTUAL_SINGLESHOT/RUN_01/runs/RUN-IMO-091-20260831T152533199754Z
IMO-092,International Code for Ships Operating in Polar Waters (Polar Code),10.2.1.4,Static,DIRECT_STATIC,SINGLESHOT_CAPTURED_DIAGNOSTIC_PASS,True,NONE,PASS,PASS,PASS,PASS,True,True,,,1,1,0,0,0,0,0,True,True,4744,327,5071,5003.701,5042.0,0.006706,True,RUN-IMO-092-20260831T152544118846Z,/Users/sadisfaction570/Desktop/Journal 1/NLTL_v2/MVP/SHACL_GENERATION_PIPELINE/experiments/LUNA_CONTEXTUAL_SINGLESHOT/RUN_01/runs/RUN-IMO-092-20260831T152544118846Z
IMO-094,International Code for Ships Operating in Polar Waters (Polar Code),10.3.1.2,Static,DIRECT_STATIC,SINGLESHOT_CAPTURED_DIAGNOSTIC_PASS,True,NONE,PASS,PASS,PASS,PASS,True,True,,,1,1,0,0,0,0,0,True,True,5845,753,6598,10136.482,10172.0,0.010363,True,RUN-IMO-094-20260831T152549942763Z,/Users/sadisfaction570/Desktop/Journal 1/NLTL_v2/MVP/SHACL_GENERATION_PIPELINE/experiments/LUNA_CONTEXTUAL_SINGLESHOT/RUN_01/runs/RUN-IMO-094-20260831T152549942763Z
IMO-095,International Code for Ships Operating in Polar Waters (Polar Code),10.3.1.3,Static,DIRECT_STATIC,SINGLESHOT_CAPTURED_DIAGNOSTIC_PASS,True,NONE,PASS,PASS,PASS,PASS,True,True,,,1,1,0,0,0,0,0,True,True,5481,1828,7309,26105.275,26196.0,0.016449,True,RUN-IMO-095-20260831T152600904537Z,/Users/sadisfaction570/Desktop/Journal 1/NLTL_v2/MVP/SHACL_GENERATION_PIPELINE/experiments/LUNA_CONTEXTUAL_SINGLESHOT/RUN_01/runs/RUN-IMO-095-20260831T152600904537Z
IMO-096,International Code for Ships Operating in Polar Waters (Polar Code),10.3.1.4,Static,DIRECT_STATIC,SINGLESHOT_CAPTURED_DIAGNOSTIC_PASS,True,NONE,PASS,PASS,PASS,PASS,True,True,,,1,1,0,0,0,0,0,True,True,5099,430,5529,5080.825,5130.0,0.007679,True,RUN-IMO-096-20260831T152627890598Z,/Users/sadisfaction570/Desktop/Journal 1/NLTL_v2/MVP/SHACL_GENERATION_PIPELINE/experiments/LUNA_CONTEXTUAL_SINGLESHOT/RUN_01/runs/RUN-IMO-096-20260831T152627890598Z
IMO-097,International Code for Ships Operating in Polar Waters (Polar Code),10.3.2.1,Static,DIRECT_STATIC,SINGLESHOT_CAPTURED_DIAGNOSTIC_FAIL,False,OTHER_DETERMINISTIC_FAILURE,PASS,PASS,PASS,PASS,True,True,"COMPLETE dependency relationship(s) absent from candidate: hasLifeboat, hasOtherSurvivalCraft",,1,1,0,0,0,0,0,True,True,10798,2221,13019,28936.974,29079.0,0.024124,True,RUN-IMO-097-20260831T152633809752Z,/Users/sadisfaction570/Desktop/Journal 1/NLTL_v2/MVP/SHACL_GENERATION_PIPELINE/experiments/LUNA_CONTEXTUAL_SINGLESHOT/RUN_01/runs/RUN-IMO-097-20260831T152633809752Z
IMO-098,International Code for Ships Operating in Polar Waters (Polar Code),10.3.2.2,Static,DIRECT_STATIC,SINGLESHOT_CAPTURED_DIAGNOSTIC_PASS,True,NONE,PASS,PASS,PASS,PASS,True,True,,,1,1,0,0,0,0,0,True,True,7587,1505,9092,20153.578,20251.0,0.016617,True,RUN-IMO-098-20260831T152703688370Z,/Users/sadisfaction570/Desktop/Journal 1/NLTL_v2/MVP/SHACL_GENERATION_PIPELINE/experiments/LUNA_CONTEXTUAL_SINGLESHOT/RUN_01/runs/RUN-IMO-098-20260831T152703688370Z
IMO-099,International Code for Ships Operating in Polar Waters (Polar Code),10.3.2.3,Static,DIRECT_STATIC,SINGLESHOT_CAPTURED_DIAGNOSTIC_PASS,True,NONE,PASS,PASS,PASS,PASS,True,True,,,1,1,0,0,0,0,0,True,True,6023,1359,7382,18994.36,19105.0,0.014177,True,RUN-IMO-099-20260831T152724714113Z,/Users/sadisfaction570/Desktop/Journal 1/NLTL_v2/MVP/SHACL_GENERATION_PIPELINE/experiments/LUNA_CONTEXTUAL_SINGLESHOT/RUN_01/runs/RUN-IMO-099-20260831T152724714113Z
IMO-100,International Code for Ships Operating in Polar Waters (Polar Code),11.2,Static,DIRECT_STATIC,SINGLESHOT_CAPTURED_DIAGNOSTIC_PASS,True,NONE,PASS,PASS,PASS,PASS,True,True,,,1,1,0,0,0,0,0,True,True,5508,1174,6682,15706.923,15764.0,0.012552,True,RUN-IMO-100-20260831T152744591887Z,/Users/sadisfaction570/Desktop/Journal 1/NLTL_v2/MVP/SHACL_GENERATION_PIPELINE/experiments/LUNA_CONTEXTUAL_SINGLESHOT/RUN_01/runs/RUN-IMO-100-20260831T152744591887Z
IMO-101,International Code for Ships Operating in Polar Waters (Polar Code),11.3.1-11.3.9,Static,DIRECT_STATIC,SINGLESHOT_CAPTURED_DIAGNOSTIC_PASS,True,NONE,PASS,PASS,PASS,PASS,True,True,,,1,1,0,0,0,0,0,True,True,5909,716,6625,9524.202,9574.0,0.010205,True,RUN-IMO-101-20260831T152801133398Z,/Users/sadisfaction570/Desktop/Journal 1/NLTL_v2/MVP/SHACL_GENERATION_PIPELINE/experiments/LUNA_CONTEXTUAL_SINGLESHOT/RUN_01/runs/RUN-IMO-101-20260831T152801133398Z
IMO-102,International Code for Ships Operating in Polar Waters (Polar Code),12.3.1,Static,DIRECT_STATIC,SINGLESHOT_CAPTURED_DIAGNOSTIC_FAIL,False,EXTRACTION_FAILURE,FAIL,NOT_RUN,NOT_RUN,NOT_RUN,False,False,Generator response must contain exactly one BEGIN_SHACL and END_SHACL marker,,1,1,0,0,0,0,0,True,False,15025,4680,19705,44835.878,44844.0,0.043105,True,RUN-IMO-102-20260831T152811486704Z,/Users/sadisfaction570/Desktop/Journal 1/NLTL_v2/MVP/SHACL_GENERATION_PIPELINE/experiments/LUNA_CONTEXTUAL_SINGLESHOT/RUN_01/runs/RUN-IMO-102-20260831T152811486704Z
IMO-103,International Code for Ships Operating in Polar Waters (Polar Code),12.3.2,Static,DIRECT_STATIC,SINGLESHOT_CAPTURED_DIAGNOSTIC_PASS,True,NONE,PASS,PASS,PASS,PASS,True,True,,,1,1,0,0,0,0,0,True,True,9927,3264,13191,33257.231,33524.0,0.029511,True,RUN-IMO-103-20260831T152857146414Z,/Users/sadisfaction570/Desktop/Journal 1/NLTL_v2/MVP/SHACL_GENERATION_PIPELINE/experiments/LUNA_CONTEXTUAL_SINGLESHOT/RUN_01/runs/RUN-IMO-103-20260831T152857146414Z
IMO-104,International Code for Ships Operating in Polar Waters (Polar Code),12.3.4,Static,DIRECT_STATIC,SINGLESHOT_CAPTURED_DIAGNOSTIC_PASS,True,NONE,PASS,PASS,PASS,PASS,True,True,,,1,1,0,0,0,0,0,True,True,9068,2420,11488,33764.683,33877.0,0.023588,True,RUN-IMO-104-20260831T152931461331Z,/Users/sadisfaction570/Desktop/Journal 1/NLTL_v2/MVP/SHACL_GENERATION_PIPELINE/experiments/LUNA_CONTEXTUAL_SINGLESHOT/RUN_01/runs/RUN-IMO-104-20260831T152931461331Z
IMO-105,International Code for Ships Operating in Polar Waters (Polar Code),1.1.1,Static,DIRECT_STATIC,SINGLESHOT_CAPTURED_DIAGNOSTIC_PASS,True,NONE,PASS,PASS,PASS,PASS,True,True,,,1,1,0,0,0,0,0,True,True,5502,1377,6879,20564.085,20608.0,0.013764,True,RUN-IMO-105-20260831T153006153123Z,/Users/sadisfaction570/Desktop/Journal 1/NLTL_v2/MVP/SHACL_GENERATION_PIPELINE/experiments/LUNA_CONTEXTUAL_SINGLESHOT/RUN_01/runs/RUN-IMO-105-20260831T153006153123Z
IMO-106,International Code for Ships Operating in Polar Waters (Polar Code),1.1.2,Static,DIRECT_STATIC,SINGLESHOT_CAPTURED_DIAGNOSTIC_PASS,True,NONE,PASS,PASS,PASS,PASS,True,True,,,1,1,0,0,0,0,0,True,True,6939,1999,8938,28033.027,28098.0,0.018933,True,RUN-IMO-106-20260831T153027576352Z,/Users/sadisfaction570/Desktop/Journal 1/NLTL_v2/MVP/SHACL_GENERATION_PIPELINE/experiments/LUNA_CONTEXTUAL_SINGLESHOT/RUN_01/runs/RUN-IMO-106-20260831T153027576352Z
IMO-107,International Code for Ships Operating in Polar Waters (Polar Code),1.1.4,Static,DIRECT_STATIC,SINGLESHOT_CAPTURED_DIAGNOSTIC_FAIL,False,TURTLE_PARSE_FAILURE,PASS,FAIL,NOT_RUN,FAIL,False,False,"Turtle parse error: at line 59 of <>:
Bad syntax (']' expected) at ^ in:
""...b' or marine pollution emergency plan.""\n            ]\n        '^b')\n    ] .\n'""",,1,1,0,0,0,0,0,True,True,6122,1064,7186,14720.709,14731.0,0.012506,True,RUN-IMO-107-20260831T153056455937Z,/Users/sadisfaction570/Desktop/Journal 1/NLTL_v2/MVP/SHACL_GENERATION_PIPELINE/experiments/LUNA_CONTEXTUAL_SINGLESHOT/RUN_01/runs/RUN-IMO-107-20260831T153056455937Z
IMO-108,International Code for Ships Operating in Polar Waters (Polar Code),1.2.1,Static,DIRECT_STATIC,SINGLESHOT_CAPTURED_DIAGNOSTIC_PASS,True,NONE,PASS,PASS,PASS,PASS,True,True,,,1,1,0,0,0,0,0,True,True,9060,2331,11391,33353.56,33606.0,0.023046,True,RUN-IMO-108-20260831T153111986765Z,/Users/sadisfaction570/Desktop/Journal 1/NLTL_v2/MVP/SHACL_GENERATION_PIPELINE/experiments/LUNA_CONTEXTUAL_SINGLESHOT/RUN_01/runs/RUN-IMO-108-20260831T153111986765Z
IMO-109,International Code for Ships Operating in Polar Waters (Polar Code),1.2.2,Static,DIRECT_STATIC,SINGLESHOT_CAPTURED_DIAGNOSTIC_PASS,True,NONE,PASS,PASS,PASS,PASS,True,True,,,1,1,0,0,0,0,0,True,True,9199,3182,12381,44460.134,44553.0,0.028291,True,RUN-IMO-109-20260831T153146382508Z,/Users/sadisfaction570/Desktop/Journal 1/NLTL_v2/MVP/SHACL_GENERATION_PIPELINE/experiments/LUNA_CONTEXTUAL_SINGLESHOT/RUN_01/runs/RUN-IMO-109-20260831T153146382508Z
IMO-110,International Code for Ships Operating in Polar Waters (Polar Code),1.2.3,Static,DIRECT_STATIC,SINGLESHOT_CAPTURED_DIAGNOSTIC_PASS,True,NONE,PASS,PASS,PASS,PASS,True,True,,,1,1,0,0,0,0,0,True,True,9654,2494,12148,29130.851,29261.0,0.024618,True,RUN-IMO-110-20260831T153231715088Z,/Users/sadisfaction570/Desktop/Journal 1/NLTL_v2/MVP/SHACL_GENERATION_PIPELINE/experiments/LUNA_CONTEXTUAL_SINGLESHOT/RUN_01/runs/RUN-IMO-110-20260831T153231715088Z
IMO-111,International Code for Ships Operating in Polar Waters (Polar Code),1.2.4,Static,DIRECT_STATIC,SINGLESHOT_CAPTURED_DIAGNOSTIC_FAIL,False,EXTRACTION_FAILURE,FAIL,NOT_RUN,NOT_RUN,NOT_RUN,False,False,Generator response must contain exactly one BEGIN_SHACL and END_SHACL marker,,1,1,0,0,0,0,0,True,False,9730,3729,13459,51133.957,51141.0,0.032104,True,RUN-IMO-111-20260831T153301770351Z,/Users/sadisfaction570/Desktop/Journal 1/NLTL_v2/MVP/SHACL_GENERATION_PIPELINE/experiments/LUNA_CONTEXTUAL_SINGLESHOT/RUN_01/runs/RUN-IMO-111-20260831T153301770351Z
IMO-112,International Code for Ships Operating in Polar Waters (Polar Code),2.1.1,Static,DIRECT_STATIC,SINGLESHOT_CAPTURED_DIAGNOSTIC_PASS,True,NONE,PASS,PASS,PASS,PASS,True,True,,,1,1,0,0,0,0,0,True,True,5570,1268,6838,17385.652,17431.0,0.013178,True,RUN-IMO-112-20260831T153353708931Z,/Users/sadisfaction570/Desktop/Journal 1/NLTL_v2/MVP/SHACL_GENERATION_PIPELINE/experiments/LUNA_CONTEXTUAL_SINGLESHOT/RUN_01/runs/RUN-IMO-112-20260831T153353708931Z
IMO-113,International Code for Ships Operating in Polar Waters (Polar Code),2.1.2,Static,DIRECT_STATIC,SINGLESHOT_CAPTURED_DIAGNOSTIC_PASS,True,NONE,PASS,PASS,PASS,PASS,True,True,,,1,1,0,0,0,0,0,True,True,6155,923,7078,11975.787,12065.0,0.011693,True,RUN-IMO-113-20260831T153411918029Z,/Users/sadisfaction570/Desktop/Journal 1/NLTL_v2/MVP/SHACL_GENERATION_PIPELINE/experiments/LUNA_CONTEXTUAL_SINGLESHOT/RUN_01/runs/RUN-IMO-113-20260831T153411918029Z
IMO-114,International Code for Ships Operating in Polar Waters (Polar Code),2.1.3,Static,DIRECT_STATIC,SINGLESHOT_CAPTURED_DIAGNOSTIC_PASS,True,NONE,PASS,PASS,PASS,PASS,True,True,,,1,1,0,0,0,0,0,True,True,10738,2126,12864,31111.184,31216.0,0.023494,True,RUN-IMO-114-20260831T153424767450Z,/Users/sadisfaction570/Desktop/Journal 1/NLTL_v2/MVP/SHACL_GENERATION_PIPELINE/experiments/LUNA_CONTEXTUAL_SINGLESHOT/RUN_01/runs/RUN-IMO-114-20260831T153424767450Z
IMO-115,International Code for Ships Operating in Polar Waters (Polar Code),4.2.1.1,Static,DIRECT_STATIC,SINGLESHOT_CAPTURED_DIAGNOSTIC_PASS,True,NONE,PASS,PASS,PASS,PASS,True,True,,,1,1,0,0,0,0,0,True,True,8367,2922,11289,33383.604,33534.0,0.025899,True,RUN-IMO-115-20260831T153456761431Z,/Users/sadisfaction570/Desktop/Journal 1/NLTL_v2/MVP/SHACL_GENERATION_PIPELINE/experiments/LUNA_CONTEXTUAL_SINGLESHOT/RUN_01/runs/RUN-IMO-115-20260831T153456761431Z
IMO-116,International Code for Ships Operating in Polar Waters (Polar Code),4.2.1.2,Static,DIRECT_STATIC,SINGLESHOT_CAPTURED_DIAGNOSTIC_PASS,True,NONE,PASS,PASS,PASS,PASS,True,True,,,1,1,0,0,0,0,0,True,True,8383,2461,10844,29096.494,29257.0,0.023149,True,RUN-IMO-116-20260831T153531152018Z,/Users/sadisfaction570/Desktop/Journal 1/NLTL_v2/MVP/SHACL_GENERATION_PIPELINE/experiments/LUNA_CONTEXTUAL_SINGLESHOT/RUN_01/runs/RUN-IMO-116-20260831T153531152018Z
IMO-117,International Code for Ships Operating in Polar Waters (Polar Code),4.2.1.3,Static,DIRECT_STATIC,SINGLESHOT_CAPTURED_DIAGNOSTIC_PASS,True,NONE,PASS,PASS,PASS,PASS,True,True,,,1,1,0,0,0,0,0,True,True,10383,2036,12419,27019.481,27169.0,0.022599,True,RUN-IMO-117-20260831T153601180890Z,/Users/sadisfaction570/Desktop/Journal 1/NLTL_v2/MVP/SHACL_GENERATION_PIPELINE/experiments/LUNA_CONTEXTUAL_SINGLESHOT/RUN_01/runs/RUN-IMO-117-20260831T153601180890Z
IMO-118,International Code for Ships Operating in Polar Waters (Polar Code),4.2.2,Static,DIRECT_STATIC,SINGLESHOT_CAPTURED_DIAGNOSTIC_PASS,True,NONE,PASS,PASS,PASS,PASS,True,True,,,1,1,0,0,0,0,0,True,True,9215,1991,11206,29607.413,29680.0,0.021161,True,RUN-IMO-118-20260831T153629125095Z,/Users/sadisfaction570/Desktop/Journal 1/NLTL_v2/MVP/SHACL_GENERATION_PIPELINE/experiments/LUNA_CONTEXTUAL_SINGLESHOT/RUN_01/runs/RUN-IMO-118-20260831T153629125095Z
IMO-119,International Code for Ships Operating in Polar Waters (Polar Code),4.2.3,Static,DIRECT_STATIC,SINGLESHOT_CAPTURED_DIAGNOSTIC_PASS,True,NONE,PASS,PASS,PASS,PASS,True,True,,,1,1,0,0,0,0,0,True,True,11690,2827,14517,41616.864,41732.0,0.028652,True,RUN-IMO-119-20260831T153659594457Z,/Users/sadisfaction570/Desktop/Journal 1/NLTL_v2/MVP/SHACL_GENERATION_PIPELINE/experiments/LUNA_CONTEXTUAL_SINGLESHOT/RUN_01/runs/RUN-IMO-119-20260831T153659594457Z
IMO-120,International Code for Ships Operating in Polar Waters (Polar Code),5.2.1.1,Static,DIRECT_STATIC,SINGLESHOT_CAPTURED_DIAGNOSTIC_PASS,True,NONE,PASS,PASS,PASS,PASS,True,True,,,1,1,0,0,0,0,0,True,True,8346,3719,12065,46626.38,46803.0,0.03066,True,RUN-IMO-120-20260831T153742104570Z,/Users/sadisfaction570/Desktop/Journal 1/NLTL_v2/MVP/SHACL_GENERATION_PIPELINE/experiments/LUNA_CONTEXTUAL_SINGLESHOT/RUN_01/runs/RUN-IMO-120-20260831T153742104570Z
IMO-121,International Code for Ships Operating in Polar Waters (Polar Code),5.2.1.2,Static,DIRECT_STATIC,SINGLESHOT_CAPTURED_DIAGNOSTIC_PASS,True,NONE,PASS,PASS,PASS,PASS,True,True,,,1,1,0,0,0,0,0,True,True,6721,1105,7826,11322.517,11434.0,0.013351,True,RUN-IMO-121-20260831T153829674407Z,/Users/sadisfaction570/Desktop/Journal 1/NLTL_v2/MVP/SHACL_GENERATION_PIPELINE/experiments/LUNA_CONTEXTUAL_SINGLESHOT/RUN_01/runs/RUN-IMO-121-20260831T153829674407Z
IMO-122,International Code for Ships Operating in Polar Waters (Polar Code),5.2.1.3-.4,Static,DIRECT_STATIC,SINGLESHOT_CAPTURED_DIAGNOSTIC_PASS,True,NONE,PASS,PASS,PASS,PASS,True,True,,,1,1,0,0,0,0,0,True,True,5093,314,5407,3314.219,3364.0,0.006977,True,RUN-IMO-122-20260831T153841870456Z,/Users/sadisfaction570/Desktop/Journal 1/NLTL_v2/MVP/SHACL_GENERATION_PIPELINE/experiments/LUNA_CONTEXTUAL_SINGLESHOT/RUN_01/runs/RUN-IMO-122-20260831T153841870456Z
IMO-123,International Code for Ships Operating in Polar Waters (Polar Code),5.2.1.5,Static,DIRECT_STATIC,SINGLESHOT_CAPTURED_DIAGNOSTIC_PASS,True,NONE,PASS,PASS,PASS,PASS,True,True,,,1,1,0,0,0,0,0,True,True,8864,2590,11454,32651.231,32794.0,0.024404,True,RUN-IMO-123-20260831T153846017144Z,/Users/sadisfaction570/Desktop/Journal 1/NLTL_v2/MVP/SHACL_GENERATION_PIPELINE/experiments/LUNA_CONTEXTUAL_SINGLESHOT/RUN_01/runs/RUN-IMO-123-20260831T153846017144Z
IMO-124,International Code for Ships Operating in Polar Waters (Polar Code),5.2.2.1-.2,Static,DIRECT_STATIC,SINGLESHOT_CAPTURED_DIAGNOSTIC_FAIL,False,EXTRACTION_FAILURE,FAIL,NOT_RUN,NOT_RUN,NOT_RUN,False,False,Generator response must contain exactly one BEGIN_SHACL and END_SHACL marker,,1,1,0,0,0,0,0,True,False,8667,3474,12141,42995.551,43002.0,0.029511,True,RUN-IMO-124-20260831T153919596465Z,/Users/sadisfaction570/Desktop/Journal 1/NLTL_v2/MVP/SHACL_GENERATION_PIPELINE/experiments/LUNA_CONTEXTUAL_SINGLESHOT/RUN_01/runs/RUN-IMO-124-20260831T153919596465Z
IMO-125,International Code for Ships Operating in Polar Waters (Polar Code),5.2.3,Static,DIRECT_STATIC,SINGLESHOT_CAPTURED_DIAGNOSTIC_PASS,True,NONE,PASS,PASS,PASS,PASS,True,True,,,1,1,0,0,0,0,0,True,True,6108,1348,7456,22174.305,22286.0,0.014196,True,RUN-IMO-125-20260831T154003392211Z,/Users/sadisfaction570/Desktop/Journal 1/NLTL_v2/MVP/SHACL_GENERATION_PIPELINE/experiments/LUNA_CONTEXTUAL_SINGLESHOT/RUN_01/runs/RUN-IMO-125-20260831T154003392211Z
IMO26-001,Polar Code January 2026 Supplement - Resolution MSC.538(107),Amendment 2,Static,DIRECT_STATIC,SINGLESHOT_CAPTURED_DIAGNOSTIC_PASS,True,NONE,PASS,PASS,PASS,PASS,True,True,,,1,1,0,0,0,0,0,True,True,5055,1349,6404,19260.282,19317.0,0.013149,True,RUN-IMO26-001-20260831T154026478711Z,/Users/sadisfaction570/Desktop/Journal 1/NLTL_v2/MVP/SHACL_GENERATION_PIPELINE/experiments/LUNA_CONTEXTUAL_SINGLESHOT/RUN_01/runs/RUN-IMO26-001-20260831T154026478711Z
IMO26-002,Polar Code January 2026 Supplement - Resolution MSC.538(107),Chapter 9-1 applicability,Static,DIRECT_STATIC,SINGLESHOT_CAPTURED_DIAGNOSTIC_FAIL,False,OTHER_DETERMINISTIC_FAILURE,PASS,PASS,PASS,PASS,True,True,Embedded SHACL-SPARQL uses prefix unit: without declaring it inside the query,,1,1,0,0,0,0,0,True,True,7610,2045,9655,26503.361,26642.0,0.01988,True,RUN-IMO26-002-20260831T154046578029Z,/Users/sadisfaction570/Desktop/Journal 1/NLTL_v2/MVP/SHACL_GENERATION_PIPELINE/experiments/LUNA_CONTEXTUAL_SINGLESHOT/RUN_01/runs/RUN-IMO26-002-20260831T154046578029Z
IMO26-005,Polar Code January 2026 Supplement - Resolution MSC.538(107),9-1.2.2.2,Static,DIRECT_STATIC,SINGLESHOT_CAPTURED_DIAGNOSTIC_PASS,True,NONE,PASS,PASS,PASS,PASS,True,True,,,1,1,0,0,0,0,0,True,True,7074,1240,8314,18688.697,18745.0,0.014514,True,RUN-IMO26-005-20260831T154114004264Z,/Users/sadisfaction570/Desktop/Journal 1/NLTL_v2/MVP/SHACL_GENERATION_PIPELINE/experiments/LUNA_CONTEXTUAL_SINGLESHOT/RUN_01/runs/RUN-IMO26-005-20260831T154114004264Z
IMO26-007,Polar Code January 2026 Supplement - Resolution MSC.538(107),9-1.3.2.1.1,Static,DIRECT_STATIC,SINGLESHOT_CAPTURED_DIAGNOSTIC_FAIL,False,TURTLE_PARSE_FAILURE,PASS,FAIL,NOT_RUN,FAIL,False,False,"Turtle parse error: at line 108 of <>:
Bad syntax (']' expected) at ^ in:
""...b'                  )\n                ]\n            )\n        '^b')\n    ) ;\n    sh:message ""For an ice-strengthened ship const'...""",,1,1,0,0,0,0,0,True,True,8300,2211,10511,28719.679,28729.0,0.021566,True,RUN-IMO26-007-20260831T154133534682Z,/Users/sadisfaction570/Desktop/Journal 1/NLTL_v2/MVP/SHACL_GENERATION_PIPELINE/experiments/LUNA_CONTEXTUAL_SINGLESHOT/RUN_01/runs/RUN-IMO26-007-20260831T154133534682Z
IMO26-008,Polar Code January 2026 Supplement - Resolution MSC.538(107),9-1.3.2.1.2,Static,DIRECT_STATIC,SINGLESHOT_CAPTURED_DIAGNOSTIC_PASS,True,NONE,PASS,PASS,PASS,PASS,True,True,,,1,1,0,0,0,0,0,True,True,6140,614,6754,7069.747,7132.0,0.009824,True,RUN-IMO26-008-20260831T154203068347Z,/Users/sadisfaction570/Desktop/Journal 1/NLTL_v2/MVP/SHACL_GENERATION_PIPELINE/experiments/LUNA_CONTEXTUAL_SINGLESHOT/RUN_01/runs/RUN-IMO26-008-20260831T154203068347Z
IMO26-009,Polar Code January 2026 Supplement - Resolution MSC.538(107),9-1.3.2.1.3,Static,DIRECT_STATIC,SINGLESHOT_CAPTURED_DIAGNOSTIC_FAIL,False,TURTLE_PARSE_FAILURE,PASS,FAIL,NOT_RUN,FAIL,False,False,"Turtle parse error: at line 43 of <>:
Bad syntax (']' expected) at ^ in:
""...b'nication antenna must be identified.""\n            ]\n        '^b'}\n    ) .\n'""",,1,1,0,0,0,0,0,True,True,7397,1604,9001,25585.687,25594.0,0.017021,True,RUN-IMO26-009-20260831T154211095675Z,/Users/sadisfaction570/Desktop/Journal 1/NLTL_v2/MVP/SHACL_GENERATION_PIPELINE/experiments/LUNA_CONTEXTUAL_SINGLESHOT/RUN_01/runs/RUN-IMO26-009-20260831T154211095675Z
IMO26-010,Polar Code January 2026 Supplement - Resolution MSC.538(107),9-1.3.2.1.4.1,Static,DIRECT_STATIC,SINGLESHOT_CAPTURED_DIAGNOSTIC_FAIL,False,TURTLE_PARSE_FAILURE,PASS,FAIL,NOT_RUN,FAIL,False,False,"Turtle parse error: at line 35 of <>:
Bad syntax (expected item in list or ')') at ^ in:
""...b'must be protected against ice.""\n            ]\n        ]\n    '^b'] .\n'""",,1,1,0,0,0,0,0,True,True,5525,1556,7081,22293.804,22302.0,0.014861,True,RUN-IMO26-010-20260831T154237490681Z,/Users/sadisfaction570/Desktop/Journal 1/NLTL_v2/MVP/SHACL_GENERATION_PIPELINE/experiments/LUNA_CONTEXTUAL_SINGLESHOT/RUN_01/runs/RUN-IMO26-010-20260831T154237490681Z
IMO26-011,Polar Code January 2026 Supplement - Resolution MSC.538(107),9-1.3.2.1.4.2,Static,DIRECT_STATIC,SINGLESHOT_CAPTURED_DIAGNOSTIC_PASS,True,NONE,PASS,PASS,PASS,PASS,True,True,,,1,1,0,0,0,0,0,True,True,8858,1716,10574,20483.494,20633.0,0.019154,True,RUN-IMO26-011-20260831T154300599638Z,/Users/sadisfaction570/Desktop/Journal 1/NLTL_v2/MVP/SHACL_GENERATION_PIPELINE/experiments/LUNA_CONTEXTUAL_SINGLESHOT/RUN_01/runs/RUN-IMO26-011-20260831T154300599638Z
IMO26-012,Polar Code January 2026 Supplement - Resolution MSC.538(107),9-1.3.2.2.1,Static,DIRECT_STATIC,SINGLESHOT_CAPTURED_DIAGNOSTIC_PASS,True,NONE,PASS,PASS,PASS,PASS,True,True,,,1,1,0,0,0,0,0,True,True,7217,2023,9240,32757.673,32830.0,0.019355,True,RUN-IMO26-012-20260831T154322015062Z,/Users/sadisfaction570/Desktop/Journal 1/NLTL_v2/MVP/SHACL_GENERATION_PIPELINE/experiments/LUNA_CONTEXTUAL_SINGLESHOT/RUN_01/runs/RUN-IMO26-012-20260831T154322015062Z
IMO26-013,Polar Code January 2026 Supplement - Resolution MSC.538(107),9-1.3.2.2.2,Static,DIRECT_STATIC,SINGLESHOT_CAPTURED_DIAGNOSTIC_PASS,True,NONE,PASS,PASS,PASS,PASS,True,True,,,1,1,0,0,0,0,0,True,True,6360,1593,7953,26798.404,26880.0,0.015918,True,RUN-IMO26-013-20260831T154355621201Z,/Users/sadisfaction570/Desktop/Journal 1/NLTL_v2/MVP/SHACL_GENERATION_PIPELINE/experiments/LUNA_CONTEXTUAL_SINGLESHOT/RUN_01/runs/RUN-IMO26-013-20260831T154355621201Z
IMO26-014,Polar Code January 2026 Supplement - Resolution MSC.538(107),9-1.3.3,Static,DIRECT_STATIC,SINGLESHOT_CAPTURED_DIAGNOSTIC_FAIL,False,TURTLE_PARSE_FAILURE,PASS,FAIL,NOT_RUN,FAIL,False,False,"Turtle parse error: at line 33 of <>:
Bad syntax (expected item in list or ')') at ^ in:
""...b'              sh:minInclusive 2\n            ]\n        ]\n    '^b'] .\n'""",,1,1,0,0,0,0,0,True,True,5136,764,5900,10914.78,10926.0,0.00972,True,RUN-IMO26-014-20260831T154423282191Z,/Users/sadisfaction570/Desktop/Journal 1/NLTL_v2/MVP/SHACL_GENERATION_PIPELINE/experiments/LUNA_CONTEXTUAL_SINGLESHOT/RUN_01/runs/RUN-IMO26-014-20260831T154423282191Z
IMO26-015,Polar Code January 2026 Supplement - Resolution MSC.538(107),Amendment 5,Static,DIRECT_STATIC,SINGLESHOT_CAPTURED_DIAGNOSTIC_FAIL,False,META_SHACL_FAILURE,PASS,PASS,FAIL,PASS,True,True,"SHACL runtime smoke execution error: Expected SelectQuery, found 'FILTER'  (at char 406), (line:12, col:17) | Embedded SHACL-SPARQL parse error: Expected SelectQuery, found 'FILTER'  (at char 249), (line:8, col:17)",,1,1,0,0,0,0,0,True,True,5055,1318,6373,17831.219,17883.0,0.012963,True,RUN-IMO26-015-20260831T154435003302Z,/Users/sadisfaction570/Desktop/Journal 1/NLTL_v2/MVP/SHACL_GENERATION_PIPELINE/experiments/LUNA_CONTEXTUAL_SINGLESHOT/RUN_01/runs/RUN-IMO26-015-20260831T154435003302Z
IMO26-016,Polar Code January 2026 Supplement - Resolution MSC.538(107),Chapter 11-1 applicability,Static,DIRECT_STATIC,SINGLESHOT_CAPTURED_DIAGNOSTIC_PASS,True,NONE,PASS,PASS,PASS,PASS,True,True,,,1,1,0,0,0,0,0,True,True,7997,3446,11443,45865.39,46085.0,0.028673,True,RUN-IMO26-016-20260831T154453665475Z,/Users/sadisfaction570/Desktop/Journal 1/NLTL_v2/MVP/SHACL_GENERATION_PIPELINE/experiments/LUNA_CONTEXTUAL_SINGLESHOT/RUN_01/runs/RUN-IMO26-016-20260831T154453665475Z
IMO26-017,Polar Code January 2026 Supplement - Resolution MSC.538(107),11-1.2,Static,DIRECT_STATIC,SINGLESHOT_CAPTURED_DIAGNOSTIC_PASS,True,NONE,PASS,PASS,PASS,PASS,True,True,,,1,1,0,0,0,0,0,True,True,5902,898,6800,12008.962,12087.0,0.01129,True,RUN-IMO26-017-20260831T154540523616Z,/Users/sadisfaction570/Desktop/Journal 1/NLTL_v2/MVP/SHACL_GENERATION_PIPELINE/experiments/LUNA_CONTEXTUAL_SINGLESHOT/RUN_01/runs/RUN-IMO26-017-20260831T154540523616Z
IMO26-018,Polar Code January 2026 Supplement - Resolution MSC.538(107),11-1.3.1-11-1.3.9,Static,DIRECT_STATIC,SINGLESHOT_CAPTURED_DIAGNOSTIC_PASS,True,NONE,PASS,PASS,PASS,PASS,True,True,,,1,1,0,0,0,0,0,True,True,6185,1839,8024,28833.449,28943.0,0.017219,True,RUN-IMO26-018-20260831T154553395419Z,/Users/sadisfaction570/Desktop/Journal 1/NLTL_v2/MVP/SHACL_GENERATION_PIPELINE/experiments/LUNA_CONTEXTUAL_SINGLESHOT/RUN_01/runs/RUN-IMO26-018-20260831T154553395419Z
TRF-001,Ice Class Regulations and the Application Thereof,1.1,Static,DIRECT_STATIC,SINGLESHOT_CAPTURED_DIAGNOSTIC_PASS,True,NONE,PASS,PASS,PASS,PASS,True,True,,,1,1,0,0,0,0,0,True,True,11317,2131,13448,36083.758,36156.0,0.024103,True,RUN-TRF-001-20260831T154623114033Z,/Users/sadisfaction570/Desktop/Journal 1/NLTL_v2/MVP/SHACL_GENERATION_PIPELINE/experiments/LUNA_CONTEXTUAL_SINGLESHOT/RUN_01/runs/RUN-TRF-001-20260831T154623114033Z
TRF-002,Ice Class Regulations and the Application Thereof,1.2,Static,DIRECT_STATIC,SINGLESHOT_CAPTURED_DIAGNOSTIC_PASS,True,NONE,PASS,PASS,PASS,PASS,True,True,,,1,1,0,0,0,0,0,True,True,9931,1426,11357,25248.281,25304.0,0.018487,True,RUN-TRF-002-20260831T154700059246Z,/Users/sadisfaction570/Desktop/Journal 1/NLTL_v2/MVP/SHACL_GENERATION_PIPELINE/experiments/LUNA_CONTEXTUAL_SINGLESHOT/RUN_01/runs/RUN-TRF-002-20260831T154700059246Z
TRF-003,Ice Class Regulations and the Application Thereof,1.3,Static,DIRECT_STATIC,SINGLESHOT_CAPTURED_DIAGNOSTIC_PASS,True,NONE,PASS,PASS,PASS,PASS,True,True,,,1,1,0,0,0,0,0,True,True,9988,1491,11479,21475.248,21560.0,0.018934,True,RUN-TRF-003-20260831T154726155411Z,/Users/sadisfaction570/Desktop/Journal 1/NLTL_v2/MVP/SHACL_GENERATION_PIPELINE/experiments/LUNA_CONTEXTUAL_SINGLESHOT/RUN_01/runs/RUN-TRF-003-20260831T154726155411Z
TRF-004,Ice Class Regulations and the Application Thereof,1.4,Static,DIRECT_STATIC,SINGLESHOT_CAPTURED_DIAGNOSTIC_PASS,True,NONE,PASS,PASS,PASS,PASS,True,True,,,1,1,0,0,0,0,0,True,True,10006,1358,11364,19370.785,19447.0,0.018154,True,RUN-TRF-004-20260831T154748503821Z,/Users/sadisfaction570/Desktop/Journal 1/NLTL_v2/MVP/SHACL_GENERATION_PIPELINE/experiments/LUNA_CONTEXTUAL_SINGLESHOT/RUN_01/runs/RUN-TRF-004-20260831T154748503821Z
TRF-005,Ice Class Regulations and the Application Thereof,1.5,Static,DIRECT_STATIC,SINGLESHOT_CAPTURED_DIAGNOSTIC_FAIL,False,TURTLE_PARSE_FAILURE,PASS,FAIL,NOT_RUN,FAIL,False,False,"Turtle parse error: at line 21 of <>:
Bad syntax (']' expected) at ^ in:
""...b'on edition must be the 2002 Ice Class Regulations.""\n        '^b'sh:select """"""\n            PREFIX nltl: <https://w3id.org/nlt'...""",,1,1,0,0,0,0,0,True,True,10349,2058,12407,32963.955,32973.0,0.022697,True,RUN-TRF-005-20260831T154808735740Z,/Users/sadisfaction570/Desktop/Journal 1/NLTL_v2/MVP/SHACL_GENERATION_PIPELINE/experiments/LUNA_CONTEXTUAL_SINGLESHOT/RUN_01/runs/RUN-TRF-005-20260831T154808735740Z
TRF-006,Ice Class Regulations and the Application Thereof,1.6,Static,DIRECT_STATIC,SINGLESHOT_CAPTURED_DIAGNOSTIC_PASS,True,NONE,PASS,PASS,PASS,PASS,True,True,,,1,1,0,0,0,0,0,True,True,12251,2596,14847,43824.978,43962.0,0.027827,True,RUN-TRF-006-20260831T154842510222Z,/Users/sadisfaction570/Desktop/Journal 1/NLTL_v2/MVP/SHACL_GENERATION_PIPELINE/experiments/LUNA_CONTEXTUAL_SINGLESHOT/RUN_01/runs/RUN-TRF-006-20260831T154842510222Z
TRF-007,Ice Class Regulations and the Application Thereof,1.6,Static,DIRECT_STATIC,SINGLESHOT_CAPTURED_DIAGNOSTIC_PASS,True,NONE,PASS,PASS,PASS,PASS,True,True,,,1,1,0,0,0,0,0,True,True,9580,2725,12305,38518.683,38610.0,0.02593,True,RUN-TRF-007-20260831T154927252925Z,/Users/sadisfaction570/Desktop/Journal 1/NLTL_v2/MVP/SHACL_GENERATION_PIPELINE/experiments/LUNA_CONTEXTUAL_SINGLESHOT/RUN_01/runs/RUN-TRF-007-20260831T154927252925Z
TRF-009,Ice Class Regulations and the Application Thereof,1.7,Static,DIRECT_STATIC,SINGLESHOT_CAPTURED_DIAGNOSTIC_FAIL,False,META_SHACL_FAILURE,PASS,PASS,FAIL,PASS,True,True,"SHACL runtime smoke execution error: Expected SelectQuery, found 'FILTER'  (at char 444), (line:12, col:17) | Embedded SHACL-SPARQL parse error: Expected SelectQuery, found 'FILTER'  (at char 287), (line:8, col:17)",,1,1,0,0,0,0,0,True,True,9580,2603,12183,37194.339,37305.0,0.025198,True,RUN-TRF-009-20260831T155006642980Z,/Users/sadisfaction570/Desktop/Journal 1/NLTL_v2/MVP/SHACL_GENERATION_PIPELINE/experiments/LUNA_CONTEXTUAL_SINGLESHOT/RUN_01/runs/RUN-TRF-009-20260831T155006642980Z
TRF-010,Ice Class Regulations and the Application Thereof,1.8,Static,DIRECT_STATIC,SINGLESHOT_CAPTURED_DIAGNOSTIC_PASS,True,NONE,PASS,PASS,PASS,PASS,True,True,,,1,1,0,0,0,0,0,True,True,7065,463,7528,5437.832,5488.0,0.009843,True,RUN-TRF-010-20260831T155044764620Z,/Users/sadisfaction570/Desktop/Journal 1/NLTL_v2/MVP/SHACL_GENERATION_PIPELINE/experiments/LUNA_CONTEXTUAL_SINGLESHOT/RUN_01/runs/RUN-TRF-010-20260831T155044764620Z
TRF-011,Ice Class Regulations and the Application Thereof,2.1,Static,DIRECT_STATIC,SINGLESHOT_CAPTURED_DIAGNOSTIC_PASS,True,NONE,PASS,PASS,PASS,PASS,True,True,,,1,1,0,0,0,0,0,True,True,7699,3458,11157,41184.516,41310.0,0.028447,True,RUN-TRF-011-20260831T155051040053Z,/Users/sadisfaction570/Desktop/Journal 1/NLTL_v2/MVP/SHACL_GENERATION_PIPELINE/experiments/LUNA_CONTEXTUAL_SINGLESHOT/RUN_01/runs/RUN-TRF-011-20260831T155051040053Z
TRF-012,Ice Class Regulations and the Application Thereof,2.1,Complex,COMPLEX_READINESS,SINGLESHOT_CAPTURED_DIAGNOSTIC_PASS,True,NONE,PASS,PASS,PASS,PASS,True,True,,,1,1,0,0,0,0,0,True,True,8816,1157,9973,13700.409,13799.0,0.015758,True,RUN-TRF-012-20260831T155133139589Z,/Users/sadisfaction570/Desktop/Journal 1/NLTL_v2/MVP/SHACL_GENERATION_PIPELINE/experiments/LUNA_CONTEXTUAL_SINGLESHOT/RUN_01/runs/RUN-TRF-012-20260831T155133139589Z
TRF-013,Ice Class Regulations and the Application Thereof,2.2,Static,DIRECT_STATIC,SINGLESHOT_CAPTURED_DIAGNOSTIC_PASS,True,NONE,PASS,PASS,PASS,PASS,True,True,,,1,1,0,0,0,0,0,True,True,12021,2029,14050,17970.599,18194.0,0.024195,True,RUN-TRF-013-20260831T155147710946Z,/Users/sadisfaction570/Desktop/Journal 1/NLTL_v2/MVP/SHACL_GENERATION_PIPELINE/experiments/LUNA_CONTEXTUAL_SINGLESHOT/RUN_01/runs/RUN-TRF-013-20260831T155147710946Z
TRF-014,Ice Class Regulations and the Application Thereof,2.2,Static,DIRECT_STATIC,SINGLESHOT_CAPTURED_DIAGNOSTIC_FAIL,False,TURTLE_PARSE_FAILURE,PASS,FAIL,NOT_RUN,FAIL,False,False,"Turtle parse error: at line 218 of <>:
Bad syntax (']' expected) at ^ in:
""...b'                  )\n                ]\n            )\n        '^b')\n    ) ;\n    sh:message ""The applicable ice-class marking c'...""",,1,1,0,0,0,0,0,True,True,15407,4363,19770,47026.608,47040.0,0.041585,True,RUN-TRF-014-20260831T155206682262Z,/Users/sadisfaction570/Desktop/Journal 1/NLTL_v2/MVP/SHACL_GENERATION_PIPELINE/experiments/LUNA_CONTEXTUAL_SINGLESHOT/RUN_01/runs/RUN-TRF-014-20260831T155206682262Z
TRF-015,Ice Class Regulations and the Application Thereof,2.2,Static,DIRECT_STATIC,SINGLESHOT_CAPTURED_DIAGNOSTIC_PASS,True,NONE,PASS,PASS,PASS,PASS,True,True,,,1,1,0,0,0,0,0,True,True,8251,2924,11175,30021.487,30253.0,0.025795,True,RUN-TRF-015-20260831T155254534819Z,/Users/sadisfaction570/Desktop/Journal 1/NLTL_v2/MVP/SHACL_GENERATION_PIPELINE/experiments/LUNA_CONTEXTUAL_SINGLESHOT/RUN_01/runs/RUN-TRF-015-20260831T155254534819Z
TRF-016,Ice Class Regulations and the Application Thereof,2.2,Static Calculation,DIRECT_CALCULATION,SINGLESHOT_CAPTURED_DIAGNOSTIC_FAIL,False,EXTRACTION_FAILURE,FAIL,NOT_RUN,NOT_RUN,NOT_RUN,False,False,Generator response must contain exactly one BEGIN_SHACL and END_SHACL marker,,1,1,0,0,0,0,0,True,False,10609,3242,13851,38860.958,38866.0,0.030061,True,RUN-TRF-016-20260831T155325559897Z,/Users/sadisfaction570/Desktop/Journal 1/NLTL_v2/MVP/SHACL_GENERATION_PIPELINE/experiments/LUNA_CONTEXTUAL_SINGLESHOT/RUN_01/runs/RUN-TRF-016-20260831T155325559897Z
TRF-017,Ice Class Regulations and the Application Thereof,3.1,Static,DIRECT_STATIC,SINGLESHOT_CAPTURED_DIAGNOSTIC_PASS,True,NONE,PASS,PASS,PASS,PASS,True,True,,,1,1,0,0,0,0,0,True,True,7192,1911,9103,20013.406,20168.0,0.018658,True,RUN-TRF-017-20260831T155405241864Z,/Users/sadisfaction570/Desktop/Journal 1/NLTL_v2/MVP/SHACL_GENERATION_PIPELINE/experiments/LUNA_CONTEXTUAL_SINGLESHOT/RUN_01/runs/RUN-TRF-017-20260831T155405241864Z
TRF-018,Ice Class Regulations and the Application Thereof,3.2,Static Calculation,DIRECT_CALCULATION,SINGLESHOT_CAPTURED_DIAGNOSTIC_PASS,True,NONE,PASS,PASS,PASS,PASS,True,True,,,1,1,0,0,0,0,0,True,True,8291,1934,10225,21482.93,21612.0,0.019895,True,RUN-TRF-018-20260831T155426197786Z,/Users/sadisfaction570/Desktop/Journal 1/NLTL_v2/MVP/SHACL_GENERATION_PIPELINE/experiments/LUNA_CONTEXTUAL_SINGLESHOT/RUN_01/runs/RUN-TRF-018-20260831T155426197786Z
TRF-020,Ice Class Regulations and the Application Thereof,3.2.2,Complex,COMPLEX_READINESS,SINGLESHOT_CAPTURED_DIAGNOSTIC_PASS,True,NONE,PASS,PASS,PASS,PASS,True,True,,,1,1,0,0,0,0,0,True,True,17000,4418,21418,45274.499,45685.0,0.043508,True,RUN-TRF-020-20260831T155448589725Z,/Users/sadisfaction570/Desktop/Journal 1/NLTL_v2/MVP/SHACL_GENERATION_PIPELINE/experiments/LUNA_CONTEXTUAL_SINGLESHOT/RUN_01/runs/RUN-TRF-020-20260831T155448589725Z
TRF-022,Ice Class Regulations and the Application Thereof,3.2.2,Complex,COMPLEX_READINESS,SINGLESHOT_CAPTURED_DIAGNOSTIC_FAIL,False,VOCABULARY_DIAGNOSTIC_FAILURE,PASS,PASS,PASS,FAIL,True,True,"Unknown canonical benchmark IRI(s): https://w3id.org/nltl/vocab#TRF022AngleQuantityShape, https://w3id.org/nltl/vocab#TRF022C34QuantityShape, https://w3id.org/nltl/vocab#TRF022C5QuantityShape, https://w3id.org/nltl/vocab#TRF022DimensionlessQuantityShape, https://w3id.org/nltl/vocab#TRF022F1QuantityShape, https://w3id.org/nltl/vocab#TRF022F23QuantityShape, https://w3id.org/nltl/vocab#TRF022G1QuantityShape, https://w3id.org/nltl/vocab#TRF022G3QuantityShape, https://w3id.org/nltl/vocab#TRF022LengthQuantityShape, https://w3id.org/nltl/vocab#TRF022ShipShape",,1,1,0,0,0,0,0,True,True,12511,2798,15309,22316.362,22625.0,0.029299,True,RUN-TRF-022-20260831T155535073110Z,/Users/sadisfaction570/Desktop/Journal 1/NLTL_v2/MVP/SHACL_GENERATION_PIPELINE/experiments/LUNA_CONTEXTUAL_SINGLESHOT/RUN_01/runs/RUN-TRF-022-20260831T155535073110Z
TRF-023,Ice Class Regulations and the Application Thereof,3.2.3,Static,DIRECT_STATIC,SINGLESHOT_CAPTURED_DIAGNOSTIC_PASS,True,NONE,PASS,PASS,PASS,PASS,True,True,,,1,1,0,0,0,0,0,True,True,10665,2884,13549,39900.874,39991.0,0.027969,True,RUN-TRF-023-20260831T155558493393Z,/Users/sadisfaction570/Desktop/Journal 1/NLTL_v2/MVP/SHACL_GENERATION_PIPELINE/experiments/LUNA_CONTEXTUAL_SINGLESHOT/RUN_01/runs/RUN-TRF-023-20260831T155558493393Z
TRF-024,Ice Class Regulations and the Application Thereof,3.2.4,Static,DIRECT_STATIC,SINGLESHOT_CAPTURED_DIAGNOSTIC_PASS,True,NONE,PASS,PASS,PASS,PASS,True,True,,,1,1,0,0,0,0,0,True,True,9546,2412,11958,27145.797,27265.0,0.024018,True,RUN-TRF-024-20260831T155639288264Z,/Users/sadisfaction570/Desktop/Journal 1/NLTL_v2/MVP/SHACL_GENERATION_PIPELINE/experiments/LUNA_CONTEXTUAL_SINGLESHOT/RUN_01/runs/RUN-TRF-024-20260831T155639288264Z
TRF-025,Ice Class Regulations and the Application Thereof,3.2.4,Complex,COMPLEX_READINESS,SINGLESHOT_CAPTURED_DIAGNOSTIC_PASS,True,NONE,PASS,PASS,PASS,PASS,True,True,,,1,1,0,0,0,0,0,True,True,12560,3232,15792,30006.511,30402.0,0.031952,True,RUN-TRF-025-20260831T155707355868Z,/Users/sadisfaction570/Desktop/Journal 1/NLTL_v2/MVP/SHACL_GENERATION_PIPELINE/experiments/LUNA_CONTEXTUAL_SINGLESHOT/RUN_01/runs/RUN-TRF-025-20260831T155707355868Z
TRF-026,Ice Class Regulations and the Application Thereof,3.2.4,Complex,COMPLEX_READINESS,SINGLESHOT_CAPTURED_DIAGNOSTIC_FAIL,False,TURTLE_PARSE_FAILURE,PASS,FAIL,NOT_RUN,FAIL,False,False,"Turtle parse error: at line 314 of <>:
Bad syntax (EOF found when expected verb in property list) at ^ in:
""...b'     ]\n        ]\n    ) .\n</urn:nltl:generated-shape:TRF-026>'^b'\n'""",,1,1,0,0,0,0,0,True,True,12224,3194,15418,29222.211,29240.0,0.031388,True,RUN-TRF-026-20260831T155738550360Z,/Users/sadisfaction570/Desktop/Journal 1/NLTL_v2/MVP/SHACL_GENERATION_PIPELINE/experiments/LUNA_CONTEXTUAL_SINGLESHOT/RUN_01/runs/RUN-TRF-026-20260831T155738550360Z
TRF-027,Ice Class Regulations and the Application Thereof,3.2.4,Static Calculation,DIRECT_CALCULATION,SINGLESHOT_CAPTURED_DIAGNOSTIC_FAIL,False,EXTRACTION_FAILURE,FAIL,NOT_RUN,NOT_RUN,NOT_RUN,False,False,Generator response must contain exactly one BEGIN_SHACL and END_SHACL marker,,1,1,0,0,0,0,0,True,False,13767,4712,18479,40217.079,40222.0,0.042039,True,RUN-TRF-027-20260831T155808588452Z,/Users/sadisfaction570/Desktop/Journal 1/NLTL_v2/MVP/SHACL_GENERATION_PIPELINE/experiments/LUNA_CONTEXTUAL_SINGLESHOT/RUN_01/runs/RUN-TRF-027-20260831T155808588452Z
TRF-028,Ice Class Regulations and the Application Thereof,3.2.5,Complex,COMPLEX_READINESS,SINGLESHOT_CAPTURED_DIAGNOSTIC_PASS,True,NONE,PASS,PASS,PASS,PASS,True,True,,,1,1,0,0,0,0,0,True,True,9979,2288,12267,30452.121,30590.0,0.023707,True,RUN-TRF-028-20260831T155849615484Z,/Users/sadisfaction570/Desktop/Journal 1/NLTL_v2/MVP/SHACL_GENERATION_PIPELINE/experiments/LUNA_CONTEXTUAL_SINGLESHOT/RUN_01/runs/RUN-TRF-028-20260831T155849615484Z
TRF-029,Ice Class Regulations and the Application Thereof,4.1,Static,DIRECT_STATIC,SINGLESHOT_CAPTURED_DIAGNOSTIC_PASS,True,NONE,PASS,PASS,PASS,PASS,True,True,,,1,1,0,0,0,0,0,True,True,7894,938,8832,11068.501,11164.0,0.013522,True,RUN-TRF-029-20260831T155920983948Z,/Users/sadisfaction570/Desktop/Journal 1/NLTL_v2/MVP/SHACL_GENERATION_PIPELINE/experiments/LUNA_CONTEXTUAL_SINGLESHOT/RUN_01/runs/RUN-TRF-029-20260831T155920983948Z
TRF-030,Ice Class Regulations and the Application Thereof,4.1,Complex,COMPLEX_READINESS,SINGLESHOT_CAPTURED_DIAGNOSTIC_PASS,True,NONE,PASS,PASS,PASS,PASS,True,True,,,1,1,0,0,0,0,0,True,True,14539,3194,17733,37620.959,37861.0,0.033703,True,RUN-TRF-030-20260831T155932929721Z,/Users/sadisfaction570/Desktop/Journal 1/NLTL_v2/MVP/SHACL_GENERATION_PIPELINE/experiments/LUNA_CONTEXTUAL_SINGLESHOT/RUN_01/runs/RUN-TRF-030-20260831T155932929721Z
TRF-031,Ice Class Regulations and the Application Thereof,4.1,Static Calculation,DIRECT_CALCULATION,SINGLESHOT_CAPTURED_DIAGNOSTIC_FAIL,False,EXTRACTION_FAILURE,FAIL,NOT_RUN,NOT_RUN,NOT_RUN,False,False,Generator response must contain exactly one BEGIN_SHACL and END_SHACL marker,,1,1,0,0,0,0,0,True,False,7219,2842,10061,36829.449,36830.0,0.024271,True,RUN-TRF-031-20260831T160011570017Z,/Users/sadisfaction570/Desktop/Journal 1/NLTL_v2/MVP/SHACL_GENERATION_PIPELINE/experiments/LUNA_CONTEXTUAL_SINGLESHOT/RUN_01/runs/RUN-TRF-031-20260831T160011570017Z
TRF-032,Ice Class Regulations and the Application Thereof,4.1,Static,DIRECT_STATIC,SINGLESHOT_CAPTURED_DIAGNOSTIC_PASS,True,NONE,PASS,PASS,PASS,PASS,True,True,,,1,1,0,0,0,0,0,True,True,6983,2795,9778,40358.216,40491.0,0.023753,True,RUN-TRF-032-20260831T160049194068Z,/Users/sadisfaction570/Desktop/Journal 1/NLTL_v2/MVP/SHACL_GENERATION_PIPELINE/experiments/LUNA_CONTEXTUAL_SINGLESHOT/RUN_01/runs/RUN-TRF-032-20260831T160049194068Z
TRF-034,Ice Class Regulations and the Application Thereof,4.1,Complex,COMPLEX_READINESS,SINGLESHOT_CAPTURED_DIAGNOSTIC_FAIL,False,EXTRACTION_FAILURE,FAIL,NOT_RUN,NOT_RUN,NOT_RUN,False,False,Generator response must contain exactly one BEGIN_SHACL and END_SHACL marker,,1,1,0,0,0,0,0,True,False,9044,1721,10765,21350.145,21357.0,0.01937,True,RUN-TRF-034-20260831T160130468496Z,/Users/sadisfaction570/Desktop/Journal 1/NLTL_v2/MVP/SHACL_GENERATION_PIPELINE/experiments/LUNA_CONTEXTUAL_SINGLESHOT/RUN_01/runs/RUN-TRF-034-20260831T160130468496Z
TRF-035,Ice Class Regulations and the Application Thereof,4.1.1,Static,DIRECT_STATIC,SINGLESHOT_CAPTURED_DIAGNOSTIC_PASS,True,NONE,PASS,PASS,PASS,PASS,True,True,,,1,1,0,0,0,0,0,True,True,7919,1111,9030,13830.399,13928.0,0.014585,True,RUN-TRF-035-20260831T160152630663Z,/Users/sadisfaction570/Desktop/Journal 1/NLTL_v2/MVP/SHACL_GENERATION_PIPELINE/experiments/LUNA_CONTEXTUAL_SINGLESHOT/RUN_01/runs/RUN-TRF-035-20260831T160152630663Z
TRF-036,Ice Class Regulations and the Application Thereof,4.2.1,Static,DIRECT_STATIC,SINGLESHOT_CAPTURED_DIAGNOSTIC_PASS,True,NONE,PASS,PASS,PASS,PASS,True,True,,,1,1,0,0,0,0,0,True,True,9372,2807,12179,33317.715,33603.0,0.026214,True,RUN-TRF-036-20260831T160207360916Z,/Users/sadisfaction570/Desktop/Journal 1/NLTL_v2/MVP/SHACL_GENERATION_PIPELINE/experiments/LUNA_CONTEXTUAL_SINGLESHOT/RUN_01/runs/RUN-TRF-036-20260831T160207360916Z
TRF-037,Ice Class Regulations and the Application Thereof,4.2.2,Static Calculation,DIRECT_CALCULATION,SINGLESHOT_CAPTURED_DIAGNOSTIC_PASS,True,NONE,PASS,PASS,PASS,PASS,True,True,,,1,1,0,0,0,0,0,True,True,11432,2655,14087,25950.461,26225.0,0.027362,True,RUN-TRF-037-20260831T160241746717Z,/Users/sadisfaction570/Desktop/Journal 1/NLTL_v2/MVP/SHACL_GENERATION_PIPELINE/experiments/LUNA_CONTEXTUAL_SINGLESHOT/RUN_01/runs/RUN-TRF-037-20260831T160241746717Z
TRF-040,Ice Class Regulations and the Application Thereof,4.3.1,Static,DIRECT_STATIC,SINGLESHOT_CAPTURED_DIAGNOSTIC_PASS,True,NONE,PASS,PASS,PASS,PASS,True,True,,,1,1,0,0,0,0,0,True,True,12442,2724,15166,29340.1,29727.0,0.028786,True,RUN-TRF-040-20260831T160308769879Z,/Users/sadisfaction570/Desktop/Journal 1/NLTL_v2/MVP/SHACL_GENERATION_PIPELINE/experiments/LUNA_CONTEXTUAL_SINGLESHOT/RUN_01/runs/RUN-TRF-040-20260831T160308769879Z
TRF-041,Ice Class Regulations and the Application Thereof,4.3.2,Complex,COMPLEX_READINESS,SINGLESHOT_CAPTURED_DIAGNOSTIC_PASS,True,NONE,PASS,PASS,PASS,PASS,True,True,,,1,1,0,0,0,0,0,True,True,13273,1918,15191,20525.429,20778.0,0.024781,True,RUN-TRF-041-20260831T160339292944Z,/Users/sadisfaction570/Desktop/Journal 1/NLTL_v2/MVP/SHACL_GENERATION_PIPELINE/experiments/LUNA_CONTEXTUAL_SINGLESHOT/RUN_01/runs/RUN-TRF-041-20260831T160339292944Z
TRF-042,Ice Class Regulations and the Application Thereof,4.3.2,Static Calculation,DIRECT_CALCULATION,SINGLESHOT_CAPTURED_DIAGNOSTIC_FAIL,False,META_SHACL_FAILURE,PASS,PASS,FAIL,PASS,True,True,"SHACL runtime smoke execution error: Expected SelectQuery, found 'UNION'  (at char 660), (line:18, col:17) | Embedded SHACL-SPARQL parse error: Expected SelectQuery, found 'UNION'  (at char 503), (line:14, col:17)",,1,1,0,0,0,0,0,True,True,13397,2902,16299,31672.822,31852.0,0.030809,True,RUN-TRF-042-20260831T160400869199Z,/Users/sadisfaction570/Desktop/Journal 1/NLTL_v2/MVP/SHACL_GENERATION_PIPELINE/experiments/LUNA_CONTEXTUAL_SINGLESHOT/RUN_01/runs/RUN-TRF-042-20260831T160400869199Z
TRF-043,Ice Class Regulations and the Application Thereof,4.4.1,Static,DIRECT_STATIC,SINGLESHOT_CAPTURED_DIAGNOSTIC_PASS,True,NONE,PASS,PASS,PASS,PASS,True,True,,,1,1,0,0,0,0,0,True,True,14084,4148,18232,51924.855,52173.0,0.038972,True,RUN-TRF-043-20260831T160433505359Z,/Users/sadisfaction570/Desktop/Journal 1/NLTL_v2/MVP/SHACL_GENERATION_PIPELINE/experiments/LUNA_CONTEXTUAL_SINGLESHOT/RUN_01/runs/RUN-TRF-043-20260831T160433505359Z
TRF-044,Ice Class Regulations and the Application Thereof,4.4.2.1,Static Calculation,DIRECT_CALCULATION,SINGLESHOT_CAPTURED_DIAGNOSTIC_PASS,True,NONE,PASS,PASS,PASS,PASS,True,True,,,1,1,0,0,0,0,0,True,True,12844,3092,15936,31442.339,31763.0,0.031396,True,RUN-TRF-044-20260831T160526466532Z,/Users/sadisfaction570/Desktop/Journal 1/NLTL_v2/MVP/SHACL_GENERATION_PIPELINE/experiments/LUNA_CONTEXTUAL_SINGLESHOT/RUN_01/runs/RUN-TRF-044-20260831T160526466532Z
TRF-045,Ice Class Regulations and the Application Thereof,4.4.2.1,Static,DIRECT_STATIC,SINGLESHOT_CAPTURED_DIAGNOSTIC_PASS,True,NONE,PASS,PASS,PASS,PASS,True,True,,,1,1,0,0,0,0,0,True,True,6951,2915,9866,40952.499,41080.0,0.024441,True,RUN-TRF-045-20260831T160559023128Z,/Users/sadisfaction570/Desktop/Journal 1/NLTL_v2/MVP/SHACL_GENERATION_PIPELINE/experiments/LUNA_CONTEXTUAL_SINGLESHOT/RUN_01/runs/RUN-TRF-045-20260831T160559023128Z
TRF-046,Ice Class Regulations and the Application Thereof,4.4.2.2,Static,DIRECT_STATIC,SINGLESHOT_CAPTURED_DIAGNOSTIC_PASS,True,NONE,PASS,PASS,PASS,PASS,True,True,,,1,1,0,0,0,0,0,True,True,11760,1926,13686,31238.323,31281.0,0.023316,True,RUN-TRF-046-20260831T160640888240Z,/Users/sadisfaction570/Desktop/Journal 1/NLTL_v2/MVP/SHACL_GENERATION_PIPELINE/experiments/LUNA_CONTEXTUAL_SINGLESHOT/RUN_01/runs/RUN-TRF-046-20260831T160640888240Z
TRF-047,Ice Class Regulations and the Application Thereof,4.4.2.3,Static,DIRECT_STATIC,SINGLESHOT_CAPTURED_DIAGNOSTIC_FAIL,False,VOCABULARY_DIAGNOSTIC_FAILURE,PASS,PASS,PASS,FAIL,True,True,"Unapproved external/generated IRI(s): nltl:generated-shape-trf-047-attached-route, nltl:generated-shape-trf-047-frame, nltl:generated-shape-trf-047-horizontal-route",,1,1,0,0,0,0,0,True,True,12263,3099,15362,41250.821,41467.0,0.030857,True,RUN-TRF-047-20260831T160712984316Z,/Users/sadisfaction570/Desktop/Journal 1/NLTL_v2/MVP/SHACL_GENERATION_PIPELINE/experiments/LUNA_CONTEXTUAL_SINGLESHOT/RUN_01/runs/RUN-TRF-047-20260831T160712984316Z
TRF-048,Ice Class Regulations and the Application Thereof,4.4.3,Static Calculation,DIRECT_CALCULATION,SINGLESHOT_CAPTURED_DIAGNOSTIC_PASS,True,NONE,PASS,PASS,PASS,PASS,True,True,,,1,1,0,0,0,0,0,True,True,14480,3485,17965,37989.499,38258.0,0.03539,True,RUN-TRF-048-20260831T160755240388Z,/Users/sadisfaction570/Desktop/Journal 1/NLTL_v2/MVP/SHACL_GENERATION_PIPELINE/experiments/LUNA_CONTEXTUAL_SINGLESHOT/RUN_01/runs/RUN-TRF-048-20260831T160755240388Z
TRF-049,Ice Class Regulations and the Application Thereof,4.4.4.1,Static,DIRECT_STATIC,SINGLESHOT_CAPTURED_DIAGNOSTIC_FAIL,False,TURTLE_PARSE_FAILURE,PASS,FAIL,NOT_RUN,FAIL,False,False,"Turtle parse error: at line 92 of <>:
Bad syntax (expected item in list or ')') at ^ in:
""...b'            ]\n                        ]\n                    '^b']\n                ]\n            ) ;\n            sh:property '...""",,1,1,0,0,0,0,0,True,True,12805,4297,17102,51171.675,51183.0,0.038587,True,RUN-TRF-049-20260831T160834284267Z,/Users/sadisfaction570/Desktop/Journal 1/NLTL_v2/MVP/SHACL_GENERATION_PIPELINE/experiments/LUNA_CONTEXTUAL_SINGLESHOT/RUN_01/runs/RUN-TRF-049-20260831T160834284267Z
TRF-050,Ice Class Regulations and the Application Thereof,4.4.4.2,Static,DIRECT_STATIC,SINGLESHOT_CAPTURED_DIAGNOSTIC_PASS,True,NONE,PASS,PASS,PASS,PASS,True,True,,,1,1,0,0,0,0,0,True,True,7484,1532,9016,26963.14,27054.0,0.016676,True,RUN-TRF-050-20260831T160926284347Z,/Users/sadisfaction570/Desktop/Journal 1/NLTL_v2/MVP/SHACL_GENERATION_PIPELINE/experiments/LUNA_CONTEXTUAL_SINGLESHOT/RUN_01/runs/RUN-TRF-050-20260831T160926284347Z
TRF-051,Ice Class Regulations and the Application Thereof,4.4.4.2,Complex,COMPLEX_READINESS,SINGLESHOT_CAPTURED_DIAGNOSTIC_PASS,True,NONE,PASS,PASS,PASS,PASS,True,True,,,1,1,0,0,0,0,0,True,True,14298,1488,15786,13727.327,13903.0,0.023226,True,RUN-TRF-051-20260831T160954120572Z,/Users/sadisfaction570/Desktop/Journal 1/NLTL_v2/MVP/SHACL_GENERATION_PIPELINE/experiments/LUNA_CONTEXTUAL_SINGLESHOT/RUN_01/runs/RUN-TRF-051-20260831T160954120572Z
TRF-052,Ice Class Regulations and the Application Thereof,4.4.4.2,Static,DIRECT_STATIC,SINGLESHOT_CAPTURED_DIAGNOSTIC_PASS,True,NONE,PASS,PASS,PASS,PASS,True,True,,,1,1,0,0,0,0,0,True,True,10908,4000,14908,43161.846,43311.0,0.034908,True,RUN-TRF-052-20260831T161008802761Z,/Users/sadisfaction570/Desktop/Journal 1/NLTL_v2/MVP/SHACL_GENERATION_PIPELINE/experiments/LUNA_CONTEXTUAL_SINGLESHOT/RUN_01/runs/RUN-TRF-052-20260831T161008802761Z
TRF-053,Ice Class Regulations and the Application Thereof,4.5.1,Static Calculation,DIRECT_CALCULATION,SINGLESHOT_CAPTURED_DIAGNOSTIC_PASS,True,NONE,PASS,PASS,PASS,PASS,True,True,,,1,1,0,0,0,0,0,True,True,10517,2873,13390,35428.226,35707.0,0.027755,True,RUN-TRF-053-20260831T161052906880Z,/Users/sadisfaction570/Desktop/Journal 1/NLTL_v2/MVP/SHACL_GENERATION_PIPELINE/experiments/LUNA_CONTEXTUAL_SINGLESHOT/RUN_01/runs/RUN-TRF-053-20260831T161052906880Z
TRF-054,Ice Class Regulations and the Application Thereof,4.5.2,Static Calculation,DIRECT_CALCULATION,SINGLESHOT_CAPTURED_DIAGNOSTIC_FAIL,False,DATATYPE_UNIT_FAILURE,PASS,PASS,PASS,PASS,False,True,"Quantity property icePressure must point to a QUDT QuantityValue node, not a direct literal datatype | Quantity property designIceLoadHeight must point to a QUDT QuantityValue node, not a direct literal datatype | Quantity property span must point to a QUDT QuantityValue node, not a direct literal datatype | Quantity property frameMomentFactorM must point to a QUDT QuantityValue node, not a direct literal datatype | Quantity property yieldStrength must point to a QUDT QuantityValue node, not a direct literal datatype | Quantity property distanceToIceBelt must point to a QUDT QuantityValue node, not a direct literal datatype | Quantity property stringerSpan must point to a QUDT QuantityValue node, not a direct literal datatype | Quantity property designLineLoad must point to a QUDT QuantityValue node, not a direct literal datatype | Quantity property outsideIceBeltFactor must point to a QUDT QuantityValue node, not a direct literal datatype | Quantity property sectionModulus must point to a QUDT QuantityValue node, not a direct literal datatype | Quantity property requiredShearArea must point to a QUDT QuantityValue node, not a direct literal datatype",,1,1,0,0,0,0,0,True,True,12153,3753,15906,36417.377,36773.0,0.034671,True,RUN-TRF-054-20260831T161129396293Z,/Users/sadisfaction570/Desktop/Journal 1/NLTL_v2/MVP/SHACL_GENERATION_PIPELINE/experiments/LUNA_CONTEXTUAL_SINGLESHOT/RUN_01/runs/RUN-TRF-054-20260831T161129396293Z
TRF-055,Ice Class Regulations and the Application Thereof,4.5.3,Static,DIRECT_STATIC,SINGLESHOT_CAPTURED_DIAGNOSTIC_PASS,True,NONE,PASS,PASS,PASS,PASS,True,True,,,1,1,0,0,0,0,0,True,True,11741,3532,15273,42883.826,43153.0,0.032933,True,RUN-TRF-055-20260831T161206962022Z,/Users/sadisfaction570/Desktop/Journal 1/NLTL_v2/MVP/SHACL_GENERATION_PIPELINE/experiments/LUNA_CONTEXTUAL_SINGLESHOT/RUN_01/runs/RUN-TRF-055-20260831T161206962022Z
TRF-056,Ice Class Regulations and the Application Thereof,4.5.3,Static,DIRECT_STATIC,SINGLESHOT_CAPTURED_DIAGNOSTIC_FAIL,False,EXTRACTION_FAILURE,FAIL,NOT_RUN,NOT_RUN,NOT_RUN,False,False,Generator response must contain exactly one BEGIN_SHACL and END_SHACL marker,,1,1,0,0,0,0,0,True,False,8560,2909,11469,36169.288,36174.0,0.026014,True,RUN-TRF-056-20260831T161250898858Z,/Users/sadisfaction570/Desktop/Journal 1/NLTL_v2/MVP/SHACL_GENERATION_PIPELINE/experiments/LUNA_CONTEXTUAL_SINGLESHOT/RUN_01/runs/RUN-TRF-056-20260831T161250898858Z
TRF-057,Ice Class Regulations and the Application Thereof,4.6.1,Static Calculation,DIRECT_CALCULATION,SINGLESHOT_CAPTURED_DIAGNOSTIC_PASS,True,NONE,PASS,PASS,PASS,PASS,True,True,,,1,1,0,0,0,0,0,True,True,9129,1855,10984,21038.849,21191.0,0.020259,True,RUN-TRF-057-20260831T161327892684Z,/Users/sadisfaction570/Desktop/Journal 1/NLTL_v2/MVP/SHACL_GENERATION_PIPELINE/experiments/LUNA_CONTEXTUAL_SINGLESHOT/RUN_01/runs/RUN-TRF-057-20260831T161327892684Z
TRF-058,Ice Class Regulations and the Application Thereof,4.6.1,Static Calculation,DIRECT_CALCULATION,SINGLESHOT_CAPTURED_DIAGNOSTIC_PASS,True,NONE,PASS,PASS,PASS,PASS,True,True,,,1,1,0,0,0,0,0,True,True,7159,2091,9250,24041.389,24217.0,0.019705,True,RUN-TRF-058-20260831T161349878556Z,/Users/sadisfaction570/Desktop/Journal 1/NLTL_v2/MVP/SHACL_GENERATION_PIPELINE/experiments/LUNA_CONTEXTUAL_SINGLESHOT/RUN_01/runs/RUN-TRF-058-20260831T161349878556Z
TRF-059,Ice Class Regulations and the Application Thereof,4.6.2,Static Calculation,DIRECT_CALCULATION,SINGLESHOT_CAPTURED_DIAGNOSTIC_PASS,True,NONE,PASS,PASS,PASS,PASS,True,True,,,1,1,0,0,0,0,0,True,True,9211,2469,11680,28978.553,29194.0,0.024025,True,RUN-TRF-059-20260831T161414873626Z,/Users/sadisfaction570/Desktop/Journal 1/NLTL_v2/MVP/SHACL_GENERATION_PIPELINE/experiments/LUNA_CONTEXTUAL_SINGLESHOT/RUN_01/runs/RUN-TRF-059-20260831T161414873626Z
TRF-060,Ice Class Regulations and the Application Thereof,4.6.2,Complex,COMPLEX_READINESS,SINGLESHOT_CAPTURED_DIAGNOSTIC_PASS,True,NONE,PASS,PASS,PASS,PASS,True,True,,,1,1,0,0,0,0,0,True,True,15067,3083,18150,29578.284,29901.0,0.033565,True,RUN-TRF-060-20260831T161444847428Z,/Users/sadisfaction570/Desktop/Journal 1/NLTL_v2/MVP/SHACL_GENERATION_PIPELINE/experiments/LUNA_CONTEXTUAL_SINGLESHOT/RUN_01/runs/RUN-TRF-060-20260831T161444847428Z
TRF-062,Ice Class Regulations and the Application Thereof,4.8,Static,DIRECT_STATIC,SINGLESHOT_CAPTURED_DIAGNOSTIC_PASS,True,NONE,PASS,PASS,PASS,PASS,True,True,,,1,1,0,0,0,0,0,True,True,6071,1028,7099,13972.141,14035.0,0.012239,True,RUN-TRF-062-20260831T161515534448Z,/Users/sadisfaction570/Desktop/Journal 1/NLTL_v2/MVP/SHACL_GENERATION_PIPELINE/experiments/LUNA_CONTEXTUAL_SINGLESHOT/RUN_01/runs/RUN-TRF-062-20260831T161515534448Z
TRF-063,Ice Class Regulations and the Application Thereof,4.8,Static,DIRECT_STATIC,SINGLESHOT_CAPTURED_DIAGNOSTIC_FAIL,False,EXTRACTION_FAILURE,FAIL,NOT_RUN,NOT_RUN,NOT_RUN,False,False,Generator response must contain exactly one BEGIN_SHACL and END_SHACL marker,,1,1,0,0,0,0,0,True,False,8736,3007,11743,40915.08,40923.0,0.026778,True,RUN-TRF-063-20260831T161530508503Z,/Users/sadisfaction570/Desktop/Journal 1/NLTL_v2/MVP/SHACL_GENERATION_PIPELINE/experiments/LUNA_CONTEXTUAL_SINGLESHOT/RUN_01/runs/RUN-TRF-063-20260831T161530508503Z
TRF-064,Ice Class Regulations and the Application Thereof,4.8,Static,DIRECT_STATIC,SINGLESHOT_CAPTURED_DIAGNOSTIC_PASS,True,NONE,PASS,PASS,PASS,PASS,True,True,,,1,1,0,0,0,0,0,True,True,10439,2586,13025,30781.093,30911.0,0.025955,True,RUN-TRF-064-20260831T161612230619Z,/Users/sadisfaction570/Desktop/Journal 1/NLTL_v2/MVP/SHACL_GENERATION_PIPELINE/experiments/LUNA_CONTEXTUAL_SINGLESHOT/RUN_01/runs/RUN-TRF-064-20260831T161612230619Z
TRF-066,Ice Class Regulations and the Application Thereof,5,Static,DIRECT_STATIC,SINGLESHOT_CAPTURED_DIAGNOSTIC_PASS,True,NONE,PASS,PASS,PASS,PASS,True,True,,,1,1,0,0,0,0,0,True,True,9294,2944,12238,38390.713,38586.0,0.026958,True,RUN-TRF-066-20260831T161643925381Z,/Users/sadisfaction570/Desktop/Journal 1/NLTL_v2/MVP/SHACL_GENERATION_PIPELINE/experiments/LUNA_CONTEXTUAL_SINGLESHOT/RUN_01/runs/RUN-TRF-066-20260831T161643925381Z
TRF-067,Ice Class Regulations and the Application Thereof,5,Static,DIRECT_STATIC,SINGLESHOT_CAPTURED_DIAGNOSTIC_PASS,True,NONE,PASS,PASS,PASS,PASS,True,True,,,1,1,0,0,0,0,0,True,True,8429,1468,9897,21230.646,21322.0,0.017237,True,RUN-TRF-067-20260831T161723297563Z,/Users/sadisfaction570/Desktop/Journal 1/NLTL_v2/MVP/SHACL_GENERATION_PIPELINE/experiments/LUNA_CONTEXTUAL_SINGLESHOT/RUN_01/runs/RUN-TRF-067-20260831T161723297563Z
TRF-069,Ice Class Regulations and the Application Thereof,6.1,Static,DIRECT_STATIC,SINGLESHOT_CAPTURED_DIAGNOSTIC_FAIL,False,EXTRACTION_FAILURE,FAIL,NOT_RUN,NOT_RUN,NOT_RUN,False,False,Generator response must contain exactly one BEGIN_SHACL and END_SHACL marker,,1,1,0,0,0,0,0,True,False,11178,2726,13904,39487.924,39495.0,0.027534,True,RUN-TRF-069-20260831T161745414620Z,/Users/sadisfaction570/Desktop/Journal 1/NLTL_v2/MVP/SHACL_GENERATION_PIPELINE/experiments/LUNA_CONTEXTUAL_SINGLESHOT/RUN_01/runs/RUN-TRF-069-20260831T161745414620Z
TRF-070,Ice Class Regulations and the Application Thereof,6.1,Complex,COMPLEX_READINESS,SINGLESHOT_CAPTURED_DIAGNOSTIC_PASS,True,NONE,PASS,PASS,PASS,PASS,True,True,,,1,1,0,0,0,0,0,True,True,10180,3314,13494,47418.564,47631.0,0.030064,True,RUN-TRF-070-20260831T161825716084Z,/Users/sadisfaction570/Desktop/Journal 1/NLTL_v2/MVP/SHACL_GENERATION_PIPELINE/experiments/LUNA_CONTEXTUAL_SINGLESHOT/RUN_01/runs/RUN-TRF-070-20260831T161825716084Z
TRF-074,Ice Class Regulations and the Application Thereof,6.5,Static,DIRECT_STATIC,SINGLESHOT_CAPTURED_DIAGNOSTIC_FAIL,False,TURTLE_PARSE_FAILURE,PASS,FAIL,NOT_RUN,FAIL,False,False,"Turtle parse error: at line 118 of <>:
Bad syntax (EOF found when expected verb in property list) at ^ in:
""...b'     ]\n    ) .\n</urn:nltl:generated-shape:TRF-074-ShipShape>'^b'\n'""",,1,1,0,0,0,0,0,True,True,8229,2535,10764,29942.305,29953.0,0.023439,True,RUN-TRF-074-20260831T161914116961Z,/Users/sadisfaction570/Desktop/Journal 1/NLTL_v2/MVP/SHACL_GENERATION_PIPELINE/experiments/LUNA_CONTEXTUAL_SINGLESHOT/RUN_01/runs/RUN-TRF-074-20260831T161914116961Z
TRF-075,Ice Class Regulations and the Application Thereof,6.5.1,Static,DIRECT_STATIC,SINGLESHOT_CAPTURED_DIAGNOSTIC_PASS,True,NONE,PASS,PASS,PASS,PASS,True,True,,,1,1,0,0,0,0,0,True,True,8523,1089,9612,15472.442,15574.0,0.015057,True,RUN-TRF-075-20260831T161944867884Z,/Users/sadisfaction570/Desktop/Journal 1/NLTL_v2/MVP/SHACL_GENERATION_PIPELINE/experiments/LUNA_CONTEXTUAL_SINGLESHOT/RUN_01/runs/RUN-TRF-075-20260831T161944867884Z
TRF-076,Ice Class Regulations and the Application Thereof,6.5.1.3,Static,DIRECT_STATIC,SINGLESHOT_CAPTURED_DIAGNOSTIC_PASS,True,NONE,PASS,PASS,PASS,PASS,True,True,,,1,1,0,0,0,0,0,True,True,7037,2887,9924,33866.385,34087.0,0.024359,True,RUN-TRF-076-20260831T162001219959Z,/Users/sadisfaction570/Desktop/Journal 1/NLTL_v2/MVP/SHACL_GENERATION_PIPELINE/experiments/LUNA_CONTEXTUAL_SINGLESHOT/RUN_01/runs/RUN-TRF-076-20260831T162001219959Z
TRF-077,Ice Class Regulations and the Application Thereof,6.5.1.8,Static,DIRECT_STATIC,SINGLESHOT_CAPTURED_DIAGNOSTIC_PASS,True,NONE,PASS,PASS,PASS,PASS,True,True,,,1,1,0,0,0,0,0,True,True,7233,2308,9541,24577.605,24748.0,0.021081,True,RUN-TRF-077-20260831T162036078618Z,/Users/sadisfaction570/Desktop/Journal 1/NLTL_v2/MVP/SHACL_GENERATION_PIPELINE/experiments/LUNA_CONTEXTUAL_SINGLESHOT/RUN_01/runs/RUN-TRF-077-20260831T162036078618Z
TRF-078,Ice Class Regulations and the Application Thereof,6.5.1.9,Static Calculation,DIRECT_CALCULATION,SINGLESHOT_CAPTURED_DIAGNOSTIC_PASS,True,NONE,PASS,PASS,PASS,PASS,True,True,,,1,1,0,0,0,0,0,True,True,15394,3010,18404,34027.215,34202.0,0.033454,True,RUN-TRF-078-20260831T162101598331Z,/Users/sadisfaction570/Desktop/Journal 1/NLTL_v2/MVP/SHACL_GENERATION_PIPELINE/experiments/LUNA_CONTEXTUAL_SINGLESHOT/RUN_01/runs/RUN-TRF-078-20260831T162101598331Z
TRF-079,Ice Class Regulations and the Application Thereof,6.5.1.9,Static Calculation,DIRECT_CALCULATION,SINGLESHOT_CAPTURED_DIAGNOSTIC_PASS,True,NONE,PASS,PASS,PASS,PASS,True,True,,,1,1,0,0,0,0,0,True,True,7572,2288,9860,26635.645,26843.0,0.0213,True,RUN-TRF-079-20260831T162136587065Z,/Users/sadisfaction570/Desktop/Journal 1/NLTL_v2/MVP/SHACL_GENERATION_PIPELINE/experiments/LUNA_CONTEXTUAL_SINGLESHOT/RUN_01/runs/RUN-TRF-079-20260831T162136587065Z
TRF-080,Ice Class Regulations and the Application Thereof,6.5.1.9,Static Calculation,DIRECT_CALCULATION,SINGLESHOT_CAPTURED_DIAGNOSTIC_PASS,True,NONE,PASS,PASS,PASS,PASS,True,True,,,1,1,0,0,0,0,0,True,True,7005,1151,8156,13114.294,13203.0,0.013911,True,RUN-TRF-080-20260831T162204197124Z,/Users/sadisfaction570/Desktop/Journal 1/NLTL_v2/MVP/SHACL_GENERATION_PIPELINE/experiments/LUNA_CONTEXTUAL_SINGLESHOT/RUN_01/runs/RUN-TRF-080-20260831T162204197124Z
TRF-081,Ice Class Regulations and the Application Thereof,6.5.2.1-6.5.2.2,Static Calculation,DIRECT_CALCULATION,SINGLESHOT_CAPTURED_DIAGNOSTIC_PASS,True,NONE,PASS,PASS,PASS,PASS,True,True,,,1,1,0,0,0,0,0,True,True,8651,2467,11118,18942.839,19227.0,0.023453,True,RUN-TRF-081-20260831T162218174084Z,/Users/sadisfaction570/Desktop/Journal 1/NLTL_v2/MVP/SHACL_GENERATION_PIPELINE/experiments/LUNA_CONTEXTUAL_SINGLESHOT/RUN_01/runs/RUN-TRF-081-20260831T162218174084Z
TRF-082,Ice Class Regulations and the Application Thereof,6.5.2.2,Static,DIRECT_STATIC,SINGLESHOT_CAPTURED_DIAGNOSTIC_PASS,True,NONE,PASS,PASS,PASS,PASS,True,True,,,1,1,0,0,0,0,0,True,True,10623,1793,12416,22076.384,22205.0,0.021381,True,RUN-TRF-082-20260831T162238180957Z,/Users/sadisfaction570/Desktop/Journal 1/NLTL_v2/MVP/SHACL_GENERATION_PIPELINE/experiments/LUNA_CONTEXTUAL_SINGLESHOT/RUN_01/runs/RUN-TRF-082-20260831T162238180957Z
TRF-083,Ice Class Regulations and the Application Thereof,6.5.3.1,Static,DIRECT_STATIC,SINGLESHOT_CAPTURED_DIAGNOSTIC_PASS,True,NONE,PASS,PASS,PASS,PASS,True,True,,,1,1,0,0,0,0,0,True,True,10978,1606,12584,81404.132,81530.0,0.020614,True,RUN-TRF-083-20260831T162301183948Z,/Users/sadisfaction570/Desktop/Journal 1/NLTL_v2/MVP/SHACL_GENERATION_PIPELINE/experiments/LUNA_CONTEXTUAL_SINGLESHOT/RUN_01/runs/RUN-TRF-083-20260831T162301183948Z
TRF-084,Ice Class Regulations and the Application Thereof,6.5.3.1,Static Calculation,DIRECT_CALCULATION,SINGLESHOT_CAPTURED_DIAGNOSTIC_PASS,True,NONE,PASS,PASS,PASS,PASS,True,True,,,1,1,0,0,0,0,0,True,True,7346,3481,10827,43917.696,44099.0,0.028232,True,RUN-TRF-084-20260831T162423499357Z,/Users/sadisfaction570/Desktop/Journal 1/NLTL_v2/MVP/SHACL_GENERATION_PIPELINE/experiments/LUNA_CONTEXTUAL_SINGLESHOT/RUN_01/runs/RUN-TRF-084-20260831T162423499357Z
TRF-085,Ice Class Regulations and the Application Thereof,6.5.3.2,Static,DIRECT_STATIC,SINGLESHOT_CAPTURED_DIAGNOSTIC_PASS,True,NONE,PASS,PASS,PASS,PASS,True,True,,,1,1,0,0,0,0,0,True,True,11616,3738,15354,46780.71,47004.0,0.034044,True,RUN-TRF-085-20260831T162508380656Z,/Users/sadisfaction570/Desktop/Journal 1/NLTL_v2/MVP/SHACL_GENERATION_PIPELINE/experiments/LUNA_CONTEXTUAL_SINGLESHOT/RUN_01/runs/RUN-TRF-085-20260831T162508380656Z
TRF-086,Ice Class Regulations and the Application Thereof,6.5.3.2,Static Calculation,DIRECT_CALCULATION,SINGLESHOT_CAPTURED_DIAGNOSTIC_FAIL,False,TURTLE_PARSE_FAILURE,PASS,FAIL,NOT_RUN,FAIL,False,False,"Turtle parse error: at line 127 of <>:
Bad syntax (']' expected) at ^ in:
""...b'                }\n                """"""\n            ]\n        '^b')\n    ] .\n'""",,1,1,0,0,0,0,0,True,True,7347,2594,9941,35147.648,35153.0,0.022911,True,RUN-TRF-086-20260831T162556160751Z,/Users/sadisfaction570/Desktop/Journal 1/NLTL_v2/MVP/SHACL_GENERATION_PIPELINE/experiments/LUNA_CONTEXTUAL_SINGLESHOT/RUN_01/runs/RUN-TRF-086-20260831T162556160751Z
TRF-087,Ice Class Regulations and the Application Thereof,6.5.3.3,Static,DIRECT_STATIC,SINGLESHOT_CAPTURED_DIAGNOSTIC_PASS,True,NONE,PASS,PASS,PASS,PASS,True,True,,,1,1,0,0,0,0,0,True,True,5130,694,5824,11175.638,11233.0,0.009294,True,RUN-TRF-087-20260831T162632112659Z,/Users/sadisfaction570/Desktop/Journal 1/NLTL_v2/MVP/SHACL_GENERATION_PIPELINE/experiments/LUNA_CONTEXTUAL_SINGLESHOT/RUN_01/runs/RUN-TRF-087-20260831T162632112659Z
TRF-088,Ice Class Regulations and the Application Thereof,6.5.3.3,Static,DIRECT_STATIC,SINGLESHOT_CAPTURED_DIAGNOSTIC_FAIL,False,TURTLE_PARSE_FAILURE,PASS,FAIL,NOT_RUN,FAIL,False,False,"Turtle parse error: at line 75 of <>:
Bad syntax (expected item in list or ')') at ^ in:
""...b'nd include selection evidence.""\n            ]\n        ]\n    '^b'] .\n'""",,1,1,0,0,0,0,0,True,True,10644,2083,12727,28954.597,28960.0,0.023142,True,RUN-TRF-088-20260831T162644122637Z,/Users/sadisfaction570/Desktop/Journal 1/NLTL_v2/MVP/SHACL_GENERATION_PIPELINE/experiments/LUNA_CONTEXTUAL_SINGLESHOT/RUN_01/runs/RUN-TRF-088-20260831T162644122637Z
TRF-091,Ice Class Regulations and the Application Thereof,6.5.3.4,Static,DIRECT_STATIC,SINGLESHOT_CAPTURED_DIAGNOSTIC_PASS,True,NONE,PASS,PASS,PASS,PASS,True,True,,,1,1,0,0,0,0,0,True,True,8868,1965,10833,29921.737,29994.0,0.020658,True,RUN-TRF-091-20260831T162713880774Z,/Users/sadisfaction570/Desktop/Journal 1/NLTL_v2/MVP/SHACL_GENERATION_PIPELINE/experiments/LUNA_CONTEXTUAL_SINGLESHOT/RUN_01/runs/RUN-TRF-091-20260831T162713880774Z
TRF-101,Ice Class Regulations and the Application Thereof,6.5.4.1,Static Calculation,DIRECT_CALCULATION,SINGLESHOT_CAPTURED_DIAGNOSTIC_PASS,True,NONE,PASS,PASS,PASS,PASS,True,True,,,1,1,0,0,0,0,0,True,True,10874,4246,15120,52952.985,53320.0,0.03635,True,RUN-TRF-101-20260831T162744656151Z,/Users/sadisfaction570/Desktop/Journal 1/NLTL_v2/MVP/SHACL_GENERATION_PIPELINE/experiments/LUNA_CONTEXTUAL_SINGLESHOT/RUN_01/runs/RUN-TRF-101-20260831T162744656151Z
TRF-102,Ice Class Regulations and the Application Thereof,6.5.4.2,Static Calculation,DIRECT_CALCULATION,SINGLESHOT_CAPTURED_DIAGNOSTIC_PASS,True,NONE,PASS,PASS,PASS,PASS,True,True,,,1,1,0,0,0,0,0,True,True,9026,2747,11773,33328.335,33601.0,0.025508,True,RUN-TRF-102-20260831T162838767577Z,/Users/sadisfaction570/Desktop/Journal 1/NLTL_v2/MVP/SHACL_GENERATION_PIPELINE/experiments/LUNA_CONTEXTUAL_SINGLESHOT/RUN_01/runs/RUN-TRF-102-20260831T162838767577Z
TRF-103,Ice Class Regulations and the Application Thereof,6.5.4.2,Static,DIRECT_STATIC,SINGLESHOT_CAPTURED_DIAGNOSTIC_PASS,True,NONE,PASS,PASS,PASS,PASS,True,True,,,1,1,0,0,0,0,0,True,True,7644,1217,8861,14687.171,14843.0,0.014946,True,RUN-TRF-103-20260831T162913152897Z,/Users/sadisfaction570/Desktop/Journal 1/NLTL_v2/MVP/SHACL_GENERATION_PIPELINE/experiments/LUNA_CONTEXTUAL_SINGLESHOT/RUN_01/runs/RUN-TRF-103-20260831T162913152897Z
TRF-104,Ice Class Regulations and the Application Thereof,6.6.1,Static,DIRECT_STATIC,SINGLESHOT_CAPTURED_DIAGNOSTIC_PASS,True,NONE,PASS,PASS,PASS,PASS,True,True,,,1,1,0,0,0,0,0,True,True,6961,1282,8243,21611.738,21691.0,0.014653,True,RUN-TRF-104-20260831T162928780095Z,/Users/sadisfaction570/Desktop/Journal 1/NLTL_v2/MVP/SHACL_GENERATION_PIPELINE/experiments/LUNA_CONTEXTUAL_SINGLESHOT/RUN_01/runs/RUN-TRF-104-20260831T162928780095Z
TRF-108,Ice Class Regulations and the Application Thereof,6.6.2.3,Static,DIRECT_STATIC,SINGLESHOT_CAPTURED_DIAGNOSTIC_FAIL,False,TURTLE_PARSE_FAILURE,PASS,FAIL,NOT_RUN,FAIL,False,False,"Turtle parse error: at line 67 of <>:
Bad syntax (expected item in list or ')') at ^ in:
""...b'he selected fallback SN curve.""\n            ]\n        ]\n    '^b'] .\n'""",,1,1,0,0,0,0,0,True,True,7510,2168,9678,35881.452,35891.0,0.020518,True,RUN-TRF-108-20260831T162951247741Z,/Users/sadisfaction570/Desktop/Journal 1/NLTL_v2/MVP/SHACL_GENERATION_PIPELINE/experiments/LUNA_CONTEXTUAL_SINGLESHOT/RUN_01/runs/RUN-TRF-108-20260831T162951247741Z
TRF-109,Ice Class Regulations and the Application Thereof,6.6.2.3,Static,DIRECT_STATIC,SINGLESHOT_CAPTURED_DIAGNOSTIC_FAIL,False,EXTRACTION_FAILURE,FAIL,NOT_RUN,NOT_RUN,NOT_RUN,False,False,Generator response must contain exactly one BEGIN_SHACL and END_SHACL marker,,1,1,0,0,0,0,0,True,False,12078,2346,14424,25538.268,25545.0,0.026154,True,RUN-TRF-109-20260831T163027944715Z,/Users/sadisfaction570/Desktop/Journal 1/NLTL_v2/MVP/SHACL_GENERATION_PIPELINE/experiments/LUNA_CONTEXTUAL_SINGLESHOT/RUN_01/runs/RUN-TRF-109-20260831T163027944715Z
TRF-111,Ice Class Regulations and the Application Thereof,6.6.4,Complex,COMPLEX_READINESS,SINGLESHOT_CAPTURED_DIAGNOSTIC_FAIL,False,OTHER_DETERMINISTIC_FAILURE,PASS,PASS,PASS,PASS,True,True,COMPLEX_READINESS applicability evidence(s) absent from candidate: shaftLineLoadCaseTypeValue,,1,1,0,0,0,0,0,True,True,10642,3207,13849,49532.664,49708.0,0.029884,True,RUN-TRF-111-20260831T163054293935Z,/Users/sadisfaction570/Desktop/Journal 1/NLTL_v2/MVP/SHACL_GENERATION_PIPELINE/experiments/LUNA_CONTEXTUAL_SINGLESHOT/RUN_01/runs/RUN-TRF-111-20260831T163054293935Z
TRF-112,Ice Class Regulations and the Application Thereof,6.6.4.1,Complex,COMPLEX_READINESS,SINGLESHOT_CAPTURED_DIAGNOSTIC_PASS,True,NONE,PASS,PASS,PASS,PASS,True,True,,,1,1,0,0,0,0,0,True,True,11833,2573,14406,33899.908,34061.0,0.027271,True,RUN-TRF-112-20260831T163144781777Z,/Users/sadisfaction570/Desktop/Journal 1/NLTL_v2/MVP/SHACL_GENERATION_PIPELINE/experiments/LUNA_CONTEXTUAL_SINGLESHOT/RUN_01/runs/RUN-TRF-112-20260831T163144781777Z
TRF-113,Ice Class Regulations and the Application Thereof,6.6.5.1,Static,DIRECT_STATIC,SINGLESHOT_CAPTURED_DIAGNOSTIC_PASS,True,NONE,PASS,PASS,PASS,PASS,True,True,,,1,1,0,0,0,0,0,True,True,8833,1684,10517,22724.337,22834.0,0.018937,True,RUN-TRF-113-20260831T163219631058Z,/Users/sadisfaction570/Desktop/Journal 1/NLTL_v2/MVP/SHACL_GENERATION_PIPELINE/experiments/LUNA_CONTEXTUAL_SINGLESHOT/RUN_01/runs/RUN-TRF-113-20260831T163219631058Z
TRF-114,Ice Class Regulations and the Application Thereof,6.6.5.2,Complex,COMPLEX_READINESS,SINGLESHOT_CAPTURED_DIAGNOSTIC_FAIL,False,EXTRACTION_FAILURE,FAIL,NOT_RUN,NOT_RUN,NOT_RUN,False,False,Generator response must contain exactly one BEGIN_SHACL and END_SHACL marker,,1,1,0,0,0,0,0,True,False,16635,3044,19679,40040.63,40048.0,0.034899,True,RUN-TRF-114-20260831T163243241755Z,/Users/sadisfaction570/Desktop/Journal 1/NLTL_v2/MVP/SHACL_GENERATION_PIPELINE/experiments/LUNA_CONTEXTUAL_SINGLESHOT/RUN_01/runs/RUN-TRF-114-20260831T163243241755Z
TRF-116,Ice Class Regulations and the Application Thereof,6.6.5.2,Complex,COMPLEX_READINESS,SINGLESHOT_CAPTURED_DIAGNOSTIC_PASS,True,NONE,PASS,PASS,PASS,PASS,True,True,,,1,1,0,0,0,0,0,True,True,7588,1151,8739,18506.452,18626.0,0.014494,True,RUN-TRF-116-20260831T163324102125Z,/Users/sadisfaction570/Desktop/Journal 1/NLTL_v2/MVP/SHACL_GENERATION_PIPELINE/experiments/LUNA_CONTEXTUAL_SINGLESHOT/RUN_01/runs/RUN-TRF-116-20260831T163324102125Z
TRF-118,Ice Class Regulations and the Application Thereof,6.6.5.4,Complex,COMPLEX_READINESS,SINGLESHOT_CAPTURED_DIAGNOSTIC_PASS,True,NONE,PASS,PASS,PASS,PASS,True,True,,,1,1,0,0,0,0,0,True,True,11884,2400,14284,31879.644,32104.999999999996,0.026284,True,RUN-TRF-118-20260831T163343500422Z,/Users/sadisfaction570/Desktop/Journal 1/NLTL_v2/MVP/SHACL_GENERATION_PIPELINE/experiments/LUNA_CONTEXTUAL_SINGLESHOT/RUN_01/runs/RUN-TRF-118-20260831T163343500422Z
TRF-120,Ice Class Regulations and the Application Thereof,6.6.5.5,Static,DIRECT_STATIC,SINGLESHOT_CAPTURED_DIAGNOSTIC_PASS,True,NONE,PASS,PASS,PASS,PASS,True,True,,,1,1,0,0,0,0,0,True,True,8776,1945,10721,26274.614,26447.0,0.020446,True,RUN-TRF-120-20260831T163416393104Z,/Users/sadisfaction570/Desktop/Journal 1/NLTL_v2/MVP/SHACL_GENERATION_PIPELINE/experiments/LUNA_CONTEXTUAL_SINGLESHOT/RUN_01/runs/RUN-TRF-120-20260831T163416393104Z
TRF-123,Ice Class Regulations and the Application Thereof,6.7.3,Complex,COMPLEX_READINESS,SINGLESHOT_CAPTURED_DIAGNOSTIC_PASS,True,NONE,PASS,PASS,PASS,PASS,True,True,,,1,1,0,0,0,0,0,True,True,10886,1707,12593,21860.321,22006.0,0.021128,True,RUN-TRF-123-20260831T163443621586Z,/Users/sadisfaction570/Desktop/Journal 1/NLTL_v2/MVP/SHACL_GENERATION_PIPELINE/experiments/LUNA_CONTEXTUAL_SINGLESHOT/RUN_01/runs/RUN-TRF-123-20260831T163443621586Z
TRF-126,Ice Class Regulations and the Application Thereof,7.1,Static,DIRECT_STATIC,SINGLESHOT_CAPTURED_DIAGNOSTIC_PASS,True,NONE,PASS,PASS,PASS,PASS,True,True,,,1,1,0,0,0,0,0,True,True,6719,727,7446,10446.303,10526.0,0.011081,True,RUN-TRF-126-20260831T163506402876Z,/Users/sadisfaction570/Desktop/Journal 1/NLTL_v2/MVP/SHACL_GENERATION_PIPELINE/experiments/LUNA_CONTEXTUAL_SINGLESHOT/RUN_01/runs/RUN-TRF-126-20260831T163506402876Z
TRF-127,Ice Class Regulations and the Application Thereof,7.1,Static,DIRECT_STATIC,SINGLESHOT_CAPTURED_DIAGNOSTIC_PASS,True,NONE,PASS,PASS,PASS,PASS,True,True,,,1,1,0,0,0,0,0,True,True,6818,1932,8750,25194.623,25306.0,0.01841,True,RUN-TRF-127-20260831T163517707907Z,/Users/sadisfaction570/Desktop/Journal 1/NLTL_v2/MVP/SHACL_GENERATION_PIPELINE/experiments/LUNA_CONTEXTUAL_SINGLESHOT/RUN_01/runs/RUN-TRF-127-20260831T163517707907Z
TRF-128,Ice Class Regulations and the Application Thereof,7.1,Static,DIRECT_STATIC,SINGLESHOT_CAPTURED_DIAGNOSTIC_PASS,True,NONE,PASS,PASS,PASS,PASS,True,True,,,1,1,0,0,0,0,0,True,True,8945,1492,10437,17079.177,17253.0,0.017897,True,RUN-TRF-128-20260831T163543792739Z,/Users/sadisfaction570/Desktop/Journal 1/NLTL_v2/MVP/SHACL_GENERATION_PIPELINE/experiments/LUNA_CONTEXTUAL_SINGLESHOT/RUN_01/runs/RUN-TRF-128-20260831T163543792739Z
TRF-129,Ice Class Regulations and the Application Thereof,7.2,Static,DIRECT_STATIC,SINGLESHOT_CAPTURED_DIAGNOSTIC_PASS,True,NONE,PASS,PASS,PASS,PASS,True,True,,,1,1,0,0,0,0,0,True,True,6142,870,7012,13055.061,13143.0,0.011362,True,RUN-TRF-129-20260831T163601828627Z,/Users/sadisfaction570/Desktop/Journal 1/NLTL_v2/MVP/SHACL_GENERATION_PIPELINE/experiments/LUNA_CONTEXTUAL_SINGLESHOT/RUN_01/runs/RUN-TRF-129-20260831T163601828627Z
TRF-130,Ice Class Regulations and the Application Thereof,7.2,Static Calculation,DIRECT_CALCULATION,SINGLESHOT_CAPTURED_DIAGNOSTIC_FAIL,False,TURTLE_PARSE_FAILURE,PASS,FAIL,NOT_RUN,FAIL,False,False,"Turtle parse error: at line 96 of <>:
Bad syntax (expected item in list or ')') at ^ in:
""...b'         sh:qualifiedMinCount 2\n            ]\n        ]\n    '^b'] ;\n    sh:message ""The cooling-water inlet chest arrangemen'...""",,1,1,0,0,0,0,0,True,True,11673,3408,15081,40501.657,40512.0,0.032121,True,RUN-TRF-130-20260831T163615761422Z,/Users/sadisfaction570/Desktop/Journal 1/NLTL_v2/MVP/SHACL_GENERATION_PIPELINE/experiments/LUNA_CONTEXTUAL_SINGLESHOT/RUN_01/runs/RUN-TRF-130-20260831T163615761422Z
TRF-131,Ice Class Regulations and the Application Thereof,7.2,Static,DIRECT_STATIC,SINGLESHOT_CAPTURED_DIAGNOSTIC_PASS,True,NONE,PASS,PASS,PASS,PASS,True,True,,,1,1,0,0,0,0,0,True,True,6133,1273,7406,20992.343,21041.0,0.013771,True,RUN-TRF-131-20260831T163657073612Z,/Users/sadisfaction570/Desktop/Journal 1/NLTL_v2/MVP/SHACL_GENERATION_PIPELINE/experiments/LUNA_CONTEXTUAL_SINGLESHOT/RUN_01/runs/RUN-TRF-131-20260831T163657073612Z
TRF-132,Ice Class Regulations and the Application Thereof,8,Static Calculation,DIRECT_CALCULATION,SINGLESHOT_CAPTURED_DIAGNOSTIC_PASS,True,NONE,PASS,PASS,PASS,PASS,True,True,,,1,1,0,0,0,0,0,True,True,9959,2794,12753,38149.887,38407.0,0.026723,True,RUN-TRF-132-20260831T163718900357Z,/Users/sadisfaction570/Desktop/Journal 1/NLTL_v2/MVP/SHACL_GENERATION_PIPELINE/experiments/LUNA_CONTEXTUAL_SINGLESHOT/RUN_01/runs/RUN-TRF-132-20260831T163718900357Z
TRF-133,Ice Class Regulations and the Application Thereof,8,Static,DIRECT_STATIC,SINGLESHOT_CAPTURED_DIAGNOSTIC_PASS,True,NONE,PASS,PASS,PASS,PASS,True,True,,,1,1,0,0,0,0,0,True,True,15724,3007,18731,40749.656,41061.0,0.033766,True,RUN-TRF-133-20260831T163758094616Z,/Users/sadisfaction570/Desktop/Journal 1/NLTL_v2/MVP/SHACL_GENERATION_PIPELINE/experiments/LUNA_CONTEXTUAL_SINGLESHOT/RUN_01/runs/RUN-TRF-133-20260831T163758094616Z
