requirement_id,repetition,run_id,status,accepted,classification,classification_rationale,matcher_activated,matcher_candidate_count,matcher_match_found,matched_local_names,api_calls,input_tokens,output_tokens,elapsed_ms,final_feedback,run_directory,manual_review_status,manual_source_decision,review_source,review_notes
TRF-001,1,RUN-TRF-001-20260814T080802994482Z,MAX_ATTEMPTS_REACHED,False,MODEL_LOGIC_OR_SHACL_ERROR_NO_GAP_SIGNAL,The failure did not establish absence from R3; treat it as model/SHACL behavior unless manual evidence proves otherwise.,False,0,False,,2,21262,2489,30303.341999999997,Replace the unapproved generated urn shape IRI with an approved shape identifier or a blank node. Remove sh:minCount 1 from constructionContractDate: the date only selects the conditional 2021-edition obligation and is not independently required for every ship; retain its xsd:date validation when present and the SPARQL condition for dated ships.,/Users/sadisfaction570/Desktop/Journal 1/NLTL_v2/MVP/SHACL_GENERATION_PIPELINE/outputs/vocabulary_stress_r3/runs/RUN-TRF-001-20260814T080802994482Z,NOT_REQUIRED,,,
TRF-002,1,RUN-TRF-002-20260814T080844028869Z,MAX_ATTEMPTS_REACHED,False,MODEL_LOGIC_OR_SHACL_ERROR_NO_GAP_SIGNAL,The failure did not establish absence from R3; treat it as model/SHACL behavior unless manual evidence proves otherwise.,False,0,False,,2,17965,2131,29004.677,"Replace the unapproved generated shape IRI <urn:nltl:stress-shape:TRF-002> with an approved identifier or a blank-node NodeShape; all required canonical terms are already supplied, so no vocabulary matching is needed.",/Users/sadisfaction570/Desktop/Journal 1/NLTL_v2/MVP/SHACL_GENERATION_PIPELINE/outputs/vocabulary_stress_r3/runs/RUN-TRF-002-20260814T080844028869Z,NOT_REQUIRED,,,
TRF-003,1,RUN-TRF-003-20260814T080923752115Z,MAX_ATTEMPTS_REACHED,False,MODEL_LOGIC_OR_SHACL_ERROR_NO_GAP_SIGNAL,The failure did not establish absence from R3; treat it as model/SHACL behavior unless manual evidence proves otherwise.,False,0,False,,2,18058,1987,30964.275,Replace the unapproved urn:nltl:stress-shape:TRF-003 shape IRI with an approved identifier or a blank-node shape. Remove sh:minCount 1 and sh:maxCount 1 from constructionContractDate: the conditional applicability rule does not independently require every ship to provide exactly one date; it only requires the 2010 edition relationship when a supplied valid date falls within the stated interval.,/Users/sadisfaction570/Desktop/Journal 1/NLTL_v2/MVP/SHACL_GENERATION_PIPELINE/outputs/vocabulary_stress_r3/runs/RUN-TRF-003-20260814T080923752115Z,NOT_REQUIRED,,,
TRF-004,1,RUN-TRF-004-20260814T081005388306Z,MAX_ATTEMPTS_REACHED,False,MODEL_LOGIC_OR_SHACL_ERROR_NO_GAP_SIGNAL,The failure did not establish absence from R3; treat it as model/SHACL behavior unless manual evidence proves otherwise.,False,0,False,,2,18109,1687,20035.259,Replace the unapproved urn:nltl:stress-shape:TRF-004-ShipShape identifier with an approved shape identifier or use a blank node; no vocabulary matcher is needed.,/Users/sadisfaction570/Desktop/Journal 1/NLTL_v2/MVP/SHACL_GENERATION_PIPELINE/outputs/vocabulary_stress_r3/runs/RUN-TRF-004-20260814T081005388306Z,NOT_REQUIRED,,,
TRF-005,1,RUN-TRF-005-20260814T081036126951Z,MAX_ATTEMPTS_REACHED,False,MODEL_LOGIC_OR_SHACL_ERROR_NO_GAP_SIGNAL,The failure did not establish absence from R3; treat it as model/SHACL behavior unless manual evidence proves otherwise.,False,0,False,,2,18956,2731,32853.547000000006,"Replace the unapproved urn:nltl:stress-shape:TRF-005-ShipShape identifier with an approved shape identifier or a blank-node shape. Remove the unconditional sh:minCount 1 constraints on both date properties: the applicability clause defines when the 2002 edition applies, but does not independently require every ship to report both dates.",/Users/sadisfaction570/Desktop/Journal 1/NLTL_v2/MVP/SHACL_GENERATION_PIPELINE/outputs/vocabulary_stress_r3/runs/RUN-TRF-005-20260814T081036126951Z,NOT_REQUIRED,,,
TRF-006,1,RUN-TRF-006-20260814T081119632107Z,MAX_ATTEMPTS_REACHED,False,MODEL_LOGIC_OR_SHACL_ERROR_NO_GAP_SIGNAL,The failure did not establish absence from R3; treat it as model/SHACL behavior unless manual evidence proves otherwise.,False,0,False,,2,21091,2782,32128.718999999997,Replace the unapproved urn:nltl:stress-shape:* identifiers with permitted shape identifiers or blank nodes so deterministic vocabulary validation succeeds; retain the ship target and existing date-bounded conditional branches.,/Users/sadisfaction570/Desktop/Journal 1/NLTL_v2/MVP/SHACL_GENERATION_PIPELINE/outputs/vocabulary_stress_r3/runs/RUN-TRF-006-20260814T081119632107Z,NOT_REQUIRED,,,
TRF-007,1,RUN-TRF-007-20260814T081202453480Z,MAX_ATTEMPTS_REACHED,False,MODEL_LOGIC_OR_SHACL_ERROR_NO_GAP_SIGNAL,The failure did not establish absence from R3; treat it as model/SHACL behavior unless manual evidence proves otherwise.,False,0,False,,2,17535,3688,44060.12,"Repair the Turtle syntax first: the sh:or list is closed incorrectly near the final applicable branch, so the graph cannot parse. Then encode the conditional applicability without making iceClass globally mandatory: missing applicability selectors must not pass, and the applicable IA Super/IA plus pre-2003-09-01 branch must require one allowed engineOutputComplianceMethod. Retain ship as the target and the supplied xsd:date properties; no vocabulary lookup is needed.",/Users/sadisfaction570/Desktop/Journal 1/NLTL_v2/MVP/SHACL_GENERATION_PIPELINE/outputs/vocabulary_stress_r3/runs/RUN-TRF-007-20260814T081202453480Z,NOT_REQUIRED,,,
TRF-009,1,RUN-TRF-009-20260814T081257113099Z,MAX_ATTEMPTS_REACHED,False,MODEL_LOGIC_OR_SHACL_ERROR_NO_GAP_SIGNAL,The failure did not establish absence from R3; treat it as model/SHACL behavior unless manual evidence proves otherwise.,False,0,False,,2,18267,3014,36595.906,Replace the unapproved generated shape IRI urn:nltl:stress-shape:TRF009ShipShape with an approved identifier (or use a blank-node shape); no canonical vocabulary term lookup is required.,/Users/sadisfaction570/Desktop/Journal 1/NLTL_v2/MVP/SHACL_GENERATION_PIPELINE/outputs/vocabulary_stress_r3/runs/RUN-TRF-009-20260814T081257113099Z,NOT_REQUIRED,,,
TRF-010,1,RUN-TRF-010-20260814T081344391108Z,MAX_ATTEMPTS_REACHED,False,MODEL_LOGIC_OR_SHACL_ERROR_NO_GAP_SIGNAL,The failure did not establish absence from R3; treat it as model/SHACL behavior unless manual evidence proves otherwise.,False,0,False,,2,12455,704,9462.321,Replace the unapproved generated shape IRI urn:nltl:stress-shape:TRF-010 with an approved/canonical shape identifier. The ship target and iceClass constraint otherwise correctly require at least one value from the six specified controlled ice-class values.,/Users/sadisfaction570/Desktop/Journal 1/NLTL_v2/MVP/SHACL_GENERATION_PIPELINE/outputs/vocabulary_stress_r3/runs/RUN-TRF-010-20260814T081344391108Z,NOT_REQUIRED,,,
TRF-011,1,RUN-TRF-011-20260814T081404503752Z,MAX_ATTEMPTS_REACHED,False,MODEL_LOGIC_OR_SHACL_ERROR_NO_GAP_SIGNAL,The failure did not establish absence from R3; treat it as model/SHACL behavior unless manual evidence proves otherwise.,False,0,False,,2,14852,4100,54769.022,"Replace the unapproved urn:nltl:stress-shape generated shape IRIs with permitted local/approved shape identifiers. Repair the SPARQL subquery so every outer/pre-bound variable it relies on (including $this, ?intended, and ?uiwl) is projected and appropriately grouped, eliminating the runtime failure. Also make the pointwise envelope test reject any UIWL profile-point verticalCoordinate at a position that differs from the intended-waterline maximum: the current MAX(?uiValue) comparison permits additional lower UIWL points at the same longitudinalPosition. Retain bidirectional position coverage and use the tolerance scaled from the intended maximum.",/Users/sadisfaction570/Desktop/Journal 1/NLTL_v2/MVP/SHACL_GENERATION_PIPELINE/outputs/vocabulary_stress_r3/runs/RUN-TRF-011-20260814T081404503752Z,NOT_REQUIRED,,,
TRF-012,1,RUN-TRF-012-20260814T081509983940Z,MAX_ATTEMPTS_REACHED,False,MODEL_LOGIC_OR_SHACL_ERROR_NO_GAP_SIGNAL,The failure did not establish absence from R3; treat it as model/SHACL behavior unless manual evidence proves otherwise.,False,0,False,,2,15182,4044,43102.753,"Replace the four invented nltl:TRF012* shape identifiers with blank nodes or identifiers in a non-canonical shapes namespace; they must not be asserted as unknown nltl vocabulary terms. Retain the canonical paths and target, and do not add any new canonical term.",/Users/sadisfaction570/Desktop/Journal 1/NLTL_v2/MVP/SHACL_GENERATION_PIPELINE/outputs/vocabulary_stress_r3/runs/RUN-TRF-012-20260814T081509983940Z,NOT_REQUIRED,,,
TRF-013,1,RUN-TRF-013-20260814T081604401365Z,MAX_ATTEMPTS_REACHED,False,MODEL_LOGIC_OR_SHACL_ERROR_NO_GAP_SIGNAL,The failure did not establish absence from R3; treat it as model/SHACL behavior unless manual evidence proves otherwise.,False,0,False,,2,20783,3790,44843.36,Replace the invented nltl:-namespace SHACL shape IRIs with local non-canonical shape identifiers (or blank nodes) so they are not treated as unknown vocabulary IRIs. Rework applicability to use the verified iceClass input and its supplied controlled values rather than the convenience shipIceStrengthened boolean; do not allow the conditional branches to substitute an unsupported boolean for the required class-based applicability evidence. Preserve mandatory branch-selection evidence and the inclusive lower/upper envelope checks on the ship-owned draught properties.,/Users/sadisfaction570/Desktop/Journal 1/NLTL_v2/MVP/SHACL_GENERATION_PIPELINE/outputs/vocabulary_stress_r3/runs/RUN-TRF-013-20260814T081604401365Z,NOT_REQUIRED,,,
TRF-014,1,RUN-TRF-014-20260814T081700676861Z,MAX_ATTEMPTS_REACHED,False,MODEL_LOGIC_OR_SHACL_ERROR_NO_GAP_SIGNAL,The failure did not establish absence from R3; treat it as model/SHACL behavior unless manual evidence proves otherwise.,False,0,False,,2,29121,4947,49582.572,"Fix the Turtle syntax error by replacing the stray '}' in the sh:or list with ']'. Rebuild the conditional logic: do not require warningTrianglePresent, iceClassDraughtMarkPresent, or mark draught unconditionally for every construction-date branch. For ships built on/after 2007-07-01, require the marking evidence only when summerLoadLineFreshWaterDraught is numerically smaller than upperIceWaterlineDraught. For pre-cutoff ships, allow complete marking evidence without firstScheduledDryDockingDate; otherwise require marking only when that first scheduled dry-docking date is on/after the cutoff and due/past under the intended evaluation model. Add a bounded comparison that the ice-class draught-mark amidships numeric value equals the maximumIceClassDraughtAmidships numeric value, with an appropriate expected-value-based tolerance, rather than merely requiring both quantities. Preserve the supplied ship ownership, decimal numeric values, and unit:M constraints.",/Users/sadisfaction570/Desktop/Journal 1/NLTL_v2/MVP/SHACL_GENERATION_PIPELINE/outputs/vocabulary_stress_r3/runs/RUN-TRF-014-20260814T081700676861Z,NOT_REQUIRED,,,
TRF-015,1,RUN-TRF-015-20260814T081800872157Z,MAX_ATTEMPTS_REACHED,False,MODEL_LOGIC_OR_SHACL_ERROR_NO_GAP_SIGNAL,The failure did not establish absence from R3; treat it as model/SHACL behavior unless manual evidence proves otherwise.,False,0,False,,2,16105,3183,30619.041,"Replace the invalid nested SELECT group inside FILTER with valid SHACL-SPARQL (for example, separate top-level UNION violation branches for salinity mismatch and for ice-only draught/trim exceedance, or separate bounded SPARQL constraints). Preserve the false branch without requiring ice operands and preserve the true branch requirement and comparisons. Also replace the unapproved urn:nltl:stress-shape:* shape IRIs with permitted blank-node shape definitions or approved identifiers.",/Users/sadisfaction570/Desktop/Journal 1/NLTL_v2/MVP/SHACL_GENERATION_PIPELINE/outputs/vocabulary_stress_r3/runs/RUN-TRF-015-20260814T081800872157Z,NOT_REQUIRED,,,
TRF-016,1,RUN-TRF-016-20260814T081842317845Z,MAX_ATTEMPTS_REACHED,False,MODEL_LOGIC_OR_SHACL_ERROR_NO_GAP_SIGNAL,The failure did not establish absence from R3; treat it as model/SHACL behavior unless manual evidence proves otherwise.,False,0,False,,2,20357,4914,53078.597,"Fix the Turtle list syntax (remove the extra closing `]` after the top-level `sh:or` list). In the SPARQL constraint, bind `$this` to `?ship` before the aggregate subquery so the greatest UIWL displacement is computed for the evaluated ship rather than joined across ships. Do not require or compare the duplicate ship-level `displacementAtUpperIceWaterline` quantity: derive and use the greatest `waterlineDisplacement` among this ship's `hasUpperIceWaterline` nodes directly in the forward-draught formula. Retain the quantity/unit validation on each UIWL waterline displacement and the tolerance only for genuinely derived comparisons.",/Users/sadisfaction570/Desktop/Journal 1/NLTL_v2/MVP/SHACL_GENERATION_PIPELINE/outputs/vocabulary_stress_r3/runs/RUN-TRF-016-20260814T081842317845Z,NOT_REQUIRED,,,
TRF-017,1,RUN-TRF-017-20260814T081946058424Z,MAX_ATTEMPTS_REACHED,False,MODEL_LOGIC_OR_SHACL_ERROR_NO_GAP_SIGNAL,The failure did not establish absence from R3; treat it as model/SHACL behavior unless manual evidence proves otherwise.,False,0,False,,2,12568,2704,29278.459,"Replace the unapproved generated shape IRI with an approved identifier. Correct both SPARQL constraints: SHACL SELECT must return $this when the equality tolerance is violated, so change each FILTER from <= to > (or use FILTER NOT EXISTS for a conforming comparison); the current queries select conforming values as violations and allow unequal values to pass.",/Users/sadisfaction570/Desktop/Journal 1/NLTL_v2/MVP/SHACL_GENERATION_PIPELINE/outputs/vocabulary_stress_r3/runs/RUN-TRF-017-20260814T081946058424Z,NOT_REQUIRED,,,
TRF-018,1,RUN-TRF-018-20260814T082026116155Z,MAX_ATTEMPTS_REACHED,False,MODEL_LOGIC_OR_SHACL_ERROR_NO_GAP_SIGNAL,The failure did not establish absence from R3; treat it as model/SHACL behavior unless manual evidence proves otherwise.,False,0,False,,2,15797,3302,48700.907,"Replace the unapproved gen: shape IRIs with permitted blank-node shape definitions or approved identifiers. Correct applicability: the unconditional calculatedRequiredPower and maximumContinuousRatingPower minCounts currently fail ships of ice classes II/III, although TRF-018 applies only to IA Super/IA/IB/IC. Require the iceClass selector without inventing an applicability boolean, ensure missing selector evidence cannot pass, and condition the two power-quantity presence/unit/datatype checks and the comparison on IA Super, IA, IB, or IC only; II/III must not be constrained by this requirement. Preserve the stated IA/IB/IC 1000-kW and IA-Super 2800-kW inclusive thresholds and calculated-power comparison.",/Users/sadisfaction570/Desktop/Journal 1/NLTL_v2/MVP/SHACL_GENERATION_PIPELINE/outputs/vocabulary_stress_r3/runs/RUN-TRF-018-20260814T082026116155Z,NOT_REQUIRED,,,
TRF-020,1,RUN-TRF-020-20260814T082125588311Z,MAX_ATTEMPTS_REACHED,False,MODEL_LOGIC_OR_SHACL_ERROR_NO_GAP_SIGNAL,The failure did not establish absence from R3; treat it as model/SHACL behavior unless manual evidence proves otherwise.,False,0,False,,2,29158,4397,41927.834,"No candidate SHACL graph was supplied: provide exactly one BEGIN_SHACL/END_SHACL-delimited, Turtle-valid shape targeting ship. Encode applicability from constructionStageDate and iceClass with mandatory branch-selection evidence, then enforce the two UIWL/LIWL formula calculations, Table 3-1 Ke selection, units, and maximumContinuousRatingPower >= the greater derived result.",/Users/sadisfaction570/Desktop/Journal 1/NLTL_v2/MVP/SHACL_GENERATION_PIPELINE/outputs/vocabulary_stress_r3/runs/RUN-TRF-020-20260814T082125588311Z,NOT_REQUIRED,,,
TRF-022,1,RUN-TRF-022-20260814T082218119635Z,MAX_ATTEMPTS_REACHED,False,MODEL_LOGIC_OR_SHACL_ERROR_NO_GAP_SIGNAL,The failure did not establish absence from R3; treat it as model/SHACL behavior unless manual evidence proves otherwise.,False,0,False,,2,27566,4955,42667.566999999995,Replace all unapproved urn:nltl:stress-shape:* shape identifiers with permitted blank-node shapes (or other approved shape identifiers); deterministic validation is currently invalid solely because these generated external IRIs are unapproved.,/Users/sadisfaction570/Desktop/Journal 1/NLTL_v2/MVP/SHACL_GENERATION_PIPELINE/outputs/vocabulary_stress_r3/runs/RUN-TRF-022-20260814T082218119635Z,NOT_REQUIRED,,,
TRF-023,1,RUN-TRF-023-20260814T082311800263Z,MAX_ATTEMPTS_REACHED,False,MODEL_LOGIC_OR_SHACL_ERROR_NO_GAP_SIGNAL,The failure did not establish absence from R3; treat it as model/SHACL behavior unless manual evidence proves otherwise.,False,0,False,,2,22317,3574,42359.453,"Remove or place the locally defined SHACL shape identifiers in a non-canonical shapes namespace (or use blank nodes), since nltl:GeneratedQuantityValueShape and nltl:TRF023ShipShape are unknown canonical IRIs. Redesign the sh:or as a true conditional implication: only ships with iceClass IB or IC and applicableIceClassRegulationEdition iceClassRuleEdition1985 must have the two kW quantity values and satisfy maximumContinuousRatingPower >= requiredPowerUnder1985Rules. The current first branch wrongly rejects valid non-applicable ships such as ships with the 1985 edition and an ice class other than IB/IC, while also imposing an unsupported exhaustive edition/class restriction on every ship. Preserve explicit selector validation so missing branch-selection evidence cannot pass.",/Users/sadisfaction570/Desktop/Journal 1/NLTL_v2/MVP/SHACL_GENERATION_PIPELINE/outputs/vocabulary_stress_r3/runs/RUN-TRF-023-20260814T082311800263Z,NOT_REQUIRED,,,
TRF-024,1,RUN-TRF-024-20260814T082405228026Z,MAX_ATTEMPTS_REACHED,False,MODEL_LOGIC_OR_SHACL_ERROR_NO_GAP_SIGNAL,The failure did not establish absence from R3; treat it as model/SHACL behavior unless manual evidence proves otherwise.,False,0,False,,2,17469,3572,41417.280999999995,"Repair the Turtle syntax by closing the sh:or RDF list with `) .`. Replace the current sh:or pass logic: it incorrectly lets IA, IB, IC, II, and III ships pass without evaluating the condition, and evaluates the deadline branch only for IA Super. Encode the implication for either iceClass IA Super or IA AND constructionStageDate before 2003-09-01: those ships must have exactly one xsd:date constructionStageDate, deliveryDate, and assessmentDate and engineOutputComplianceMethod equal to traficom2017Section3Point2Point2Method; non-applicable ships must not be failed merely for lacking these evidence operands. Ensure the violation query detects missing conditional operands/evidence as well as assessment dates later than 1 January of delivery year plus 20, while retaining ship as the target and owner for all supplied properties.",/Users/sadisfaction570/Desktop/Journal 1/NLTL_v2/MVP/SHACL_GENERATION_PIPELINE/outputs/vocabulary_stress_r3/runs/RUN-TRF-024-20260814T082405228026Z,NOT_REQUIRED,,,
TRF-025,1,RUN-TRF-025-20260814T082457259384Z,MAX_ATTEMPTS_REACHED,False,MODEL_LOGIC_OR_SHACL_ERROR_NO_GAP_SIGNAL,The failure did not establish absence from R3; treat it as model/SHACL behavior unless manual evidence proves otherwise.,False,0,False,,2,26818,5385,51193.065,"Replace the unapproved urn:nltl:stress-shape:TRF_025_ShipShape identifier with an approved shape identifier (or a blank node), and replace math:sqrt(?l) with the supported SPARQL SQRT(?l) expression; retain the existing IA Super/no-bulb applicability branch and expected-result-scaled tolerance checks.",/Users/sadisfaction570/Desktop/Journal 1/NLTL_v2/MVP/SHACL_GENERATION_PIPELINE/outputs/vocabulary_stress_r3/runs/RUN-TRF-025-20260814T082457259384Z,NOT_REQUIRED,,,
TRF-026,1,RUN-TRF-026-20260814T082600561981Z,MAX_ATTEMPTS_REACHED,False,MODEL_LOGIC_OR_SHACL_ERROR_NO_GAP_SIGNAL,The failure did not establish absence from R3; treat it as model/SHACL behavior unless manual evidence proves otherwise.,False,0,False,,2,19808,4461,40163.681000000004,"No candidate SHACL was supplied and deterministic extraction/structure validation failed. Supply exactly one BEGIN_SHACL/END_SHACL-delimited Turtle graph targeting ship, requiring exactly one iceClass, applying the formula checks only for iceClassIaSuper with exactly one bulbousBowPresent true, treating non-IA-Super and IA-Super with false bulb as non-applicable, and encoding both C1 and C2 formulas with all stated operands, units, and tolerance-based derived-result comparisons.",/Users/sadisfaction570/Desktop/Journal 1/NLTL_v2/MVP/SHACL_GENERATION_PIPELINE/outputs/vocabulary_stress_r3/runs/RUN-TRF-026-20260814T082600561981Z,NOT_REQUIRED,,,
TRF-027,1,RUN-TRF-027-20260814T082651311854Z,MAX_ATTEMPTS_REACHED,False,MODEL_LOGIC_OR_SHACL_ERROR_NO_GAP_SIGNAL,The failure did not establish absence from R3; treat it as model/SHACL behavior unless manual evidence proves otherwise.,False,0,False,,2,33935,6141,53627.974,"Repair the applicability date SPARQL constraints: SHACL SPARQL SELECT rows are violations, but TRF027DateBeforeShape currently selects dates before 2003-09-01 and TRF027DateOnOrAfterShape selects dates on/after it. Reverse these filters so the applicable IA/IA Super branch reports constructionStageDate >= 2003-09-01 and the non-applicable IA/IA Super branches report constructionStageDate < 2003-09-01; retain the date min/max-count constraints. Also replace the invented/unknown nltl:TRF027* shape-resource IRIs with local SHACL constraint-resource IRIs outside the locked canonical vocabulary namespace.",/Users/sadisfaction570/Desktop/Journal 1/NLTL_v2/MVP/SHACL_GENERATION_PIPELINE/outputs/vocabulary_stress_r3/runs/RUN-TRF-027-20260814T082651311854Z,NOT_REQUIRED,,,
TRF-030,1,RUN-TRF-030-20260814T082757455075Z,MAX_ATTEMPTS_REACHED,False,MODEL_LOGIC_OR_SHACL_ERROR_NO_GAP_SIGNAL,The failure did not establish absence from R3; treat it as model/SHACL behavior unless manual evidence proves otherwise.,False,0,False,,2,29816,4779,63055.772000000004,"Replace the unapproved urn:nltl:stress-shape:* shape IRIs with approved SHACL-local identifiers permitted by the validator. Strengthen the case coverage so it cannot pass with arbitrary duplicate vertical or horizontal type selections: require the specified UIWL-centred case, the 0.5h0-below-LIWL case, and intermediate vertical locations, plus several horizontal cases including a mid-span-or-spacing-centred case and other horizontal locations as required. Encode the actual 0.5h0-below-LIWL positional relationship/formula rather than only recording a type and reference-position presence. Preserve the explicit arrangement boolean branch selection and case-level pairing of loadPatchLength with iceLoadAreaFactorCa.",/Users/sadisfaction570/Desktop/Journal 1/NLTL_v2/MVP/SHACL_GENERATION_PIPELINE/outputs/vocabulary_stress_r3/runs/RUN-TRF-030-20260814T082757455075Z,NOT_REQUIRED,,,
TRF-031,1,RUN-TRF-031-20260814T082911404999Z,TERM_RESOLUTION_UNRESOLVED,False,SUSPECTED_GAP_MANUAL_SOURCE_REVIEW,No existing term was resolved. This is only a candidate signal and requires source-based manual inspection.,True,4,False,,3,14990,3714,44950.443,"Deterministic validation prevents acceptance. Fix: Unapproved external/generated IRI(s): urn:nltl:stress-shape:BeamTheoryRequiredCase, urn:nltl:stress-shape:NonBeamTheoryCase, urn:nltl:stress-shape:PressureQuantityShape, urn:nltl:stress-shape:TRF031Shape
Semantic validator feedback: Replace the unapproved urn:nltl:stress-shape:* IRIs with permitted anonymous/approved shape identifiers. Locate and enforce the canonical controlled value for nltl:vonMisesYieldCriterion rather than merely requiring an arbitrary string, and ensure the combined-stress comparison applies only under that selected criterion. Express tauy as yieldPoint divided by sqrt(3) (not an approximate 1.7320508075688772 constant) and retain the tolerance scaled from that expected result.",/Users/sadisfaction570/Desktop/Journal 1/NLTL_v2/MVP/SHACL_GENERATION_PIPELINE/outputs/vocabulary_stress_r3/runs/RUN-TRF-031-20260814T082911404999Z,COMPLETE,FALSE_POSITIVE_NO_R3_GAP,"TRAFICOM.pdf p.12, clause 4.1","The clause requires the von Mises comparison and beam-theory shear formula. R3 already contains vonMisesYieldCriterion, combinedBendingShearStress, yieldPoint, beamTheoryUsed, allowableShearStress, and yieldShearStress. A new controlled-value node is not necessary to represent the requirement."
TRF-032,1,RUN-TRF-032-20260814T083007933426Z,MAX_ATTEMPTS_REACHED,False,MODEL_LOGIC_OR_SHACL_ERROR_NO_GAP_SIGNAL,The failure did not establish absence from R3; treat it as model/SHACL behavior unless manual evidence proves otherwise.,False,0,False,,2,11806,3373,41603.713,Use an approved shape identifier rather than the unapproved urn:nltl:stress-shape:TRF_032_ShipScantlingShape. Correct the conditional SPARQL violation logic: it must report a violation when the selected design scantling is absent or its numeric value differs from the classification-society-required scantling; the current FILTER instead reports absence or a differing value and therefore inverts the required condition. Retain the ship target and ship-owned properties.,/Users/sadisfaction570/Desktop/Journal 1/NLTL_v2/MVP/SHACL_GENERATION_PIPELINE/outputs/vocabulary_stress_r3/runs/RUN-TRF-032-20260814T083007933426Z,NOT_REQUIRED,,,
TRF-034,1,RUN-TRF-034-20260814T083100272943Z,MAX_ATTEMPTS_REACHED,False,MODEL_LOGIC_OR_SHACL_ERROR_NO_GAP_SIGNAL,The failure did not establish absence from R3; treat it as model/SHACL behavior unless manual evidence proves otherwise.,False,0,False,,2,15000,3191,38732.75,Replace the unapproved generated shape IRI urn:nltl:stress-shape:EffectiveMemberCrossSectionShape with an approved SHACL shape identifier or a blank-node NodeShape; no canonical vocabulary lookup is needed.,/Users/sadisfaction570/Desktop/Journal 1/NLTL_v2/MVP/SHACL_GENERATION_PIPELINE/outputs/vocabulary_stress_r3/runs/RUN-TRF-034-20260814T083100272943Z,NOT_REQUIRED,,,
TRF-035,1,RUN-TRF-035-20260814T083149716101Z,MAX_ATTEMPTS_REACHED,False,MODEL_LOGIC_OR_SHACL_ERROR_NO_GAP_SIGNAL,The failure did not establish absence from R3; treat it as model/SHACL behavior unless manual evidence proves otherwise.,False,0,False,,2,13936,1987,24687.298,Replace the unapproved generated shape IRI <urn:nltl:stress-shape:TRF035ShipShape> with an approved shape identifier or a blank-node NodeShape; all vocabulary terms used for the substantive constraint are supplied and no canonical-term search is required.,/Users/sadisfaction570/Desktop/Journal 1/NLTL_v2/MVP/SHACL_GENERATION_PIPELINE/outputs/vocabulary_stress_r3/runs/RUN-TRF-035-20260814T083149716101Z,NOT_REQUIRED,,,
TRF-036,1,RUN-TRF-036-20260814T083225098211Z,MAX_ATTEMPTS_REACHED,False,MODEL_LOGIC_OR_SHACL_ERROR_NO_GAP_SIGNAL,The failure did not establish absence from R3; treat it as model/SHACL behavior unless manual evidence proves otherwise.,False,0,False,,2,17492,3012,35705.808,Replace the unapproved generated shape IRI <urn:nltl:stress-shape:TRF036IceClassDesignParameterSetShape> with an approved shape identifier or a blank-node NodeShape; no canonical vocabulary term is missing.,/Users/sadisfaction570/Desktop/Journal 1/NLTL_v2/MVP/SHACL_GENERATION_PIPELINE/outputs/vocabulary_stress_r3/runs/RUN-TRF-036-20260814T083225098211Z,NOT_REQUIRED,,,
TRF-037,1,RUN-TRF-037-20260814T083311563001Z,MAX_ATTEMPTS_REACHED,False,MODEL_LOGIC_OR_SHACL_ERROR_NO_GAP_SIGNAL,The failure did not establish absence from R3; treat it as model/SHACL behavior unless manual evidence proves otherwise.,False,0,False,,2,23000,3060,31804.504,"Remove or replace the unapproved generated shape IRI urn:nltl:stress-shape:TRF037ShipIcePressureShape with an allowed identifier or a blank-node shape. In the pressure formula, use the reported shipSizeEngineOutputFactorCd value (?cd) as the required operand: validate p = ?cd * ?cp * ?ca * ?p0, while separately validating ?cd against the capped calculated value.",/Users/sadisfaction570/Desktop/Journal 1/NLTL_v2/MVP/SHACL_GENERATION_PIPELINE/outputs/vocabulary_stress_r3/runs/RUN-TRF-037-20260814T083311563001Z,NOT_REQUIRED,,,
TRF-041,1,RUN-TRF-041-20260814T083354259103Z,MAX_ATTEMPTS_REACHED,False,MODEL_LOGIC_OR_SHACL_ERROR_NO_GAP_SIGNAL,The failure did not establish absence from R3; treat it as model/SHACL behavior unless manual evidence proves otherwise.,False,0,False,,2,23619,4028,45333.105,Replace the unapproved generated shape IRI urn:nltl:stress-shape:TRF-041 with an approved identifier or a blank-node NodeShape; no canonical vocabulary term is missing.,/Users/sadisfaction570/Desktop/Journal 1/NLTL_v2/MVP/SHACL_GENERATION_PIPELINE/outputs/vocabulary_stress_r3/runs/RUN-TRF-041-20260814T083354259103Z,NOT_REQUIRED,,,
TRF-042,1,RUN-TRF-042-20260814T083450578743Z,MAX_ATTEMPTS_REACHED,False,MODEL_LOGIC_OR_SHACL_ERROR_NO_GAP_SIGNAL,The failure did not establish absence from R3; treat it as model/SHACL behavior unless manual evidence proves otherwise.,False,0,False,,2,24226,5511,64025.887,Replace the unapproved urn:nltl:stress-shape:TRF_042_PlatingShape identifier with an allowed shape identifier or a blank node. Repair the f2 bounded formula constraint so h/s values outside its defined range (including an invalid zero divisor) cannot pass merely because FILTER(?ratio <= 1.8) removes them; report ratios not covered by the two stated branches. Do not impose unconditional sh:minCount 1 requirements solely from this universal calculation rule unless existence is independently required.,/Users/sadisfaction570/Desktop/Journal 1/NLTL_v2/MVP/SHACL_GENERATION_PIPELINE/outputs/vocabulary_stress_r3/runs/RUN-TRF-042-20260814T083450578743Z,NOT_REQUIRED,,,
TRF-043,1,RUN-TRF-043-20260814T083605452470Z,MAX_ATTEMPTS_REACHED,False,MODEL_LOGIC_OR_SHACL_ERROR_NO_GAP_SIGNAL,The failure did not establish absence from R3; treat it as model/SHACL behavior unless manual evidence proves otherwise.,False,0,False,,2,26078,5580,62026.188,"Replace the unapproved urn:nltl:stress-shape:* shape IRIs with permitted local blank-node/approved SHACL shape identifiers. Change iceClass and hullRegion value constraints from sh:datatype (which applies only to literals) to sh:class nltl:iceClassValue and sh:class nltl:hullRegionValue, retaining their controlled-value sh:in lists. Correct the termination allowance to the verified conditional direction: when extension is <=250 mm, model termination-at-that-boundary as permitted; do not instead treat a true permission assertion as a prohibition whenever extension exceeds 250 mm. Keep this allowance as an explicit conditional exception and do not require extension evidence universally when no beyond-boundary case is present.",/Users/sadisfaction570/Desktop/Journal 1/NLTL_v2/MVP/SHACL_GENERATION_PIPELINE/outputs/vocabulary_stress_r3/runs/RUN-TRF-043-20260814T083605452470Z,NOT_REQUIRED,,,
TRF-044,1,RUN-TRF-044-20260814T083718335226Z,MAX_ATTEMPTS_REACHED,False,MODEL_LOGIC_OR_SHACL_ERROR_NO_GAP_SIGNAL,The failure did not establish absence from R3; treat it as model/SHACL behavior unless manual evidence proves otherwise.,False,0,False,,2,26785,4280,39649.431000000004,Replace the unapproved generated shape IRI <urn:nltl:stress-shape:TRF-044> with an approved identifier or an anonymous NodeShape; no canonical vocabulary lookup is needed.,/Users/sadisfaction570/Desktop/Journal 1/NLTL_v2/MVP/SHACL_GENERATION_PIPELINE/outputs/vocabulary_stress_r3/runs/RUN-TRF-044-20260814T083718335226Z,NOT_REQUIRED,,,
TRF-045,1,RUN-TRF-045-20260814T083809018836Z,MAX_ATTEMPTS_REACHED,False,MODEL_LOGIC_OR_SHACL_ERROR_NO_GAP_SIGNAL,The failure did not establish absence from R3; treat it as model/SHACL behavior unless manual evidence proves otherwise.,False,0,False,,2,10152,1603,19693.231,"Provide a complete candidate SHACL graph enclosed by exactly one BEGIN_SHACL and END_SHACL marker pair. It must target frame and encode the conditional rule: when frameSpanWithinIceStrengtheningZone is less than 15% of span (both length QuantityValues in metres), ordinaryFrameScantlingsUsed may be true; do not use ship/component indirection or relocate frame-owned properties.",/Users/sadisfaction570/Desktop/Journal 1/NLTL_v2/MVP/SHACL_GENERATION_PIPELINE/outputs/vocabulary_stress_r3/runs/RUN-TRF-045-20260814T083809018836Z,NOT_REQUIRED,,,
TRF-046,1,RUN-TRF-046-20260814T083839319789Z,MAX_ATTEMPTS_REACHED,False,MODEL_LOGIC_OR_SHACL_ERROR_NO_GAP_SIGNAL,The failure did not establish absence from R3; treat it as model/SHACL behavior unless manual evidence proves otherwise.,False,0,False,,2,22248,1993,23942.285,"Replace the unapproved urn: shape IRIs with permitted blank-node shapes, and restrict applicability to mainFrame or intermediateIceFrame rather than targeting every frame. Preserve the required attachment alternative (deckStructure, tankBoundaryPlating, or iceStringer) on the frameEnd reached by hasUpperEnd; do not make the optional above-ice-belt permissions unconditional requirements.",/Users/sadisfaction570/Desktop/Journal 1/NLTL_v2/MVP/SHACL_GENERATION_PIPELINE/outputs/vocabulary_stress_r3/runs/RUN-TRF-046-20260814T083839319789Z,NOT_REQUIRED,,,
TRF-047,1,RUN-TRF-047-20260814T083913968332Z,MAX_ATTEMPTS_REACHED,False,MODEL_LOGIC_OR_SHACL_ERROR_NO_GAP_SIGNAL,The failure did not establish absence from R3; treat it as model/SHACL behavior unless manual evidence proves otherwise.,False,0,False,,2,23210,5895,70163.665,"Repair the Turtle syntax by closing the second sh:or branch blank node after the sh:sparql constraint. Remove the generic nltl:frame shape that imposes sh:minCount 1 for nltl:hasStrengthenedPart: the universal attachment rule does not independently require every frame to declare a strengthened part. Likewise, do not use sh:minCount 1 to invent lower-end existence; constrain each applicable asserted lower-end relationship and preserve the main-frame/intermediate-ice-frame conditional attachment alternatives. Reassess the unconditional mainFrameBelowIceBeltStrengthened requirement so it does not require the below-ice-belt evidence/value for every main frame when the rule is limited to main frames below the lower ice-belt edge.",/Users/sadisfaction570/Desktop/Journal 1/NLTL_v2/MVP/SHACL_GENERATION_PIPELINE/outputs/vocabulary_stress_r3/runs/RUN-TRF-047-20260814T083913968332Z,NOT_REQUIRED,,,
TRF-048,1,RUN-TRF-048-20260814T084034795512Z,MAX_ATTEMPTS_REACHED,False,EXISTING_R3_TERM_FOUND_MODEL_ERROR,The matcher resolved the request to an existing locked term; this is not a vocabulary gap.,True,8,True,longitudinalFrame,3,29246,4813,48983.388999999996,"Replace the invented nltl:TRF048LongitudinalFrameShape IRI with a non-canonical shape IRI or obtain a canonical term. Move the boundary-condition sh:or to a node-level alternative on the longitudinal-frame node: false requires m=13.3, while true requires m<13.3 and nltl:hasFrameBoundaryConditionEvidence with the supplied evidence class; the current property-level sh:or evaluates m paths from the boolean literal. Encode the comparison-model requirement that bracket area is excluded from actual frame shear area, using the supplied bracketArea/grossFrameShearArea terms as appropriate, rather than only stating it in a message.",/Users/sadisfaction570/Desktop/Journal 1/NLTL_v2/MVP/SHACL_GENERATION_PIPELINE/outputs/vocabulary_stress_r3/runs/RUN-TRF-048-20260814T084034795512Z,NOT_REQUIRED,,,
TRF-049,1,RUN-TRF-049-20260814T084136156064Z,MAX_ATTEMPTS_REACHED,False,MODEL_LOGIC_OR_SHACL_ERROR_NO_GAP_SIGNAL,The failure did not establish absence from R3; treat it as model/SHACL behavior unless manual evidence proves otherwise.,False,0,False,,2,27934,4620,64553.191999999995,"Move locally defined shape IRIs out of the canonical nltl: vocabulary namespace (or use blank nodes), resolving all deterministic unknown-IRI errors. Target longitudinalFrame and transverseFrame directly rather than relying on targetClass frame subclass entailment. Keep effectiveAttachmentConfirmed only on frameAttachment; remove the incompatible direct check on the frame. Prevent the generic sh:or branch from allowing longitudinal or transverse frames to bypass their class-specific obligations. Add the omitted requirements: longitudinal-frame bracket attachments to every declared supporting web frame and supporting bulkhead, and for passesThroughSupportingStructure=true require webPlateConnectionSideCount >= 2. Retain bounded SPARQL for reciprocal attachment identity and bracketThickness >= frameWebThickness, while ensuring the attachment/supporting-structure relationships cover all required supporting structures rather than merely any identified attachment.",/Users/sadisfaction570/Desktop/Journal 1/NLTL_v2/MVP/SHACL_GENERATION_PIPELINE/outputs/vocabulary_stress_r3/runs/RUN-TRF-049-20260814T084136156064Z,NOT_REQUIRED,,,
TRF-050,1,RUN-TRF-050-20260814T084252951410Z,MAX_ATTEMPTS_REACHED,False,MODEL_LOGIC_OR_SHACL_ERROR_NO_GAP_SIGNAL,The failure did not establish absence from R3; treat it as model/SHACL behavior unless manual evidence proves otherwise.,False,0,False,,2,12364,2505,29991.468999999997,Replace the unapproved generated shape IRI urn:nltl:stress-shape:TRF050_FrameAttachmentShape with an approved shape identifier from the permitted namespace; no canonical vocabulary lookup is required.,/Users/sadisfaction570/Desktop/Journal 1/NLTL_v2/MVP/SHACL_GENERATION_PIPELINE/outputs/vocabulary_stress_r3/runs/RUN-TRF-050-20260814T084252951410Z,NOT_REQUIRED,,,
TRF-051,1,RUN-TRF-051-20260814T084333611719Z,MAX_ATTEMPTS_REACHED,False,EXISTING_R3_TERM_FOUND_MODEL_ERROR,The matcher resolved the request to an existing locked term; this is not a vocabulary gap.,True,6,True,thickness,3,26862,6017,68142.969,"Replace the invented nltl:TRF051_HullStructureShape IRI with a non-canonical shape IRI, and obtain/use the canonical plate-thickness property or path for the in-lieu deck/tank-top/tank-bottom/bulkhead branch; nltl:frameWebThickness cannot also stand for that distinct plate-thickness result. Constrain the in-lieu branch to the permitted structure alternatives and require adjacentFrameHeight to be positive before evaluating the instability formula, rather than allowing non-positive height to bypass that formula term.",/Users/sadisfaction570/Desktop/Journal 1/NLTL_v2/MVP/SHACL_GENERATION_PIPELINE/outputs/vocabulary_stress_r3/runs/RUN-TRF-051-20260814T084333611719Z,NOT_REQUIRED,,,
TRF-052,1,RUN-TRF-052-20260814T084453796985Z,MAX_ATTEMPTS_REACHED,False,MODEL_LOGIC_OR_SHACL_ERROR_NO_GAP_SIGNAL,The failure did not establish absence from R3; treat it as model/SHACL behavior unless manual evidence proves otherwise.,False,0,False,,2,24093,4776,51004.281,"Replace all unapproved urn:nltl:stress-shape:* identifiers with permitted blank nodes or approved shape identifiers. Also repair the <=4 m ice-class branching: IA Super requires all regions, IA requires bow and midbody, IB/IC require bow, while the supplied II/III values must not make the frame fail merely because none of those three scope branches matches. Do not impose the IA/IB/IC regional alternatives conjunctively or let an unsupported class silently select an incorrect branch.",/Users/sadisfaction570/Desktop/Journal 1/NLTL_v2/MVP/SHACL_GENERATION_PIPELINE/outputs/vocabulary_stress_r3/runs/RUN-TRF-052-20260814T084453796985Z,NOT_REQUIRED,,,
TRF-053,1,RUN-TRF-053-20260814T084555738136Z,MAX_ATTEMPTS_REACHED,False,MODEL_LOGIC_OR_SHACL_ERROR_NO_GAP_SIGNAL,The failure did not establish absence from R3; treat it as model/SHACL behavior unless manual evidence proves otherwise.,False,0,False,,2,21209,4279,48868.755000000005,"Replace all unapproved urn:nltl:stress-shape generated shape IRIs with blank nodes or approved SHACL identifiers. Encode the supplied locatedWithinIceBelt applicability selector (boolean on the iceStringer) so the calculation requirements apply only when it is true, without allowing missing selection evidence to pass. Replace exact ?d != ?expectedLoad with an expected-result-scaled tolerance comparison, as designLineLoad is derived; retain tolerances based on expected formula results.",/Users/sadisfaction570/Desktop/Journal 1/NLTL_v2/MVP/SHACL_GENERATION_PIPELINE/outputs/vocabulary_stress_r3/runs/RUN-TRF-053-20260814T084555738136Z,NOT_REQUIRED,,,
TRF-054,1,RUN-TRF-054-20260814T084655459744Z,MAX_ATTEMPTS_REACHED,False,MODEL_LOGIC_OR_SHACL_ERROR_NO_GAP_SIGNAL,The failure did not establish absence from R3; treat it as model/SHACL behavior unless manual evidence proves otherwise.,False,0,False,,2,25300,4279,44618.645000000004,"Replace the unapproved urn:nltl:stress-shape:TRF054IceStringerShape IRI with an approved shape identifier or a blank node. Encode applicability for an iceStringer located outside the ice belt and supporting ice-strengthened frames using the supplied nltl:locatedOutsideIceBelt and nltl:supportsIceStrengthenedFrames boolean evidence; do not require the calculation inputs/results for every iceStringer irrespective of those selectors. Correct the designLineLoad unit conversion: its mandated unit is kN/m, whereas p(MPa)*h(m) and the 0.15 minimum are MN/m; compare the reported load to 1000*max(p*h,0.15), and convert reported kN/m back to MN/m (or use the derived MN/m intermediate) in the Z and A formulae.",/Users/sadisfaction570/Desktop/Journal 1/NLTL_v2/MVP/SHACL_GENERATION_PIPELINE/outputs/vocabulary_stress_r3/runs/RUN-TRF-054-20260814T084655459744Z,NOT_REQUIRED,,,
TRF-055,1,RUN-TRF-055-20260814T084751045680Z,MAX_ATTEMPTS_REACHED,False,MODEL_LOGIC_OR_SHACL_ERROR_NO_GAP_SIGNAL,The failure did not establish absence from R3; treat it as model/SHACL behavior unless manual evidence proves otherwise.,False,0,False,,2,23436,3782,39687.062,"Replace the unapproved generated nltl:TRF055* shape IRIs with blank nodes or permitted SHACL identifiers. Also encode the complete 4.5.3 comparison model: retain the conjunctive abreastOfHatch=true and servesAsIceStringer=true applicability and the actual>=required section-modulus/shear-area checks, but add the very-long-hatch conditional reduced-line-load permission, required classification-society approval, and the p*h bounds (less than 0.15 when permitted, never below 0.10) using the supplied canonical terms and without inventing operands or allowing missing branch-selection/approval evidence to pass.",/Users/sadisfaction570/Desktop/Journal 1/NLTL_v2/MVP/SHACL_GENERATION_PIPELINE/outputs/vocabulary_stress_r3/runs/RUN-TRF-055-20260814T084751045680Z,NOT_REQUIRED,,,
TRF-056,1,RUN-TRF-056-20260814T084841559160Z,MAX_ATTEMPTS_REACHED,False,MODEL_LOGIC_OR_SHACL_ERROR_NO_GAP_SIGNAL,The failure did not establish absence from R3; treat it as model/SHACL behavior unless manual evidence proves otherwise.,False,0,False,,2,15487,3245,37868.331999999995,Replace the unapproved generated shape IRI <urn:nltl:stress-shape:TRF-056_WeatherdeckHatchShape> with a blank-node sh:NodeShape (or an approved shape identifier); no vocabulary lookup is required.,/Users/sadisfaction570/Desktop/Journal 1/NLTL_v2/MVP/SHACL_GENERATION_PIPELINE/outputs/vocabulary_stress_r3/runs/RUN-TRF-056-20260814T084841559160Z,NOT_REQUIRED,,,
TRF-057,1,RUN-TRF-057-20260814T084930173540Z,MAX_ATTEMPTS_REACHED,False,MODEL_LOGIC_OR_SHACL_ERROR_NO_GAP_SIGNAL,The failure did not establish absence from R3; treat it as model/SHACL behavior unless manual evidence proves otherwise.,False,0,False,,2,17490,3289,36493.626000000004,"Replace the unapproved urn:nltl:stress-shape:TRF_057_WebFrameIceLoadShape identifier with an approved shape identifier. Also constrain each targeted webFrame to state nltl:iceLoadSourceType with exactly one permitted controlled value, nltl:iceStringerLoadSource or nltl:longitudinalFramingLoadSource; do not leave the formula applicable to frames lacking or having an unsupported source type.",/Users/sadisfaction570/Desktop/Journal 1/NLTL_v2/MVP/SHACL_GENERATION_PIPELINE/outputs/vocabulary_stress_r3/runs/RUN-TRF-057-20260814T084930173540Z,NOT_REQUIRED,,,
TRF-058,1,RUN-TRF-058-20260814T085017511294Z,MAX_ATTEMPTS_REACHED,False,MODEL_LOGIC_OR_SHACL_ERROR_NO_GAP_SIGNAL,The failure did not establish absence from R3; treat it as model/SHACL behavior unless manual evidence proves otherwise.,False,0,False,,2,13011,2388,29414.639,Replace the unapproved generated IRI nltl:TRF-058-Shape with an approved shape identifier (or a blank node); no canonical vocabulary lookup is needed.,/Users/sadisfaction570/Desktop/Journal 1/NLTL_v2/MVP/SHACL_GENERATION_PIPELINE/outputs/vocabulary_stress_r3/runs/RUN-TRF-058-20260814T085017511294Z,NOT_REQUIRED,,,
TRF-059,1,RUN-TRF-059-20260814T085057704983Z,MAX_ATTEMPTS_REACHED,False,MODEL_LOGIC_OR_SHACL_ERROR_NO_GAP_SIGNAL,The failure did not establish absence from R3; treat it as model/SHACL behavior unless manual evidence proves otherwise.,False,0,False,,2,15865,3798,37233.352,"Supply a complete candidate SHACL graph enclosed by exactly one BEGIN_SHACL and END_SHACL marker pair. It must target webFrame and encode the complete TRF-059 formula/table model with the supplied web-frame-owned operands, result, units, and a tolerance-based derived-value comparison.",/Users/sadisfaction570/Desktop/Journal 1/NLTL_v2/MVP/SHACL_GENERATION_PIPELINE/outputs/vocabulary_stress_r3/runs/RUN-TRF-059-20260814T085057704983Z,NOT_REQUIRED,,,
TRF-060,1,RUN-TRF-060-20260814T085145555520Z,MAX_ATTEMPTS_REACHED,False,MODEL_LOGIC_OR_SHACL_ERROR_NO_GAP_SIGNAL,The failure did not establish absence from R3; treat it as model/SHACL behavior unless manual evidence proves otherwise.,False,0,False,,2,28856,4627,43753.145,Repair the Turtle syntax: SPARQL constraints are nested blank nodes and require a semicolon after each sh:message before sh:select. Then correct the section-modulus formula: bind expectedZ as (expectedM / sy) * SQRT(1.0 / (1.0 - ratio*ratio)) * 1000000.0 and compare reported z directly to expectedZ using a tolerance scaled from expectedZ; the current squared expression omits the square root and incorrectly squares the required result. Retain the required Table 4-8 reference and selection evidence.,/Users/sadisfaction570/Desktop/Journal 1/NLTL_v2/MVP/SHACL_GENERATION_PIPELINE/outputs/vocabulary_stress_r3/runs/RUN-TRF-060-20260814T085145555520Z,NOT_REQUIRED,,,
TRF-062,1,RUN-TRF-062-20260814T085239926909Z,MAX_ATTEMPTS_REACHED,False,MODEL_LOGIC_OR_SHACL_ERROR_NO_GAP_SIGNAL,The failure did not establish absence from R3; treat it as model/SHACL behavior unless manual evidence proves otherwise.,False,0,False,,2,9706,1475,19439.698,"Replace the unapproved urn: shape IRI with an approved SHACL shape identifier. More importantly, presence and unit validation of propellerBladeTipHullClearance does not encode the required no-less-than-h0 comparison: require the supplied minimumClearance quantity on the ship with decimal/metre validation and add a bounded comparison ensuring propellerBladeTipHullClearance numericValue is greater than or equal to minimumClearance numericValue.",/Users/sadisfaction570/Desktop/Journal 1/NLTL_v2/MVP/SHACL_GENERATION_PIPELINE/outputs/vocabulary_stress_r3/runs/RUN-TRF-062-20260814T085239926909Z,NOT_REQUIRED,,,
TRF-063,1,RUN-TRF-063-20260814T085310029619Z,MAX_ATTEMPTS_REACHED,False,MODEL_LOGIC_OR_SHACL_ERROR_NO_GAP_SIGNAL,The failure did not establish absence from R3; treat it as model/SHACL behavior unless manual evidence proves otherwise.,False,0,False,,2,15715,2437,39868.06,"Encode applicability as an implication: ships with propellerCount 2 or 3 must have a conforming side-propeller-strengthening envelope, while a separate non-applicable branch permits only a present propellerCount other than 2 or 3. The current sh:or instead requires every targeted ship to be twin or triple screw. Also rename the two SHACL shape resources outside the locked nltl: canonical vocabulary (or use blank nodes), since they are not canonical terms.",/Users/sadisfaction570/Desktop/Journal 1/NLTL_v2/MVP/SHACL_GENERATION_PIPELINE/outputs/vocabulary_stress_r3/runs/RUN-TRF-063-20260814T085310029619Z,NOT_REQUIRED,,,
TRF-064,1,RUN-TRF-064-20260814T085401040793Z,MAX_ATTEMPTS_REACHED,False,MODEL_LOGIC_OR_SHACL_ERROR_NO_GAP_SIGNAL,The failure did not establish absence from R3; treat it as model/SHACL behavior unless manual evidence proves otherwise.,False,0,False,,2,21014,3682,46580.789000000004,"Replace the unapproved generated urn:nltl:stress-shape: shape IRIs with permitted blank-node SHACL shapes (including the sh:or branches and referenced sh:node shapes), while retaining the existing conditional true/false logic, ship target, component enclosure paths, and detached-strut evidence constraints.",/Users/sadisfaction570/Desktop/Journal 1/NLTL_v2/MVP/SHACL_GENERATION_PIPELINE/outputs/vocabulary_stress_r3/runs/RUN-TRF-064-20260814T085401040793Z,NOT_REQUIRED,,,
TRF-066,1,RUN-TRF-066-20260814T085458374801Z,MAX_ATTEMPTS_REACHED,False,MODEL_LOGIC_OR_SHACL_ERROR_NO_GAP_SIGNAL,The failure did not establish absence from R3; treat it as model/SHACL behavior unless manual evidence proves otherwise.,False,0,False,,2,19178,5441,63103.061,Replace the invented nltl:TRF066ShipShape identifier with a blank node or a non-canonical shape IRI outside the locked nltl vocabulary; do not mint an unregistered canonical vocabulary term for the shape.,/Users/sadisfaction570/Desktop/Journal 1/NLTL_v2/MVP/SHACL_GENERATION_PIPELINE/outputs/vocabulary_stress_r3/runs/RUN-TRF-066-20260814T085458374801Z,NOT_REQUIRED,,,
TRF-067,1,RUN-TRF-067-20260814T085612455032Z,MAX_ATTEMPTS_REACHED,False,MODEL_LOGIC_OR_SHACL_ERROR_NO_GAP_SIGNAL,The failure did not establish absence from R3; treat it as model/SHACL behavior unless manual evidence proves otherwise.,False,0,False,,2,14501,2925,35003.997,"Bind the rdf prefix (e.g., @prefix rdf: <http://www.w3.org/1999/02/22-rdf-syntax-ns#> .) so sh:path rdf:type parses, then rerun deterministic validation.",/Users/sadisfaction570/Desktop/Journal 1/NLTL_v2/MVP/SHACL_GENERATION_PIPELINE/outputs/vocabulary_stress_r3/runs/RUN-TRF-067-20260814T085612455032Z,NOT_REQUIRED,,,
TRF-069,1,RUN-TRF-069-20260814T085658073480Z,MAX_ATTEMPTS_REACHED,False,MODEL_LOGIC_OR_SHACL_ERROR_NO_GAP_SIGNAL,The failure did not establish absence from R3; treat it as model/SHACL behavior unless manual evidence proves otherwise.,False,0,False,,2,22198,4465,53831.832,"Replace the invented nltl:TRF069ShipShape identifier with a non-canonical shape IRI. Reverse the second sh:or alternative: its SPARQL constraint must report a violation when all three selectors satisfy the applicability sets, so that this alternative conforms only when a required, single-valued selector is outside its permitted set. The current query makes the non-applicability branch conform for applicable ships, allowing the required design-load evidence to be bypassed, and makes genuinely non-applicable ships fail. Add sh:maxCount 1 to each required boolean design-condition assertion so contradictory true/false evidence cannot pass via sh:hasValue true.",/Users/sadisfaction570/Desktop/Journal 1/NLTL_v2/MVP/SHACL_GENERATION_PIPELINE/outputs/vocabulary_stress_r3/runs/RUN-TRF-069-20260814T085658073480Z,NOT_REQUIRED,,,
TRF-070,1,RUN-TRF-070-20260814T085802887643Z,MAX_ATTEMPTS_REACHED,False,MODEL_LOGIC_OR_SHACL_ERROR_NO_GAP_SIGNAL,The failure did not establish absence from R3; treat it as model/SHACL behavior unless manual evidence proves otherwise.,False,0,False,,2,18502,3089,39564.945,"Replace the invented nltl:TRF070ShipShape and nltl:TRF070DesignConditionShape IRIs with a non-canonical shapes namespace (or blank nodes). Do not encode applicability by unconditionally requiring every ship to have mainPropulsionThruster=true, a selected thrusterType, and normalOperationalConditions=true; scope the substantive constraints to the main-propulsion azimuthing-or-fixed case without allowing absent selection evidence to pass. Add the supplied thrusterBodyLocalStrength requirement and model the linked design-condition semantics: on the designCondition node require the supplied designConditionExpectedLoad and designConditionLocalStrengthCapacity quantities with their canonical units, relate the expected load to the thruster-body/ice load for that same condition, and enforce the required local-strength sufficiency comparison rather than merely requiring unrelated extremeLoad and localIcePressure values on the ship. Retain all properties on their declared owners and units.",/Users/sadisfaction570/Desktop/Journal 1/NLTL_v2/MVP/SHACL_GENERATION_PIPELINE/outputs/vocabulary_stress_r3/runs/RUN-TRF-070-20260814T085802887643Z,NOT_REQUIRED,,,
TRF-074,1,RUN-TRF-074-20260814T085853593718Z,MAX_ATTEMPTS_REACHED,False,MODEL_LOGIC_OR_SHACL_ERROR_NO_GAP_SIGNAL,The failure did not establish absence from R3; treat it as model/SHACL behavior unless manual evidence proves otherwise.,False,0,False,,2,16064,2650,33893.229999999996,"Remove the unconditional propulsionSystemDesignedForIceClass sh:hasValue/minCount/maxCount property constraint from the IB/IC branch: IA design is required only when ballastConditionPropellerTopDepth is less than requiredPropellerSubmersionDepthHi, which the SPARQL violation query must enforce including absence of the IA value. Retain required operands and units for the conditional comparison, and replace the unapproved urn:nltl:stress-shape:* shape IRIs with permitted shape identifiers or blank-node shapes.",/Users/sadisfaction570/Desktop/Journal 1/NLTL_v2/MVP/SHACL_GENERATION_PIPELINE/outputs/vocabulary_stress_r3/runs/RUN-TRF-074-20260814T085853593718Z,NOT_REQUIRED,,,
TRF-076,1,RUN-TRF-076-20260814T085938268158Z,MAX_ATTEMPTS_REACHED,False,MODEL_LOGIC_OR_SHACL_ERROR_NO_GAP_SIGNAL,The failure did not establish absence from R3; treat it as model/SHACL behavior unless manual evidence proves otherwise.,False,0,False,,2,13854,3169,40272.929,"Replace the unapproved urn:nltl:stress-shape: named shape IRIs with permitted blank nodes or an approved shape namespace. More importantly, do not use four repeated hasPropellerBladeLoadCase property shapes with sh:node: each sh:node applies to every value on that path, so the current conjunction requires every load-case node simultaneously to have number 1, 2, 3, and 4. Require existence of each numbered case using qualified value shapes with sh:qualifiedMinCount 1 (and appropriate disjointness if needed), while retaining the load-case-number datatype and exact inclusive bounds. Apply the same qualified pattern for case 5 only in the FP-and-reversing branch; ensure multiple/conflicting propeller-type values cannot select the CP branch to bypass the reversing-FP case-5 requirement.",/Users/sadisfaction570/Desktop/Journal 1/NLTL_v2/MVP/SHACL_GENERATION_PIPELINE/outputs/vocabulary_stress_r3/runs/RUN-TRF-076-20260814T085938268158Z,NOT_REQUIRED,,,
TRF-077,1,RUN-TRF-077-20260814T090029316056Z,MAX_ATTEMPTS_REACHED,False,MODEL_LOGIC_OR_SHACL_ERROR_NO_GAP_SIGNAL,The failure did not establish absence from R3; treat it as model/SHACL behavior unless manual evidence proves otherwise.,False,0,False,,2,12996,2515,26713.853,Replace the unapproved generated shape IRI urn:nltl:stress-shape:TRF_077_Shape with an approved in-scope SHACL shape identifier; deterministicValidation.valid must be true before freezing.,/Users/sadisfaction570/Desktop/Journal 1/NLTL_v2/MVP/SHACL_GENERATION_PIPELINE/outputs/vocabulary_stress_r3/runs/RUN-TRF-077-20260814T090029316056Z,NOT_REQUIRED,,,
TRF-078,1,RUN-TRF-078-20260814T090106826820Z,MAX_ATTEMPTS_REACHED,False,MODEL_LOGIC_OR_SHACL_ERROR_NO_GAP_SIGNAL,The failure did not establish absence from R3; treat it as model/SHACL behavior unless manual evidence proves otherwise.,False,0,False,,2,25064,3473,40458.45,"Repair the Turtle syntax by removing the stray closing </urn:nltl:stress-shape:TRF078ShipShape> after the shape terminator. Then encode the required result as nltl:iceLoadCycleCount (xsd:integer) on the ship, not nltl:propellerBladeLoadSpectrumCountFactor: the latter is operand n_n. The formula must be N_ice = k1*k2*k3*N_class*n_n, with observed iceLoadCycleCount compared to the calculated result using an appropriate derived-result tolerance. Retain the table/evidence requirements, but ensure table selection is tied to the cited Table 6-6 and Table 6-7 values rather than merely allowing two arbitrary references.",/Users/sadisfaction570/Desktop/Journal 1/NLTL_v2/MVP/SHACL_GENERATION_PIPELINE/outputs/vocabulary_stress_r3/runs/RUN-TRF-078-20260814T090106826820Z,NOT_REQUIRED,,,
TRF-079,1,RUN-TRF-079-20260814T090157928580Z,MAX_ATTEMPTS_REACHED,False,MODEL_LOGIC_OR_SHACL_ERROR_NO_GAP_SIGNAL,The failure did not establish absence from R3; treat it as model/SHACL behavior unless manual evidence proves otherwise.,False,0,False,,2,14136,3094,48149.228,Replace the unapproved generated shape IRI urn:nltl:stress-shape:TRF_079_ShipShape with an approved SHACL shape identifier/namespace. All required canonical terms are already supplied; do not introduce a new vocabulary term.,/Users/sadisfaction570/Desktop/Journal 1/NLTL_v2/MVP/SHACL_GENERATION_PIPELINE/outputs/vocabulary_stress_r3/runs/RUN-TRF-079-20260814T090157928580Z,NOT_REQUIRED,,,
TRF-080,1,RUN-TRF-080-20260814T090256891182Z,MAX_ATTEMPTS_REACHED,False,MODEL_LOGIC_OR_SHACL_ERROR_NO_GAP_SIGNAL,The failure did not establish absence from R3; treat it as model/SHACL behavior unless manual evidence proves otherwise.,False,0,False,,2,11344,2686,43160.207,"Replace the unapproved generated urn: shape identifiers with permitted anonymous SHACL shape nodes or approved identifiers. No canonical vocabulary lookup is needed; retain the ship-targeted operands, unitless quantity result, and tolerance-based multiplication check.",/Users/sadisfaction570/Desktop/Journal 1/NLTL_v2/MVP/SHACL_GENERATION_PIPELINE/outputs/vocabulary_stress_r3/runs/RUN-TRF-080-20260814T090256891182Z,NOT_REQUIRED,,,
TRF-081,1,RUN-TRF-081-20260814T090350746493Z,MAX_ATTEMPTS_REACHED,False,MODEL_LOGIC_OR_SHACL_ERROR_NO_GAP_SIGNAL,The failure did not establish absence from R3; treat it as model/SHACL behavior unless manual evidence proves otherwise.,False,0,False,,2,16757,2795,48586.649,"Replace the unapproved urn:nltl:stress-shape: named shape IRIs with permitted blank-node SHACL shapes (including a blank-node reusable ForceQuantityShape referenced by the target shape). The formula, target, owners, operands, units, and tolerance logic otherwise align with TRF-081.",/Users/sadisfaction570/Desktop/Journal 1/NLTL_v2/MVP/SHACL_GENERATION_PIPELINE/outputs/vocabulary_stress_r3/runs/RUN-TRF-081-20260814T090350746493Z,NOT_REQUIRED,,,
TRF-082,1,RUN-TRF-082-20260814T090450115265Z,MAX_ATTEMPTS_REACHED,False,MODEL_LOGIC_OR_SHACL_ERROR_NO_GAP_SIGNAL,The failure did not establish absence from R3; treat it as model/SHACL behavior unless manual evidence proves otherwise.,False,0,False,,2,18702,1139,26934.520999999997,"Repair the Turtle syntax first: close the sh:or RDF list for the bollardThrustKnown property with ')' rather than ']', so deterministic parsing and SHACL validation can run. Retain ship as the target, the boolean selector, and the false-branch tableLookupCase constraints requiring tableLookupApplied true, tableReference nltl:traficomTable6Dash8, and lookupSelectionEvidence typed nltl:evidenceArtifact.",/Users/sadisfaction570/Desktop/Journal 1/NLTL_v2/MVP/SHACL_GENERATION_PIPELINE/outputs/vocabulary_stress_r3/runs/RUN-TRF-082-20260814T090450115265Z,NOT_REQUIRED,,,
TRF-083,1,RUN-TRF-083-20260814T090527672659Z,MAX_ATTEMPTS_REACHED,False,MODEL_LOGIC_OR_SHACL_ERROR_NO_GAP_SIGNAL,The failure did not establish absence from R3; treat it as model/SHACL behavior unless manual evidence proves otherwise.,False,0,False,,2,21347,2374,28091.316,"Replace the invented nltl:TRF083Shape and nltl:TRF083TableLookupCaseShape IRIs, which are treated as unknown canonical vocabulary IRIs, with blank-node shapes or identifiers in a non-canonical SHACL shape namespace; retain the supplied canonical terms for all regulated data paths and controlled values.",/Users/sadisfaction570/Desktop/Journal 1/NLTL_v2/MVP/SHACL_GENERATION_PIPELINE/outputs/vocabulary_stress_r3/runs/RUN-TRF-083-20260814T090527672659Z,NOT_REQUIRED,,,
TRF-084,1,RUN-TRF-084-20260814T090606837868Z,MAX_ATTEMPTS_REACHED,False,MODEL_LOGIC_OR_SHACL_ERROR_NO_GAP_SIGNAL,The failure did not establish absence from R3; treat it as model/SHACL behavior unless manual evidence proves otherwise.,False,0,False,,2,12584,2635,30306.160000000003,"Replace the unapproved generated urn:nltl:stress-shape: shape IRIs with approved SHACL shape identifiers. Preserve the ship target, CP/non-CP applicability branches, required pitch-known selector, metre quantity constraints, and the 0.7 free-running-to-bollard formula tolerance.",/Users/sadisfaction570/Desktop/Journal 1/NLTL_v2/MVP/SHACL_GENERATION_PIPELINE/outputs/vocabulary_stress_r3/runs/RUN-TRF-084-20260814T090606837868Z,NOT_REQUIRED,,,
TRF-085,1,RUN-TRF-085-20260814T090647945315Z,MAX_ATTEMPTS_REACHED,False,MODEL_LOGIC_OR_SHACL_ERROR_NO_GAP_SIGNAL,The failure did not establish absence from R3; treat it as model/SHACL behavior unless manual evidence proves otherwise.,False,0,False,,2,23267,3848,46380.079999999994,Replace the unapproved urn:nltl:stress-shape shape IRIs with permitted SHACL blank nodes or approved identifiers; no canonical vocabulary lookup is needed.,/Users/sadisfaction570/Desktop/Journal 1/NLTL_v2/MVP/SHACL_GENERATION_PIPELINE/outputs/vocabulary_stress_r3/runs/RUN-TRF-085-20260814T090647945315Z,NOT_REQUIRED,,,
TRF-086,1,RUN-TRF-086-20260814T090745133234Z,MAX_ATTEMPTS_REACHED,False,MODEL_LOGIC_OR_SHACL_ERROR_NO_GAP_SIGNAL,The failure did not establish absence from R3; treat it as model/SHACL behavior unless manual evidence proves otherwise.,False,0,False,,2,10702,2273,22783.484,"Provide a complete SHACL graph enclosed in exactly one BEGIN_SHACL and END_SHACL marker pair. Target the supplied ship owner and encode CP-propeller applicability plus the conditional alternatives: bollard MCR pitch when known, otherwise bollard pitch equal to 0.7 times free-running MCR pitch, with QuantityValue structure and metre units.",/Users/sadisfaction570/Desktop/Journal 1/NLTL_v2/MVP/SHACL_GENERATION_PIPELINE/outputs/vocabulary_stress_r3/runs/RUN-TRF-086-20260814T090745133234Z,NOT_REQUIRED,,,
TRF-087,1,RUN-TRF-087-20260814T090818532331Z,MAX_ATTEMPTS_REACHED,False,MODEL_LOGIC_OR_SHACL_ERROR_NO_GAP_SIGNAL,The failure did not establish absence from R3; treat it as model/SHACL behavior unless manual evidence proves otherwise.,False,0,False,,2,7832,1031,21884.617000000002,Remove or replace the unregistered nltl:TRF_087_Shape identifier with a non-canonical local shape IRI or blank node; the direct ship-level inertiaRatioIeIt QuantityValue presence constraint otherwise matches the supplied requirement.,/Users/sadisfaction570/Desktop/Journal 1/NLTL_v2/MVP/SHACL_GENERATION_PIPELINE/outputs/vocabulary_stress_r3/runs/RUN-TRF-087-20260814T090818532331Z,NOT_REQUIRED,,,
TRF-088,1,RUN-TRF-088-20260814T090851281516Z,MAX_ATTEMPTS_REACHED,False,MODEL_LOGIC_OR_SHACL_ERROR_NO_GAP_SIGNAL,The failure did not establish absence from R3; treat it as model/SHACL behavior unless manual evidence proves otherwise.,False,0,False,,2,19693,2839,35173.039000000004,"Use approved/blank-node shape identifiers instead of the unapproved urn:nltl:stress-shape IRIs. Correct the conditional logic: do not require maximumEngineTorque when maximumEngineTorqueKnown is true; require the torque quantity only in the false branch together with hasTableLookupCase. In that unknown-torque branch, require the tableLookupCase to have tableLookupApplied true, tableReference exactly nltl:traficomTable6Dash10, and lookupSelectionEvidence to an nltl:evidenceArtifact, so the graph encodes that the reported torque is accorded through the cited lookup rather than merely documenting a table reference.",/Users/sadisfaction570/Desktop/Journal 1/NLTL_v2/MVP/SHACL_GENERATION_PIPELINE/outputs/vocabulary_stress_r3/runs/RUN-TRF-088-20260814T090851281516Z,NOT_REQUIRED,,,
TRF-091,1,RUN-TRF-091-20260814T090937178968Z,MAX_ATTEMPTS_REACHED,False,MODEL_LOGIC_OR_SHACL_ERROR_NO_GAP_SIGNAL,The failure did not establish absence from R3; treat it as model/SHACL behavior unless manual evidence proves otherwise.,False,0,False,,2,16096,3576,47818.581,"Remove the unknown nltl:TRF091Shape IRI (use a non-vocabulary shape identifier or blank node). Bind the ice-milling case to the propulsion-strength load case rather than requiring two unrelated ship properties: require a shared case reached by both hasIceMillingSequenceCase and hasPropulsionLoadCase, and apply loadCasePurpose to that shared loadCase. Require propulsionLineStrengthEvaluationPurpose and explicitly prohibit stallingAnalysisPurposeValue; do not use sh:in as an unjustified exclusive-purpose restriction if additional non-stalling purposes are permitted.",/Users/sadisfaction570/Desktop/Journal 1/NLTL_v2/MVP/SHACL_GENERATION_PIPELINE/outputs/vocabulary_stress_r3/runs/RUN-TRF-091-20260814T090937178968Z,NOT_REQUIRED,,,
TRF-096,1,RUN-TRF-096-20260814T091035852202Z,MAX_ATTEMPTS_REACHED,False,MODEL_LOGIC_OR_SHACL_ERROR_NO_GAP_SIGNAL,The failure did not establish absence from R3; treat it as model/SHACL behavior unless manual evidence proves otherwise.,False,0,False,,2,12123,2413,38198.674,"Use an approved shape IRI/namespace. Restructure the logic so an occurring engineSpeedDrop is validated as a quantity when present, and engineStandstillReached=true independently triggers intendedServicePowerAdequacy=false, the maximumTorqueDuringSpeedDrop quantity, and maximumTorqueUsedForLoadAssessment=true; the current no-speed-drop sh:or branch lets standstill cases pass without these required consequences. Do not require speed-drop existence unless independently specified.",/Users/sadisfaction570/Desktop/Journal 1/NLTL_v2/MVP/SHACL_GENERATION_PIPELINE/outputs/vocabulary_stress_r3/runs/RUN-TRF-096-20260814T091035852202Z,NOT_REQUIRED,,,
TRF-101,1,RUN-TRF-101-20260814T091124792113Z,MAX_ATTEMPTS_REACHED,False,MODEL_LOGIC_OR_SHACL_ERROR_NO_GAP_SIGNAL,The failure did not establish absence from R3; treat it as model/SHACL behavior unless manual evidence proves otherwise.,False,0,False,,2,23362,4065,48114.835,Replace the unapproved urn:nltl:stress-shape:* generated shape IRIs with permitted SHACL blank-node shapes or approved shape identifiers; no canonical vocabulary term is missing.,/Users/sadisfaction570/Desktop/Journal 1/NLTL_v2/MVP/SHACL_GENERATION_PIPELINE/outputs/vocabulary_stress_r3/runs/RUN-TRF-101-20260814T091124792113Z,NOT_REQUIRED,,,
TRF-102,1,RUN-TRF-102-20260814T091223853666Z,MAX_ATTEMPTS_REACHED,False,EXISTING_R3_TERM_FOUND_MODEL_ERROR,The matcher resolved the request to an existing locked term; this is not a vocabulary gap.,True,2,True,bladeExpandedAreaRatio,3,17065,3883,43804.562,"Repair the Turtle list syntax (close sh:or with ')' rather than the extra ']') and add the missing canonical blade-count/Z operand path via vocabulary matching. The calculation branch must compute and validate C_spex = max(0.3, 0.7*(1-((4*EAR)/Z)^3)) from EAR and Z using an expected-result-scaled tolerance, not merely require a supplied factor >=0.3; then use that validated factor in the Q_sex formula. Do not leave bladeExpandedAreaRatio as presence-only.",/Users/sadisfaction570/Desktop/Journal 1/NLTL_v2/MVP/SHACL_GENERATION_PIPELINE/outputs/vocabulary_stress_r3/runs/RUN-TRF-102-20260814T091223853666Z,NOT_REQUIRED,,,
TRF-104,1,RUN-TRF-104-20260814T091319073524Z,MAX_ATTEMPTS_REACHED,False,MODEL_LOGIC_OR_SHACL_ERROR_NO_GAP_SIGNAL,The failure did not establish absence from R3; treat it as model/SHACL behavior unless manual evidence proves otherwise.,False,0,False,,2,12032,1637,28256.107000000004,Replace the unapproved generated urn:nltl:stress-shape NodeShape IRIs with permitted blank-node shapes (including the referenced component node shape) or approved shape identifiers; retain the ship-to-component path and the false boolean constraint on significantDamageFromBladeLoss.,/Users/sadisfaction570/Desktop/Journal 1/NLTL_v2/MVP/SHACL_GENERATION_PIPELINE/outputs/vocabulary_stress_r3/runs/RUN-TRF-104-20260814T091319073524Z,NOT_REQUIRED,,,
TRF-108,1,RUN-TRF-108-20260814T091357975105Z,MAX_ATTEMPTS_REACHED,False,MODEL_LOGIC_OR_SHACL_ERROR_NO_GAP_SIGNAL,The failure did not establish absence from R3; treat it as model/SHACL behavior unless manual evidence proves otherwise.,False,0,False,,2,13962,2590,34565.193999999996,"Replace the unapproved generated shape IRI urn:nltl:stress-shape:TRF108Shape with an approved shape IRI. Also remove or correctly scope the unconditional minCount requirements for stressLifeCurveKnown and stressLifeCurveType: the rule must not require a known/unknown declaration or an unrelated string curve-type fact merely because it is universal. Encode the conditional selection requirement on the ship: when curve-unknown is asserted, require exactly the twoSlopeStressLifeCurve selection; otherwise require a selected stressLifeCurveTypeValue with the required blade-material correspondence evidence, without imposing mutually inconsistent or duplicate curve-type representations.",/Users/sadisfaction570/Desktop/Journal 1/NLTL_v2/MVP/SHACL_GENERATION_PIPELINE/outputs/vocabulary_stress_r3/runs/RUN-TRF-108-20260814T091357975105Z,NOT_REQUIRED,,,
TRF-109,1,RUN-TRF-109-20260814T091443239641Z,MAX_ATTEMPTS_REACHED,False,EXISTING_R3_TERM_FOUND_MODEL_ERROR,The matcher resolved the request to an existing locked term; this is not a vocabulary gap.,True,2,True,iceLoadCycleCount,3,11779,3420,39953.31,"Remove or relocate the invented nltl:TRF_109_Shape IRI so no unknown canonical vocabulary IRI is used. The graph also omits the required Table 6-14 lookup/model for coefficients C1–C4; locate the canonical coefficient/table concepts and encode that lookup in addition to the inclusive 5,000,000 <= Nice <= 100,000,000 constraint.",/Users/sadisfaction570/Desktop/Journal 1/NLTL_v2/MVP/SHACL_GENERATION_PIPELINE/outputs/vocabulary_stress_r3/runs/RUN-TRF-109-20260814T091443239641Z,NOT_REQUIRED,,,
TRF-111,1,RUN-TRF-111-20260814T091534648407Z,MAX_ATTEMPTS_REACHED,False,MODEL_LOGIC_OR_SHACL_ERROR_NO_GAP_SIGNAL,The failure did not establish absence from R3; treat it as model/SHACL behavior unless manual evidence proves otherwise.,False,0,False,,2,19653,3469,40437.295,"Replace the unapproved urn:nltl:stress-shape named shape IRIs with permitted blank-node shapes. Move the load-case conditional sh:or from the nltl:shaftLineLoadCaseType property shape to the nltl:loadCase node shape: each branch must constrain that load case's shaftLineLoadCaseType to the applicable controlled value, and the extreme-operational and blade-failure branches must constrain nltl:componentYieldSafetyFactor on that same load-case node. The current branches instead evaluate componentYieldSafetyFactor on the controlled-value individual, which is incompatible with its required owner loadCase. Retain the fatigueSafetyFactor constraint on each component reached through nltl:hasPropellerShaftLineComponent, its declared owner.",/Users/sadisfaction570/Desktop/Journal 1/NLTL_v2/MVP/SHACL_GENERATION_PIPELINE/outputs/vocabulary_stress_r3/runs/RUN-TRF-111-20260814T091534648407Z,NOT_REQUIRED,,,
TRF-112,1,RUN-TRF-112-20260814T091625849354Z,MAX_ATTEMPTS_REACHED,False,MODEL_LOGIC_OR_SHACL_ERROR_NO_GAP_SIGNAL,The failure did not establish absence from R3; treat it as model/SHACL behavior unless manual evidence proves otherwise.,False,0,False,,2,20616,4035,82787.986,"Fix the Turtle list syntax: close the first sh:or RDF list with ')' rather than ']'. Then remove the extreme-operational and fatigue alternatives: TRF-112 must select the bladeFailureLoadCase, not allow unrelated load-case types. Use the supplied hasPropellerShaftLineComponent path rather than generic hasComponent for the shaft-line components, retain bendingYieldSafetyFactor and torsionalYieldSafetyFactor on those component nodes with unitless decimal values >= 1.0, and constrain componentYieldSafetyFactor only on the selected blade-failure load-case node. Ensure the required bladeFailureUltimateLoad and combinedAxialBendingTorsionLoad evidence is tied to the blade-failure assessment rather than merely required as unrelated ship-level values.",/Users/sadisfaction570/Desktop/Journal 1/NLTL_v2/MVP/SHACL_GENERATION_PIPELINE/outputs/vocabulary_stress_r3/runs/RUN-TRF-112-20260814T091625849354Z,NOT_REQUIRED,,,
TRF-113,1,RUN-TRF-113-20260814T091759261266Z,MAX_ATTEMPTS_REACHED,False,MODEL_LOGIC_OR_SHACL_ERROR_NO_GAP_SIGNAL,The failure did not establish absence from R3; treat it as model/SHACL behavior unless manual evidence proves otherwise.,False,0,False,,2,16220,2250,31367.246,"Replace the unapproved urn:nltl:stress-shape:TRF-113-ShipShape IRI with an approved shape identifier or a blank node. Also remove the unsupported mandatory bladeLossLoad quantity, and encode the required steeringMechanism, thrusterFitting, and thrusterBody design-withstand-without-damage scope through the supplied ship/component vocabulary rather than treating a generic evidence artifact and unconstrained strings as a complete substitute; retain the load-case confirmation for the maximum-load blade orientation.",/Users/sadisfaction570/Desktop/Journal 1/NLTL_v2/MVP/SHACL_GENERATION_PIPELINE/outputs/vocabulary_stress_r3/runs/RUN-TRF-113-20260814T091759261266Z,NOT_REQUIRED,,,
TRF-114,1,RUN-TRF-114-20260814T091841316372Z,MAX_ATTEMPTS_REACHED,False,MODEL_LOGIC_OR_SHACL_ERROR_NO_GAP_SIGNAL,The failure did not establish absence from R3; treat it as model/SHACL behavior unless manual evidence proves otherwise.,False,0,False,,2,32234,3661,38537.487,"Replace the unapproved urn:nltl:stress-shape IRIs with approved shape identifiers or blank-node shapes. Do not place nltl:equivalentImpactSphereRadius on a thrusterIceImpactLoadCase: its authoritative requiredOwner is ship. Enforce the non-hemispherical conditional from the ship target while retaining the linked load-case geometry classification, and require the radius on that ship plus correspondence evidence on the non-hemispherical load case. Also constrain each nltl:hasThrusterIceImpactLoadCase value to class nltl:thrusterIceImpactLoadCase.",/Users/sadisfaction570/Desktop/Journal 1/NLTL_v2/MVP/SHACL_GENERATION_PIPELINE/outputs/vocabulary_stress_r3/runs/RUN-TRF-114-20260814T091841316372Z,NOT_REQUIRED,,,
TRF-116,1,RUN-TRF-116-20260814T091930700397Z,MAX_ATTEMPTS_REACHED,False,MODEL_LOGIC_OR_SHACL_ERROR_NO_GAP_SIGNAL,The failure did not establish absence from R3; treat it as model/SHACL behavior unless manual evidence proves otherwise.,False,0,False,,2,14695,3413,38415.066,"Replace each sh:datatype qudt:QuantityValue with sh:class qudt:QuantityValue (retain nested numeric-value and unit constraints), and do not use the unregistered nltl:TRF_116_ShipShape IRI; use a non-canonical shape IRI or blank-node shape. Remove unsupported sh:minCount 1 requirements, since this conditional/formula rule does not independently require every ship to report the operands, exception flag, or result. Revise the bounded formula query to calculate the expected radius R_ceq directly and compare reported radius against it using a tolerance scaled from expected R_ceq (with the absolute fallback), rather than comparing squared values with a tolerance scaled from expectedSquared; preserve the cap condition and propeller-hub/thruster-end-cap exception.",/Users/sadisfaction570/Desktop/Journal 1/NLTL_v2/MVP/SHACL_GENERATION_PIPELINE/outputs/vocabulary_stress_r3/runs/RUN-TRF-116-20260814T091930700397Z,NOT_REQUIRED,,,
TRF-118,1,RUN-TRF-118-20260814T092020666095Z,MAX_ATTEMPTS_REACHED,False,MODEL_LOGIC_OR_SHACL_ERROR_NO_GAP_SIGNAL,The failure did not establish absence from R3; treat it as model/SHACL behavior unless manual evidence proves otherwise.,False,0,False,,2,22713,3669,38510.687000000005,"Replace every outer quantity-value `sh:datatype qudt:QuantityValue` with `sh:class qudt:QuantityValue` while retaining the nested numericValue/unit node constraints; quantity properties must point to QuantityValue nodes, not literals. Replace the unapproved `urn:nltl:stress-shape:TRF118ShipShape` IRI with an allowed shape identifier or a blank node. In the stress comparison use the required `?factor` operand for the nominal margin (`?nominal * ?factor > ?yield`) rather than hard-coding 1.3; retain the exact inclusive 1.3 bounds on yieldSafetyFactor and the derived-load tolerance based on the expected `?extreme * ?factor` result.",/Users/sadisfaction570/Desktop/Journal 1/NLTL_v2/MVP/SHACL_GENERATION_PIPELINE/outputs/vocabulary_stress_r3/runs/RUN-TRF-118-20260814T092020666095Z,NOT_REQUIRED,,,
TRF-120,1,RUN-TRF-120-20260814T092110020442Z,MAX_ATTEMPTS_REACHED,False,MODEL_LOGIC_OR_SHACL_ERROR_NO_GAP_SIGNAL,The failure did not establish absence from R3; treat it as model/SHACL behavior unless manual evidence proves otherwise.,False,0,False,,2,16919,4606,57527.218,Replace the unapproved generated shape IRI urn:nltl:stress-shape:TRF120ShipShape with an approved SHACL shape identifier; deterministic validation is currently invalid solely because of that external/generated IRI.,/Users/sadisfaction570/Desktop/Journal 1/NLTL_v2/MVP/SHACL_GENERATION_PIPELINE/outputs/vocabulary_stress_r3/runs/RUN-TRF-120-20260814T092110020442Z,NOT_REQUIRED,,,
TRF-123,1,RUN-TRF-123-20260814T092218254245Z,MAX_ATTEMPTS_REACHED,False,MODEL_LOGIC_OR_SHACL_ERROR_NO_GAP_SIGNAL,The failure did not establish absence from R3; treat it as model/SHACL behavior unless manual evidence proves otherwise.,False,0,False,,2,22636,4157,65003.504,"Replace all unapproved urn:nltl:stress-shape generated shape IRIs with permitted blank nodes/approved shape identifiers. Remove unsupported sh:minCount 1 requirements for ship load cases and propeller-shaft-line components: the universal every-applicable-component rule does not independently require their existence. Eliminate the unrelated ship-level yieldStrength and redundant component materialYieldStrength constraints unless they are incorporated as the declared formula operands; the comparison must consistently use the required component material-yield value for the assessed component, safety factor, and stress without forcing unrelated duplicate facts.",/Users/sadisfaction570/Desktop/Journal 1/NLTL_v2/MVP/SHACL_GENERATION_PIPELINE/outputs/vocabulary_stress_r3/runs/RUN-TRF-123-20260814T092218254245Z,NOT_REQUIRED,,,
TRF-126,1,RUN-TRF-126-20260814T092334107226Z,MAX_ATTEMPTS_REACHED,False,MODEL_LOGIC_OR_SHACL_ERROR_NO_GAP_SIGNAL,The failure did not establish absence from R3; treat it as model/SHACL behavior unless manual evidence proves otherwise.,False,0,False,,2,10551,1262,16502.188,"Remove the unapproved generated IRI nltl:TRF126Shape: declare the node shape as a blank node (e.g., [] a sh:NodeShape; sh:targetClass nltl:ship; ...) or use an already approved shape identifier. No vocabulary lookup is required.",/Users/sadisfaction570/Desktop/Journal 1/NLTL_v2/MVP/SHACL_GENERATION_PIPELINE/outputs/vocabulary_stress_r3/runs/RUN-TRF-126-20260814T092334107226Z,NOT_REQUIRED,,,
TRF-127,1,RUN-TRF-127-20260814T092401305905Z,MAX_ATTEMPTS_REACHED,False,MODEL_LOGIC_OR_SHACL_ERROR_NO_GAP_SIGNAL,The failure did not establish absence from R3; treat it as model/SHACL behavior unless manual evidence proves otherwise.,False,0,False,,2,10889,2187,29784.290999999997,Replace the unapproved generated shape IRI urn:nltl:stress-shape:TRF-127-ShipShape with an approved shape identifier. No canonical vocabulary lookup is required.,/Users/sadisfaction570/Desktop/Journal 1/NLTL_v2/MVP/SHACL_GENERATION_PIPELINE/outputs/vocabulary_stress_r3/runs/RUN-TRF-127-20260814T092401305905Z,NOT_REQUIRED,,,
TRF-128,1,RUN-TRF-128-20260814T092441803325Z,MAX_ATTEMPTS_REACHED,False,MODEL_LOGIC_OR_SHACL_ERROR_NO_GAP_SIGNAL,The failure did not establish absence from R3; treat it as model/SHACL behavior unless manual evidence proves otherwise.,False,0,False,,2,16292,3163,33821.805,"Replace the unapproved nltl:TRF128Shape identifier with an allowed shape identifier or a blank node. Change the iceClass constraint from sh:datatype nltl:iceClassValue to sh:class nltl:iceClassValue, since iceClass is an object property whose values are controlled individuals. Retain the conditional threshold logic, but ensure the airReceiverCapacity input is not merely presence-checked if the intended formula-derived model requires it as an operand; encode the required capacity/charge-time relationship rather than an unused capacity value.",/Users/sadisfaction570/Desktop/Journal 1/NLTL_v2/MVP/SHACL_GENERATION_PIPELINE/outputs/vocabulary_stress_r3/runs/RUN-TRF-128-20260814T092441803325Z,NOT_REQUIRED,,,
TRF-129,1,RUN-TRF-129-20260814T092526432461Z,MAX_ATTEMPTS_REACHED,False,MODEL_LOGIC_OR_SHACL_ERROR_NO_GAP_SIGNAL,The failure did not establish absence from R3; treat it as model/SHACL behavior unless manual evidence proves otherwise.,False,0,False,,2,10515,1677,22142.259000000002,"Replace the unknown nltl:TRF129Shape IRI with a non-vocabulary shape IRI or a blank node, and remove the mandatory iceNavigationCondition property constraint: navigatingInIce already supplies the applicability selector, so requiring the unrelated string is needless and can create an unwarranted failure. Retain the explicit true/false conditional branches with coolingWaterSupplySecured required and true only for navigatingInIce=true.",/Users/sadisfaction570/Desktop/Journal 1/NLTL_v2/MVP/SHACL_GENERATION_PIPELINE/outputs/vocabulary_stress_r3/runs/RUN-TRF-129-20260814T092526432461Z,NOT_REQUIRED,,,
TRF-130,1,RUN-TRF-130-20260814T092559434815Z,MAX_ATTEMPTS_REACHED,False,MODEL_LOGIC_OR_SHACL_ERROR_NO_GAP_SIGNAL,The failure did not establish absence from R3; treat it as model/SHACL behavior unless manual evidence proves otherwise.,False,0,False,,2,21678,5348,57988.913,"Replace the unapproved urn:nltl:stress-shape shape IRIs with permitted blank-node shapes or approved shape identifiers so deterministicValidation.valid becomes true. Also avoid unsupported extra cardinality restrictions unless regulatory uniqueness is established; the requirement is an at-least-one/conditional arrangement rule, not a universal maxCount-1 rule for every ship-level fact.",/Users/sadisfaction570/Desktop/Journal 1/NLTL_v2/MVP/SHACL_GENERATION_PIPELINE/outputs/vocabulary_stress_r3/runs/RUN-TRF-130-20260814T092559434815Z,NOT_REQUIRED,,,
TRF-131,1,RUN-TRF-131-20260814T092708326654Z,MAX_ATTEMPTS_REACHED,False,MODEL_LOGIC_OR_SHACL_ERROR_NO_GAP_SIGNAL,The failure did not establish absence from R3; treat it as model/SHACL behavior unless manual evidence proves otherwise.,False,0,False,,2,10125,1521,18478.57,Replace the unapproved generated shape IRI stress:TRF131Shape with an approved SHACL shape identifier or a blank node; no canonical vocabulary lookup is required.,/Users/sadisfaction570/Desktop/Journal 1/NLTL_v2/MVP/SHACL_GENERATION_PIPELINE/outputs/vocabulary_stress_r3/runs/RUN-TRF-131-20260814T092708326654Z,NOT_REQUIRED,,,
TRF-132,1,RUN-TRF-132-20260814T092737469529Z,MAX_ATTEMPTS_REACHED,False,MODEL_LOGIC_OR_SHACL_ERROR_NO_GAP_SIGNAL,The failure did not establish absence from R3; treat it as model/SHACL behavior unless manual evidence proves otherwise.,False,0,False,,2,19963,2998,31016.5,"Replace the unapproved generated shape IRI <urn:nltl:stress-shape:TRF-132> with an anonymous SHACL node shape (or an approved shape identifier); do not introduce a new vocabulary term. The formula, ownership, units, and conditional 740 kW check otherwise use supplied canonical terms.",/Users/sadisfaction570/Desktop/Journal 1/NLTL_v2/MVP/SHACL_GENERATION_PIPELINE/outputs/vocabulary_stress_r3/runs/RUN-TRF-132-20260814T092737469529Z,NOT_REQUIRED,,,
TRF-133,1,RUN-TRF-133-20260814T092819326898Z,MAX_ATTEMPTS_REACHED,False,EXISTING_R3_TERM_FOUND_MODEL_ERROR,The matcher resolved the request to an existing locked term; this is not a vocabulary gap.,True,4,True,warningTriangle,3,35403,4223,45285.254,Replace the unapproved urn:nltl:stress-shape IRI with an approved shape identifier. Add the missing canonical relationship/path that verifies the warning triangle is vertically above the ICE mark; it cannot be approximated solely by the 1000 mm offset. Also encode the conditional reference-point rule so the timber-load-line reference is required when that branch is applicable rather than allowing the load-line-ring alternative to pass unconditionally; obtain the absent canonical branch-selection/path term(s). Do not make iceClass presence and the enumerated ice-class values an unconditional compliance requirement unless they are the verified applicability condition.,/Users/sadisfaction570/Desktop/Journal 1/NLTL_v2/MVP/SHACL_GENERATION_PIPELINE/outputs/vocabulary_stress_r3/runs/RUN-TRF-133-20260814T092819326898Z,NOT_REQUIRED,,,
I2-001,1,RUN-I2-001-20260814T092916681201Z,MAX_ATTEMPTS_REACHED,False,MODEL_LOGIC_OR_SHACL_ERROR_NO_GAP_SIGNAL,The failure did not establish absence from R3; treat it as model/SHACL behavior unless manual evidence proves otherwise.,False,0,False,,2,8487,2634,31729.479,"Use non-vocabulary IRIs or blank nodes for the SHACL shape identifiers; the nltl:I2_001_* shape IRIs are invented canonical vocabulary IRIs and make deterministic validation invalid. Remove the mandatory urI2RevisionApplicability true/false convenience-boolean assertions and the unsupported requirement to assert false before the threshold; encode applicability directly from constructionContractDate with the 2021-01-01 inclusive boundary, without requiring date existence unless independently required.",/Users/sadisfaction570/Desktop/Journal 1/NLTL_v2/MVP/SHACL_GENERATION_PIPELINE/outputs/vocabulary_stress_r3/runs/RUN-I2-001-20260814T092916681201Z,NOT_REQUIRED,,,
I2-002,1,RUN-I2-002-20260814T092959479326Z,MAX_ATTEMPTS_REACHED,False,MODEL_LOGIC_OR_SHACL_ERROR_NO_GAP_SIGNAL,The failure did not establish absence from R3; treat it as model/SHACL behavior unless manual evidence proves otherwise.,False,0,False,,2,13808,2388,31654.798,Remove the unapproved urn:nltl:stress-shape:I2-002-ShipShape identifier (use an approved shape identifier or a blank node). Do not model applicability with urI2Applicability or an sh:or branch that permits a declared false value: applicability is determined directly from the verified Polar Class and UR I1 inputs. Encode the requirement without a convenience applicability boolean and without an accidental non-applicable pass branch.,/Users/sadisfaction570/Desktop/Journal 1/NLTL_v2/MVP/SHACL_GENERATION_PIPELINE/outputs/vocabulary_stress_r3/runs/RUN-I2-002-20260814T092959479326Z,NOT_REQUIRED,,,
I2-004,1,RUN-I2-004-20260814T093041810707Z,MAX_ATTEMPTS_REACHED,False,MODEL_LOGIC_OR_SHACL_ERROR_NO_GAP_SIGNAL,The failure did not establish absence from R3; treat it as model/SHACL behavior unless manual evidence proves otherwise.,False,0,False,,2,12764,2028,27090.609,"Replace the unapproved urn:nltl:stress-shape:I2-004-ShipShape IRI with an approved shape identifier. Invert the SPARQL violation logic: a SHACL SPARQL constraint must SELECT $this when DUI does not equal the greatest waterlineCaseDisplacement, rather than selecting a ship when an equal case exists and no greater case exists, which currently reports compliant ships as violations and lets invalid ships pass.",/Users/sadisfaction570/Desktop/Journal 1/NLTL_v2/MVP/SHACL_GENERATION_PIPELINE/outputs/vocabulary_stress_r3/runs/RUN-I2-004-20260814T093041810707Z,NOT_REQUIRED,,,
I2-005,1,RUN-I2-005-20260814T093119596411Z,TERM_RESOLUTION_UNRESOLVED,False,SUSPECTED_GAP_MANUAL_SOURCE_REVIEW,No existing term was resolved. This is only a candidate signal and requires source-based manual inspection.,True,2,False,,3,10340,1223,22162.061999999998,"Deterministic validation prevents acceptance. Fix: Unapproved external/generated IRI(s): urn:nltl:stress-shape:I2-005-ShipShape
Semantic validator feedback: Replace the unapproved urn:nltl:stress-shape:I2-005-ShipShape identifier with an approved shape identifier, and model that the declared bottom/lower-region boundary is the specific point/location whose shell inclination is 7 deg from horizontal. The current independent ship-level string boundary and ship-level angle constraints do not establish that relationship. Locate/request the canonical boundary-to-point or point-to-inclination relationship/path; do not merely require both unrelated properties on the ship.",/Users/sadisfaction570/Desktop/Journal 1/NLTL_v2/MVP/SHACL_GENERATION_PIPELINE/outputs/vocabulary_stress_r3/runs/RUN-I2-005-20260814T093119596411Z,COMPLETE,GENUINE_SCHEMA_GAP_CONFIRMED,"ur-i2rev4.pdf p.2, clause I2.2.5",The source defines the boundary as the point where shell inclination is 7 degrees. R3 only has a ship-level/string bottomRegionLowerRegionBoundary and a generic shellInclinationAngle; it has no boundary-point class or ship-to-boundary-point relationship capable of binding the angle to that point.
I2-006,1,RUN-I2-006-20260814T093153299510Z,MAX_ATTEMPTS_REACHED,False,MODEL_LOGIC_OR_SHACL_ERROR_NO_GAP_SIGNAL,The failure did not establish absence from R3; treat it as model/SHACL behavior unless manual evidence proves otherwise.,False,0,False,,2,9325,1458,20146.622,"Replace the unapproved urn: shape IRI with an approved/blank shape identifier. Encode the consequent using the supplied ship-owned nltl:aftSectionDesignBasis (with the required ""Bow and Bow Intermediate hull area requirements"" value), rather than substituting nltl:hullAreaRequirementSet; retain the astern-intent conditional on the ship. Do not impose sh:minCount 1 merely because this is a conditional rule unless recording intent is independently required.",/Users/sadisfaction570/Desktop/Journal 1/NLTL_v2/MVP/SHACL_GENERATION_PIPELINE/outputs/vocabulary_stress_r3/runs/RUN-I2-006-20260814T093153299510Z,NOT_REQUIRED,,,
I2-009,1,RUN-I2-009-20260814T093224176492Z,MAX_ATTEMPTS_REACHED,False,MODEL_LOGIC_OR_SHACL_ERROR_NO_GAP_SIGNAL,The failure did not establish absence from R3; treat it as model/SHACL behavior unless manual evidence proves otherwise.,False,0,False,,2,25271,3734,50148.429,"Remove or replace the unknown nltl:StressShape_I2_009 IRI. Scope clause (iv) through a required hasHullAreaAssignment/assignedHullArea path whose controlled value is specifically nltl:otherIceStrengthenedArea; do not accept bow, midbody, stern, or other alternatives, and require the assignment so its absence cannot pass. Remove the convenience bowFormApplicability boolean and its false bypass: encode the bow-form applicability directly from the required buttockAngle (>0 and <80 deg) and normalFrameAngle (>10 deg) evidence, without allowing missing branch-selection evidence to pass. Retain the required quantity datatype/unit constraints and exact inclusive AR=3.6 constraint.",/Users/sadisfaction570/Desktop/Journal 1/NLTL_v2/MVP/SHACL_GENERATION_PIPELINE/outputs/vocabulary_stress_r3/runs/RUN-I2-009-20260814T093224176492Z,NOT_REQUIRED,,,
I2-010,1,RUN-I2-010-20260814T093325347112Z,MAX_ATTEMPTS_REACHED,False,MODEL_LOGIC_OR_SHACL_ERROR_NO_GAP_SIGNAL,The failure did not establish absence from R3; treat it as model/SHACL behavior unless manual evidence proves otherwise.,False,0,False,,2,16279,2877,33859.196,Replace the unapproved urn:nltl:stress-shape:* named shape IRIs with approved/anonymous SHACL shape nodes. Also remove sh:minCount 1 from normalFrameAngle unless independent regulatory evidence requires at least one considered sub-region: the stated 0–10 degree condition is universal over supplied normal-frame-angle values and does not itself imply existence.,/Users/sadisfaction570/Desktop/Journal 1/NLTL_v2/MVP/SHACL_GENERATION_PIPELINE/outputs/vocabulary_stress_r3/runs/RUN-I2-010-20260814T093325347112Z,NOT_REQUIRED,,,
I2-011,1,RUN-I2-011-20260814T093409958080Z,MAX_ATTEMPTS_REACHED,False,MODEL_LOGIC_OR_SHACL_ERROR_NO_GAP_SIGNAL,The failure did not establish absence from R3; treat it as model/SHACL behavior unless manual evidence proves otherwise.,False,0,False,,2,15518,2223,30383.694,"Supply a complete BEGIN_SHACL/END_SHACL-wrapped SHACL graph targeting ship. Encode applicability as polarClass PC6 or PC7 AND bulbousBowPresent true; when applicable, require the I2.3.2.1(iv) bow design force to be no less than the I2.3.2.1(iii) force evaluated with fa=0.6 and AR=1.3. Use the supplied ship-owned method III and IV quantity properties, validate QuantityValue numeric values and their declared MN units, and use an appropriate formula/comparison constraint without inventing terms.",/Users/sadisfaction570/Desktop/Journal 1/NLTL_v2/MVP/SHACL_GENERATION_PIPELINE/outputs/vocabulary_stress_r3/runs/RUN-I2-011-20260814T093409958080Z,NOT_REQUIRED,,,
I2-013,1,RUN-I2-013-20260814T093450949256Z,MAX_ATTEMPTS_REACHED,False,MODEL_LOGIC_OR_SHACL_ERROR_NO_GAP_SIGNAL,The failure did not establish absence from R3; treat it as model/SHACL behavior unless manual evidence proves otherwise.,False,0,False,,2,10012,1584,19535.136,"Replace the unapproved urn:nltl:stress-shape:I2_013_ShipShape IRI with an approved shape identifier, and encode the required Table 1/Table 2 Class Factors lookup/constraint rather than merely requiring the dimensionless inertiaRatioIeIt value and evidence links.",/Users/sadisfaction570/Desktop/Journal 1/NLTL_v2/MVP/SHACL_GENERATION_PIPELINE/outputs/vocabulary_stress_r3/runs/RUN-I2-013-20260814T093450949256Z,NOT_REQUIRED,,,
I2-014,1,RUN-I2-014-20260814T093521150362Z,MAX_ATTEMPTS_REACHED,False,MODEL_LOGIC_OR_SHACL_ERROR_NO_GAP_SIGNAL,The failure did not establish absence from R3; treat it as model/SHACL behavior unless manual evidence proves otherwise.,False,0,False,,2,25823,4262,44915.181,"Replace the unapproved urn:nltl:stress-shape named shape IRIs with permitted blank-node/in-graph shape identifiers. Add a bounded constraint that verifies the four case mid-length positions represent four equal bow-length subregions (midpoints derived from bowLength), not merely that four arbitrary positions exist. Repair the maxima query: its reused outer ?case binding makes each selected value require equality with every case, rather than with at least one maximum case. Use independently scoped case variables for the EXISTS/NOT EXISTS maximum tests so each selected F, Q, and P equals a reported case value and no reported case value exceeds it.",/Users/sadisfaction570/Desktop/Journal 1/NLTL_v2/MVP/SHACL_GENERATION_PIPELINE/outputs/vocabulary_stress_r3/runs/RUN-I2-014-20260814T093521150362Z,NOT_REQUIRED,,,
I2-015,1,RUN-I2-015-20260814T093616968664Z,MAX_ATTEMPTS_REACHED,False,EXISTING_R3_TERM_FOUND_MODEL_ERROR,The matcher resolved the request to an existing locked term; this is not a vocabulary gap.,True,11,True,upperIceWaterlineDraughtDUI,3,26282,4238,50069.796,"Replace the unapproved urn:nltl:stress-shape named-shape IRIs with permitted SHACL shape identifiers, and add a bounded formula validation for each applicable bowSubregionCalculationCase: validate f_ai against min(f_ai1,f_ai2,0.60), using x, L_UI, alpha_i, beta_i_prime, C_FF and C_FC with math:sin, and a tolerance scaled from the computed expected result rather than only f_ai<=0.60. Make applicability conditional on bowFormApplicabilityClassification=i231vBowFormApplicability without forcing that value on every case or allowing missing selection evidence to pass. Locate and use the canonical D_UI quantity term and its required owner/path; it is required by the formula but absent from the supplied scoped vocabulary.",/Users/sadisfaction570/Desktop/Journal 1/NLTL_v2/MVP/SHACL_GENERATION_PIPELINE/outputs/vocabulary_stress_r3/runs/RUN-I2-015-20260814T093616968664Z,NOT_REQUIRED,,,
I2-017,1,RUN-I2-017-20260814T093719013781Z,MAX_ATTEMPTS_REACHED,False,MODEL_LOGIC_OR_SHACL_ERROR_NO_GAP_SIGNAL,The failure did not establish absence from R3; treat it as model/SHACL behavior unless manual evidence proves otherwise.,False,0,False,,2,21896,4184,45594.556,Replace the unapproved urn:nltl:stress-shape shape IRIs with permitted SHACL shape identifiers. Correct nonBowIceLineLoad to its canonical unit unit:MegaN-M-PER-M2 and compare its numeric value in MN/m: remove the 1000 multiplier from expectedLineLoad. Retain the 360 conversion only for nonBowIceForce because that reported result is in kN.,/Users/sadisfaction570/Desktop/Journal 1/NLTL_v2/MVP/SHACL_GENERATION_PIPELINE/outputs/vocabulary_stress_r3/runs/RUN-I2-017-20260814T093719013781Z,NOT_REQUIRED,,,
I2-018,1,RUN-I2-018-20260814T093815437178Z,MAX_ATTEMPTS_REACHED,False,MODEL_LOGIC_OR_SHACL_ERROR_NO_GAP_SIGNAL,The failure did not establish absence from R3; treat it as model/SHACL behavior unless manual evidence proves otherwise.,False,0,False,,2,29089,3615,39981.438,"Replace the unapproved generated shape IRI with an approved blank node or approved shape identifier. Also bind the Table 3 reference and lookup-selection evidence to the same peakPressureFactorLookupCase that carries localizedStructuralMemberCategory and selectedPeakPressureFactor (rather than allowing an unrelated ship-level hasTableLookupCase), and add a constraint linking the ship's peakPressureFactor to that case's selectedPeakPressureFactor so the reported factor cannot be unrelated to the selected Table 3 factor.",/Users/sadisfaction570/Desktop/Journal 1/NLTL_v2/MVP/SHACL_GENERATION_PIPELINE/outputs/vocabulary_stress_r3/runs/RUN-I2-018-20260814T093815437178Z,NOT_REQUIRED,,,
I2-019,1,RUN-I2-019-20260814T093906273181Z,TERM_RESOLUTION_UNRESOLVED,False,SUSPECTED_GAP_MANUAL_SOURCE_REVIEW,No existing term was resolved. This is only a candidate signal and requires source-based manual inspection.,True,8,False,,3,23308,3133,37365.291,"Deterministic validation prevents acceptance. Fix: Unapproved external/generated IRI(s): urn:nltl:stress-shape:HullAreaFactorShape, urn:nltl:stress-shape:StructuralMemberHullAreaShape
Semantic validator feedback: Replace the unapproved urn:nltl:stress-shape: shape IRIs with approved shape identifiers. Do not require ship hullAreaFactor universally or restrict it to one value. For each structural member evidenced as spanning the hull-area boundary, require hasSpannedHullArea and selectedHullAreaFactor, then enforce that the selected factor is the maximum applicable hull-area factor, not merely equal to an arbitrary single ship factor. The supplied terms do not provide a canonical path associating each spanned hull area with its applicable hull-area factor; locate that canonical relationship/path and use it rather than inventing or relocating properties. Ensure missing branch-selection or maximum-comparison operands causes violation.",/Users/sadisfaction570/Desktop/Journal 1/NLTL_v2/MVP/SHACL_GENERATION_PIPELINE/outputs/vocabulary_stress_r3/runs/RUN-I2-019-20260814T093906273181Z,COMPLETE,FALSE_POSITIVE_NO_R3_GAP,"ur-i2rev4.pdf p.7, clause I2.3.5(ii)","R3 already represents the structural member, hasSpannedHullArea path to hullAreaValue, each hullAreaFactor, and selectedHullAreaFactor on the structural member. These terms can encode selection of the largest applicable factor."
I2-021,1,RUN-I2-021-20260814T093955606065Z,MAX_ATTEMPTS_REACHED,False,MODEL_LOGIC_OR_SHACL_ERROR_NO_GAP_SIGNAL,The failure did not establish absence from R3; treat it as model/SHACL behavior unless manual evidence proves otherwise.,False,0,False,,2,13577,2884,34139.231,"Remove or rename the invented nltl:I2_021_ShellPlateThicknessShape IRI (for example, use a blank node or a non-canonical shape namespace); all nltl: vocabulary IRIs must be registered canonical terms.",/Users/sadisfaction570/Desktop/Journal 1/NLTL_v2/MVP/SHACL_GENERATION_PIPELINE/outputs/vocabulary_stress_r3/runs/RUN-I2-021-20260814T093955606065Z,NOT_REQUIRED,,,
I2-022,1,RUN-I2-022-20260814T094040786050Z,MAX_ATTEMPTS_REACHED,False,MODEL_LOGIC_OR_SHACL_ERROR_NO_GAP_SIGNAL,The failure did not establish absence from R3; treat it as model/SHACL behavior unless manual evidence proves otherwise.,False,0,False,,2,27791,5428,57101.106999999996,"Declare PREFIX unit: inside the embedded SPARQL query and move the invented nltl:Shape_I2_022_* identifiers to a non-canonical shapes namespace. Rework applicability so the formula/result/operand requirements apply only when both Omega >= 70 deg and the plating classification is BI_b, M_b, or S_b; the current targetClass plating shape unconditionally requires classification and Omega for every plating and requires formula inputs/results for all Omega >= 70 cases regardless of area. Ensure the applicable branch explicitly detects missing required selection, relationship, operand, and result evidence rather than allowing the formula query to return no row when such data are absent.",/Users/sadisfaction570/Desktop/Journal 1/NLTL_v2/MVP/SHACL_GENERATION_PIPELINE/outputs/vocabulary_stress_r3/runs/RUN-I2-022-20260814T094040786050Z,NOT_REQUIRED,,,
I2-023,1,RUN-I2-023-20260814T094149662931Z,MAX_ATTEMPTS_REACHED,False,MODEL_LOGIC_OR_SHACL_ERROR_NO_GAP_SIGNAL,The failure did not establish absence from R3; treat it as model/SHACL behavior unless manual evidence proves otherwise.,False,0,False,,2,23748,4482,47537.809,"Remove the unapproved urn:nltl:stress-shape:I2_023_ShipShape IRI (use an anonymous shape or an approved shape identifier). Do not impose unconditional sh:minCount requirements for hasPlating or all formula inputs/results: the rule applies only to plating with Omega <= 20 degrees and does not independently require plating existence. Encode conditional applicability so applicable plating cannot pass when Omega, the b-versus-s branch selector, required operands, relationship path, or t_net evidence is missing. Retain the two formula branches and expected-result-relative tolerance, and remove the unused ship hullAreaFactor binding/constraint unless it is actually the required AF operand; the calculation must use the canonical AF operand selectedHullAreaFactor and must not require or duplicate an unused hullAreaFactor value.",/Users/sadisfaction570/Desktop/Journal 1/NLTL_v2/MVP/SHACL_GENERATION_PIPELINE/outputs/vocabulary_stress_r3/runs/RUN-I2-023-20260814T094149662931Z,NOT_REQUIRED,,,
I2-024,1,RUN-I2-024-20260814T094248138429Z,MAX_ATTEMPTS_REACHED,False,MODEL_LOGIC_OR_SHACL_ERROR_NO_GAP_SIGNAL,The failure did not establish absence from R3; treat it as model/SHACL behavior unless manual evidence proves otherwise.,False,0,False,,2,17922,3244,34611.085,"Remove sh:datatype qudt:QuantityValue from the framingAngle property (it is a quantity-node path, not a literal) and use only approved/blank shape identifiers instead of the reported unapproved urn: IRIs. More importantly, replace the presence-only oblique-case check with a bounded formula constraint that verifies the interpolatedNetPlateThickness is the linear interpolation derived from framingAngle and the required longitudinal/transverse thickness operands, with the lower and upper interpolation endpoints properly incorporated; merely requiring an interpolation case, endpoints, and quantities does not establish linear interpolation.",/Users/sadisfaction570/Desktop/Journal 1/NLTL_v2/MVP/SHACL_GENERATION_PIPELINE/outputs/vocabulary_stress_r3/runs/RUN-I2-024-20260814T094248138429Z,NOT_REQUIRED,,,
I2-026,1,RUN-I2-026-20260814T094333501081Z,MAX_ATTEMPTS_REACHED,False,MODEL_LOGIC_OR_SHACL_ERROR_NO_GAP_SIGNAL,The failure did not establish absence from R3; treat it as model/SHACL behavior unless manual evidence proves otherwise.,False,0,False,,2,18832,3754,42533.077,"Supply a complete candidate SHACL graph enclosed by exactly one BEGIN_SHACL and END_SHACL marker pair. Encode the conditional support-fixity rule from ship through hasStructuralMember to each structuralMember and its hasMemberSupport node: fixed support where continuousThroughSupport or connectionBracketPresent applies, otherwise simple support unless demonstrated rotational restraint is supported by the required significantRotationalRestraintEvidence, and fixed support whenever terminatesWithinIceStrengthenedArea is true. Use the declared owners and controlled values.",/Users/sadisfaction570/Desktop/Journal 1/NLTL_v2/MVP/SHACL_GENERATION_PIPELINE/outputs/vocabulary_stress_r3/runs/RUN-I2-026-20260814T094333501081Z,NOT_REQUIRED,,,
I2-029,1,RUN-I2-029-20260814T094426650662Z,MAX_ATTEMPTS_REACHED,False,MODEL_LOGIC_OR_SHACL_ERROR_NO_GAP_SIGNAL,The failure did not establish absence from R3; treat it as model/SHACL behavior unless manual evidence proves otherwise.,False,0,False,,2,21858,4359,46388.583,"Replace the unapproved urn:nltl:stress-shape:* identifiers with permitted blank-node shapes or approved shape IRIs. Do not impose sh:minCount 1 on sectionModulus, shearArea, thickness, or member net-thickness inputs solely from this universal conditional calculation rule; validate the required net-thickness/evidence conditions when the relevant calculation case/member and values exist, unless independent existence evidence is supplied.",/Users/sadisfaction570/Desktop/Journal 1/NLTL_v2/MVP/SHACL_GENERATION_PIPELINE/outputs/vocabulary_stress_r3/runs/RUN-I2-029-20260814T094426650662Z,NOT_REQUIRED,,,
I2-030,1,RUN-I2-030-20260814T094523872433Z,MAX_ATTEMPTS_REACHED,False,MODEL_LOGIC_OR_SHACL_ERROR_NO_GAP_SIGNAL,The failure did not establish absence from R3; treat it as model/SHACL behavior unless manual evidence proves otherwise.,False,0,False,,2,26918,5075,80945.64,"Supply a complete candidate enclosed in exactly one BEGIN_SHACL and END_SHACL marker pair. Encode the conditional A_fn-versus-attached-plate-flange-area applicability, both z_na and Z_p formula calculations with all declared operands and unit handling, the required ship-to-calculation-case and linked calculation-case/member/plating relationships, and the 20<Omega<70 degree linear-interpolation branch with both endpoints and their coordinates/results.",/Users/sadisfaction570/Desktop/Journal 1/NLTL_v2/MVP/SHACL_GENERATION_PIPELINE/outputs/vocabulary_stress_r3/runs/RUN-I2-030-20260814T094523872433Z,NOT_REQUIRED,,,
I2-031,1,RUN-I2-031-20260814T094655497435Z,MAX_ATTEMPTS_REACHED,False,MODEL_LOGIC_OR_SHACL_ERROR_NO_GAP_SIGNAL,The failure did not establish absence from R3; treat it as model/SHACL behavior unless manual evidence proves otherwise.,False,0,False,,2,22964,3835,40525.767,"Supply exactly one BEGIN_SHACL/END_SHACL-delimited, Turtle-valid SHACL graph. Target the supplied ship owner; traverse hasStructuralMember to structuralMember and hasStructuralMemberLoadCase to loadCase. Require structuralLocation bottomStructureLocation or sideStructureLocation, enforce transverseFrameOrientation for side structures, require combinedShearAndBendingDemand not to exceed the member's midspanPlasticCollapseLoad/plastic-strength representation, and require loadPatchOrientation loadPatchHeightParallelToFrame for bottom structures. Keep each property on its declared owner and use the declared QuantityValue ranges and kN units where applicable.",/Users/sadisfaction570/Desktop/Journal 1/NLTL_v2/MVP/SHACL_GENERATION_PIPELINE/outputs/vocabulary_stress_r3/runs/RUN-I2-031-20260814T094655497435Z,NOT_REQUIRED,,,
I2-032,1,RUN-I2-032-20260814T094746680295Z,MAX_ATTEMPTS_REACHED,False,MODEL_LOGIC_OR_SHACL_ERROR_NO_GAP_SIGNAL,The failure did not establish absence from R3; treat it as model/SHACL behavior unless manual evidence proves otherwise.,False,0,False,,2,21858,3884,50248.986000000004,"Replace the unapproved urn:nltl:stress-shape:* shape IRIs with permitted local blank-node shapes or approved shape identifiers. Repair the SPARQL violation logic: the actual-area comparison and reported-A_t formula-tolerance comparison must be independent violations (e.g., UNION branches), not conjunctive FILTERs that pass whenever either obligation fails. Use the declared span operand for LL (or otherwise encode every declared operand consistently); do not merely require nltl:span and nltl:hullAreaFactor without incorporating the applicable declared formula operands.",/Users/sadisfaction570/Desktop/Journal 1/NLTL_v2/MVP/SHACL_GENERATION_PIPELINE/outputs/vocabulary_stress_r3/runs/RUN-I2-032-20260814T094746680295Z,NOT_REQUIRED,,,
I2-034,1,RUN-I2-034-20260814T094847767097Z,MAX_ATTEMPTS_REACHED,False,EXISTING_R3_TERM_FOUND_MODEL_ERROR,The matcher resolved the request to an existing locked term; this is not a vocabulary gap.,True,12,True,plasticStrength,3,27628,4628,54525.03,"Replace the invented nltl:-namespace shape identifiers with non-canonical local/blank shape nodes (or obtain canonical identifiers through the matcher). Scope required evidence and the bounded comparison to structural members selected by structuralLocation sideStructureLocation and longitudinalFrameOrientation true; do not impose location, orientation, midspan load, or load-case demand presence on every structural member/load case. Ensure selected members cannot pass when required selection or comparison operands are missing. Encode the supplied comparison faithfully: demand must not exceed the member’s plastic-strength/midspan-plastic-collapse definition, rather than rejecting whenever demand exceeds either independently asserted ship plasticStrength or member midspan load unless an explicit required equivalence/alternative model is supplied. Retain canonical ownership: ship→hasStructuralMember→member→hasStructuralMemberLoadCase, demand on loadCase, midspan load and selectors on structuralMember, and plasticStrength on ship.",/Users/sadisfaction570/Desktop/Journal 1/NLTL_v2/MVP/SHACL_GENERATION_PIPELINE/outputs/vocabulary_stress_r3/runs/RUN-I2-034-20260814T094847767097Z,NOT_REQUIRED,,,
I2-035,1,RUN-I2-035-20260814T094955708341Z,MAX_ATTEMPTS_REACHED,False,MODEL_LOGIC_OR_SHACL_ERROR_NO_GAP_SIGNAL,The failure did not establish absence from R3; treat it as model/SHACL behavior unless manual evidence proves otherwise.,False,0,False,,2,21762,4884,47191.793,Replace the unapproved urn:nltl:stress-shape shape IRIs with permitted blank-node/approved shape identifiers. Also reconcile the COMPLETE dependency contract: hullAreaFactor is declared as an operand but is only presence-validated and does not participate in the formula; encode its authoritative formula role without inventing a relationship or value.,/Users/sadisfaction570/Desktop/Journal 1/NLTL_v2/MVP/SHACL_GENERATION_PIPELINE/outputs/vocabulary_stress_r3/runs/RUN-I2-035-20260814T094955708341Z,NOT_REQUIRED,,,
I2-037,1,RUN-I2-037-20260814T095053817887Z,MAX_ATTEMPTS_REACHED,False,MODEL_LOGIC_OR_SHACL_ERROR_NO_GAP_SIGNAL,The failure did not establish absence from R3; treat it as model/SHACL behavior unless manual evidence proves otherwise.,False,0,False,,2,16144,1749,22814.03,Replace the unapproved external shape IRI urn:nltl:stress-shape:I2-037-ShipShape with an approved SHACL shape identifier; no canonical vocabulary term lookup is required.,/Users/sadisfaction570/Desktop/Journal 1/NLTL_v2/MVP/SHACL_GENERATION_PIPELINE/outputs/vocabulary_stress_r3/runs/RUN-I2-037-20260814T095053817887Z,NOT_REQUIRED,,,
I2-040,1,RUN-I2-040-20260814T095127307381Z,MAX_ATTEMPTS_REACHED,False,MODEL_LOGIC_OR_SHACL_ERROR_NO_GAP_SIGNAL,The failure did not establish absence from R3; treat it as model/SHACL behavior unless manual evidence proves otherwise.,False,0,False,,2,19898,2817,28972.669,"Replace the unapproved generated urn:nltl:stress-shape:* shape IRIs with permitted blank-node shapes (or approved shape identifiers); retain the ship target, member-scoped operand constraints, and bounded formula comparison.",/Users/sadisfaction570/Desktop/Journal 1/NLTL_v2/MVP/SHACL_GENERATION_PIPELINE/outputs/vocabulary_stress_r3/runs/RUN-I2-040-20260814T095127307381Z,NOT_REQUIRED,,,
I2-041,1,RUN-I2-041-20260814T095207033318Z,MAX_ATTEMPTS_REACHED,False,MODEL_LOGIC_OR_SHACL_ERROR_NO_GAP_SIGNAL,The failure did not establish absence from R3; treat it as model/SHACL behavior unless manual evidence proves otherwise.,False,0,False,,2,14650,3279,41506.065,"Replace the unapproved urn:nltl:stress-shape:I2_041_Shape IRI with an approved shape identifier. Repair the formula check to evaluate the stated threshold 0.35*t_pn*sqrt(sigma_y/235) directly (with nonnegative operands as needed) and compare t_wn against it; do not use a squared reformulation with an invented squared-value fallback. Any derived-value tolerance must be scaled from the expected formula result, not expectedSquared.",/Users/sadisfaction570/Desktop/Journal 1/NLTL_v2/MVP/SHACL_GENERATION_PIPELINE/outputs/vocabulary_stress_r3/runs/RUN-I2-041-20260814T095207033318Z,NOT_REQUIRED,,,
I2-042,1,RUN-I2-042-20260814T095259260650Z,MAX_ATTEMPTS_REACHED,False,MODEL_LOGIC_OR_SHACL_ERROR_NO_GAP_SIGNAL,The failure did not establish absence from R3; treat it as model/SHACL behavior unless manual evidence proves otherwise.,False,0,False,,2,12530,1597,20941.467,Replace the unapproved generated urn:nltl:stress-shape: shape IRIs with permitted local/blank SHACL shape nodes. Remove sh:minCount 1 from flangeWidth and netWebThickness: the universal comparison does not independently require every structural member to have these values; retain a bounded comparison that applies when the paired quantities are present.,/Users/sadisfaction570/Desktop/Journal 1/NLTL_v2/MVP/SHACL_GENERATION_PIPELINE/outputs/vocabulary_stress_r3/runs/RUN-I2-042-20260814T095259260650Z,NOT_REQUIRED,,,
I2-043,1,RUN-I2-043-20260814T095330901116Z,MAX_ATTEMPTS_REACHED,False,MODEL_LOGIC_OR_SHACL_ERROR_NO_GAP_SIGNAL,The failure did not establish absence from R3; treat it as model/SHACL behavior unless manual evidence proves otherwise.,False,0,False,,2,12780,2621,28918.155000000002,"Repair the Turtle syntax first: close the sh:sparql blank node correctly (the SHACL property separator after the multiline sh:select must occur inside the blank node). Preserve the ship target and the ship-to-structural-member path, and retain the bounded formula violation query requiring b_out/t_fn <= 155/sqrt(sigma_y), equivalently (b_out/t_fn)^2*sigma_y <= 24025, with positive thickness and the declared MPa/mm quantity units.",/Users/sadisfaction570/Desktop/Journal 1/NLTL_v2/MVP/SHACL_GENERATION_PIPELINE/outputs/vocabulary_stress_r3/runs/RUN-I2-043-20260814T095330901116Z,NOT_REQUIRED,,,
I2-046,1,RUN-I2-046-20260814T095410432568Z,MAX_ATTEMPTS_REACHED,False,MODEL_LOGIC_OR_SHACL_ERROR_NO_GAP_SIGNAL,The failure did not establish absence from R3; treat it as model/SHACL behavior unless manual evidence proves otherwise.,False,0,False,,2,20910,2267,24491.52,"Use only approved shape-node identifiers (or blank nodes) instead of the unapproved nltl:stress-shape:* IRIs. Remove the convenience polarClassRequirementsApplicable gate: applicability must be determined directly from polarClass, so ships without a Polar Class are not forced to assert a boolean and ships with a valid Polar Class cannot evade the universal internal-structure constraint by asserting false. Retain the ship-to-internalIceStrengthenedStructure path and the per-structure QuantityValue minimum 1.0 mm constraint.",/Users/sadisfaction570/Desktop/Journal 1/NLTL_v2/MVP/SHACL_GENERATION_PIPELINE/outputs/vocabulary_stress_r3/runs/RUN-I2-046-20260814T095410432568Z,NOT_REQUIRED,,,
I2-047,1,RUN-I2-047-20260814T095445645891Z,MAX_ATTEMPTS_REACHED,False,EXISTING_R3_TERM_FOUND_MODEL_ERROR,The matcher resolved the request to an existing locked term; this is not a vocabulary gap.,True,9,True,iceStrengthenedStructureStatus,3,16527,4497,51606.383,"Repair the quantity constraints by removing sh:datatype qudt:QuantityValue from quantity-property paths and constraining their value nodes as QUDT QuantityValue nodes. Do not place iceStrengthenedStructureStatus on plating: its authoritative owner is hullStructure. Obtain a canonical ship/plating-to-hullStructure path and use it rather than relocating the status. Rework the conditional logic so only an ice-strengthened structure with gaugedThickness < (tnet converted to m + 0.0005 m) requires steelRenewalRequired true; the current sh:or wrongly requires renewal and all operands for every ice-strengthened case, while the SPARQL query misses absent renewal evidence. Use an approved shape identifier rather than the unapproved generated urn IRI.",/Users/sadisfaction570/Desktop/Journal 1/NLTL_v2/MVP/SHACL_GENERATION_PIPELINE/outputs/vocabulary_stress_r3/runs/RUN-I2-047-20260814T095445645891Z,NOT_REQUIRED,,,
I2-048,1,RUN-I2-048-20260814T095549242454Z,MAX_ATTEMPTS_REACHED,False,MODEL_LOGIC_OR_SHACL_ERROR_NO_GAP_SIGNAL,The failure did not establish absence from R3; treat it as model/SHACL behavior unless manual evidence proves otherwise.,False,0,False,,2,41098,4071,40764.232,"Replace the invented nltl:stress_shape_I2_048_*Shape IRIs and unapproved urn: shape IRI with permitted non-canonical shape identifiers (for example blank nodes or approved shape IRIs). Do not leave the Table 8 case disconnected from the steel-grade case: require the same steelGradeRequirementCase selected from the ship to carry/meet the Table 8 reference and lookup-selection-evidence constraints, or explicitly constrain it to be the ship's hasTableLookupCase value. Enforce that the Table 8 required grade is selected from the declared as-built plate thickness, Polar Class, and material/strength-class inputs rather than accepting an arbitrary requiredHullStructuralSteelGrade plus an unrelated table citation. Make the grade-order comparison fail when either grade lacks exactly one xsd:integer steelGradeOrderRank, by validating that property on each steelGradeValue before comparing ranks. Retain properties on their declared owners and avoid treating the ship-level asBuiltThickness and case-level asBuiltPlateThickness as unrelated duplicate substitutes.",/Users/sadisfaction570/Desktop/Journal 1/NLTL_v2/MVP/SHACL_GENERATION_PIPELINE/outputs/vocabulary_stress_r3/runs/RUN-I2-048-20260814T095549242454Z,NOT_REQUIRED,,,
I2-050,1,RUN-I2-050-20260814T095641366860Z,MAX_ATTEMPTS_REACHED,False,MODEL_LOGIC_OR_SHACL_ERROR_NO_GAP_SIGNAL,The failure did not establish absence from R3; treat it as model/SHACL behavior unless manual evidence proves otherwise.,False,0,False,,2,20465,4249,37193.934,"Use an approved or blank-node shape identifier instead of the unapproved urn:nltl:stress-shape IRI. Correct F_IB2 to 1.20 times flexuralFailureClassFactor (C_FF), not crushingFailureClassFactor (C_FC), and remove the mandatory crushingFailureClassFactor constraint because it is not an operand of this requirement. Do not use unregistered math:pow: rewrite the bounded formula check using only evaluator-supported expression/function facilities while retaining all required exponents and the expected-result-scaled tolerance.",/Users/sadisfaction570/Desktop/Journal 1/NLTL_v2/MVP/SHACL_GENERATION_PIPELINE/outputs/vocabulary_stress_r3/runs/RUN-I2-050-20260814T095641366860Z,NOT_REQUIRED,,,
I2-051,1,RUN-I2-051-20260814T095729494729Z,MAX_ATTEMPTS_REACHED,False,MODEL_LOGIC_OR_SHACL_ERROR_NO_GAP_SIGNAL,The failure did not establish absence from R3; treat it as model/SHACL behavior unless manual evidence proves otherwise.,False,0,False,,2,18657,3802,39674.81,"Replace the unapproved urn:nltl:stress-shape:* shape IRIs with permitted anonymous/approved SHACL shape nodes. Do not require every calculation case to have shearForceDirection positive: remove sh:hasValue nltl:positiveShearForce from the general calculation-case shape and apply the formula and Cf endpoint checks only to cases whose supplied direction is nltl:positiveShearForce. Remove sh:minCount 1 on hasCalculationCase, since this universal per-case rule does not independently require a calculation case to exist. Retain required-owner placement and evaluate each positive case through the ship-to-case relationship without turning non-positive or missing direction-selection evidence into a pass.",/Users/sadisfaction570/Desktop/Journal 1/NLTL_v2/MVP/SHACL_GENERATION_PIPELINE/outputs/vocabulary_stress_r3/runs/RUN-I2-051-20260814T095729494729Z,NOT_REQUIRED,,,
I2-052,1,RUN-I2-052-20260814T095819979942Z,MAX_ATTEMPTS_REACHED,False,MODEL_LOGIC_OR_SHACL_ERROR_NO_GAP_SIGNAL,The failure did not establish absence from R3; treat it as model/SHACL behavior unless manual evidence proves otherwise.,False,0,False,,2,20523,4326,47306.617,"Move locally defined shape IRIs out of the locked nltl: vocabulary namespace. Repair the formula to use the declared operand nltl:interpolationCoordinate, not nltl:interpolationPointCoordinate, and do not impose unverified datatype or unit constraints on quantities whose canonical metadata declares none. Rewrite the SPARQL violation logic so equal endpoint coordinates and any position outside the endpoint envelope are violations rather than FILTER conditions that suppress results; also ensure the selected lower and upper endpoints are linked calculation-case interpolation points. Retain the expected-result-scaled tolerance.",/Users/sadisfaction570/Desktop/Journal 1/NLTL_v2/MVP/SHACL_GENERATION_PIPELINE/outputs/vocabulary_stress_r3/runs/RUN-I2-052-20260814T095819979942Z,NOT_REQUIRED,,,
I2-054,1,RUN-I2-054-20260814T095918989115Z,MAX_ATTEMPTS_REACHED,False,MODEL_LOGIC_OR_SHACL_ERROR_NO_GAP_SIGNAL,The failure did not establish absence from R3; treat it as model/SHACL behavior unless manual evidence proves otherwise.,False,0,False,,2,26879,6603,71277.721,"Repair the invalid SPARQL queries: remove unsupported math:pow (only the registered math:sin/cos/tan/atan functions may be used) and rewrite the formula/query into parser-supported SPARQL so every required missing/invalid operand produces a violation. Remove the accidental sh:or fallback: require the supplied hasHullGirderBendingMomentCalculationCase path and validate caseHullGirderLongitudinalPositionFromAft, caseBendingMomentDistributionFactor, and caseDesignVerticalIceBendingMoment on that hull-girder case; do not allow a generic hasCalculationCase with the ship-level designVerticalIceBendingMoment to substitute. Do not impose sh:minCount 1 on hasInterpolationPoint merely from the universal interpolation rule unless independent existence is required. Use non-canonical/local shape identifiers outside the locked nltl vocabulary namespace (or blank nodes), since the current named shape IRIs are invented canonical vocabulary IRIs.",/Users/sadisfaction570/Desktop/Journal 1/NLTL_v2/MVP/SHACL_GENERATION_PIPELINE/outputs/vocabulary_stress_r3/runs/RUN-I2-054-20260814T095918989115Z,NOT_REQUIRED,,,
I2-055,1,RUN-I2-055-20260814T100042438990Z,MAX_ATTEMPTS_REACHED,False,EXISTING_R3_TERM_FOUND_MODEL_ERROR,The matcher resolved the request to an existing locked term; this is not a vocabulary gap.,True,3,True,permissibleStress,3,11020,3081,37779.14,"Replace the unapproved urn: shape IRI with an allowed/blank shape identifier, use the canonical unit IRI http://qudt.org/vocab/unit/MegaPA (not qudt:MegaPA under the schema namespace), and add the missing canonical Table 9 strength-criteria/table-lookup model so satisfaction of the Table 9 criteria is validated in addition to designStress <= permissibleStress.",/Users/sadisfaction570/Desktop/Journal 1/NLTL_v2/MVP/SHACL_GENERATION_PIPELINE/outputs/vocabulary_stress_r3/runs/RUN-I2-055-20260814T100042438990Z,NOT_REQUIRED,,,
I2-060,1,RUN-I2-060-20260814T100131592951Z,MAX_ATTEMPTS_REACHED,False,MODEL_LOGIC_OR_SHACL_ERROR_NO_GAP_SIGNAL,The failure did not establish absence from R3; treat it as model/SHACL behavior unless manual evidence proves otherwise.,False,0,False,,2,14192,3430,48642.884,"Replace the unknown nltl:StructuralCutoutStabilityShape identifier with a blank node or a noncanonical local SHACL-shape IRI. Keep memberInWayOfCutout, stiffeningNecessary, and hasCutout on structuralMember and memberInstability and structuralStiffening on ship, but do not impose minCount/maxCount for memberInWayOfCutout or stiffeningNecessary on every structural member: scope required branch-selection evidence to members related by hasCutout/in way of a cutout. Strengthen the instability condition so contradictory ship-level memberInstability true values cannot pass merely because one false value exists (require the applicable ship instability value(s) to be false, not only existence of false).",/Users/sadisfaction570/Desktop/Journal 1/NLTL_v2/MVP/SHACL_GENERATION_PIPELINE/outputs/vocabulary_stress_r3/runs/RUN-I2-060-20260814T100131592951Z,NOT_REQUIRED,,,
I2-061,1,RUN-I2-061-20260814T100231179328Z,MAX_ATTEMPTS_REACHED,False,MODEL_LOGIC_OR_SHACL_ERROR_NO_GAP_SIGNAL,The failure did not establish absence from R3; treat it as model/SHACL behavior unless manual evidence proves otherwise.,False,0,False,,2,13429,2565,39411.831,"Remove the unapproved urn:nltl:stress-shape IRIs or replace them with approved shape identifiers. Encode the rule as a prohibition of nltl:directCalculationMethodValue on each linked nltl:calculationCase's nltl:calculationMethod; do not require thickness, calculation-case existence, or prescribedAnalyticalProcedure, since this universal prohibition does not independently require those facts to exist.",/Users/sadisfaction570/Desktop/Journal 1/NLTL_v2/MVP/SHACL_GENERATION_PIPELINE/outputs/vocabulary_stress_r3/runs/RUN-I2-061-20260814T100231179328Z,NOT_REQUIRED,,,
I2-062,1,RUN-I2-062-20260814T100321312005Z,MAX_ATTEMPTS_REACHED,False,MODEL_LOGIC_OR_SHACL_ERROR_NO_GAP_SIGNAL,The failure did not establish absence from R3; treat it as model/SHACL behavior unless manual evidence proves otherwise.,False,0,False,,2,12645,2306,28509.195,"Remove the unconditional sh:minCount/sh:maxCount/sh:hasValue constraint on ship directCalculationUsed, because it incorrectly requires a true declaration for ships with no qualifying member. Retain a conditional constraint that reports only when a ship has a structural member typed loadCarryingStringer or webFrame and linked via partOfGrillageSystem to a grillageSystem, but lacks directCalculationUsed true. Replace the unapproved urn:nltl:stress-shape:I2-062-ShipShape identifier with an approved shape identifier or a blank-node NodeShape.",/Users/sadisfaction570/Desktop/Journal 1/NLTL_v2/MVP/SHACL_GENERATION_PIPELINE/outputs/vocabulary_stress_r3/runs/RUN-I2-062-20260814T100321312005Z,NOT_REQUIRED,,,
I2-064,1,RUN-I2-064-20260814T100400469733Z,MAX_ATTEMPTS_REACHED,False,MODEL_LOGIC_OR_SHACL_ERROR_NO_GAP_SIGNAL,The failure did not establish absence from R3; treat it as model/SHACL behavior unless manual evidence proves otherwise.,False,0,False,,2,21930,5562,62453.15,"Replace the unapproved urn: generated shape IRIs with approved local blank-node shape resources. Rework applicability: do not require every ship to have a direct calculation case or apply the web/flange and buckling constraints unconditionally; use the supplied calculation-case/method path to scope the I2-064 checks to direct/linear cases, while ensuring missing selection evidence cannot silently bypass an otherwise asserted calculation case. Move bucklingCriteriaSatisfied from the structural-member node to the supplied required owner hullStructure (on the relevant web/flange hull-structure nodes), require true there, and do not treat a structural member as the owner. Preserve the universal nature of the web/flange rule without adding existence minCounts merely because the rule applies to every such element. Encode the shear threshold faithfully as sigma_y/sqrt(3), rather than a rounded decimal substitute, and retain strict violation logic for stress >= threshold. Ensure conditional missing stress, yield, unit, and buckling evidence for an applicable selected case produces violations rather than passing through absent query bindings.",/Users/sadisfaction570/Desktop/Journal 1/NLTL_v2/MVP/SHACL_GENERATION_PIPELINE/outputs/vocabulary_stress_r3/runs/RUN-I2-064-20260814T100400469733Z,NOT_REQUIRED,,,
I2-065,1,RUN-I2-065-20260814T100513652494Z,MAX_ATTEMPTS_REACHED,False,MODEL_LOGIC_OR_SHACL_ERROR_NO_GAP_SIGNAL,The failure did not establish absence from R3; treat it as model/SHACL behavior unless manual evidence proves otherwise.,False,0,False,,2,20786,3519,39334.972,"Repair the Turtle syntax by closing the sh:or RDF list with ')' rather than ']'. Move permanentLateralDeformation, permanentOutOfPlaneDeformation, and relevantStructuralDimension checks from the ship to each applicable calculationCase, their authoritative owner; retain fractureMargin, majorBucklingMargin, and yieldingMargin on the ship. Scope the nonlinear requirements per calculation case rather than triggering ship-level deformation checks merely because any case is nonlinear. Require the nonlinear case's explicit minorPermanentDeformationAssessmentSatisfied=true and nonlinearAnalysisAcceptanceEvidence, and encode the required buckling/plastic-deformation capture using the supplied canonical terms/evidence rather than omitting that obligation. Do not make unrelated direct or prescribed-method cases conjunctively subject to nonlinear obligations.",/Users/sadisfaction570/Desktop/Journal 1/NLTL_v2/MVP/SHACL_GENERATION_PIPELINE/outputs/vocabulary_stress_r3/runs/RUN-I2-065-20260814T100513652494Z,NOT_REQUIRED,,,
I2-066,1,RUN-I2-066-20260814T100603608456Z,MAX_ATTEMPTS_REACHED,False,MODEL_LOGIC_OR_SHACL_ERROR_NO_GAP_SIGNAL,The failure did not establish absence from R3; treat it as model/SHACL behavior unless manual evidence proves otherwise.,False,0,False,,2,8707,1670,19879.05,Replace the unapproved generated shape IRI <urn:nltl:stress-shape:I2-066> with an approved in-scope shape identifier (or use an anonymous NodeShape). The supplied ship-targeted conditional structure and canonical property usage otherwise match the direct model.,/Users/sadisfaction570/Desktop/Journal 1/NLTL_v2/MVP/SHACL_GENERATION_PIPELINE/outputs/vocabulary_stress_r3/runs/RUN-I2-066-20260814T100603608456Z,NOT_REQUIRED,,,
I2-067,1,RUN-I2-067-20260814T100634167001Z,MAX_ATTEMPTS_REACHED,False,MODEL_LOGIC_OR_SHACL_ERROR_NO_GAP_SIGNAL,The failure did not establish absence from R3; treat it as model/SHACL behavior unless manual evidence proves otherwise.,False,0,False,,2,8485,831,11597.501,"Replace the unapproved generated urn:nltl:stress-shape: IRIs with approved SHACL shape identifiers or blank-node shapes. Also enforce the universal rule explicitly: the structuralConnection property must use sh:node with sh:qualifiedValueShape shape:StructuralConnectionShape and sh:qualifiedMinCount 0 (or an equivalent universal constraint), so every existing structural connection is checked without incorrectly requiring a connection to exist.",/Users/sadisfaction570/Desktop/Journal 1/NLTL_v2/MVP/SHACL_GENERATION_PIPELINE/outputs/vocabulary_stress_r3/runs/RUN-I2-067-20260814T100634167001Z,NOT_REQUIRED,,,
IMO-001,1,RUN-IMO-001-20260814T100656448600Z,MAX_ATTEMPTS_REACHED,False,MODEL_LOGIC_OR_SHACL_ERROR_NO_GAP_SIGNAL,The failure did not establish absence from R3; treat it as model/SHACL behavior unless manual evidence proves otherwise.,False,0,False,,2,11161,2117,24540.467,"Replace the unapproved generated shape IRI urn:nltl:stress-shape:IMO001ShipShape with an approved shape identifier (or a blank-node shape if permitted). Also make the conditional selector faithfully represent the full 'at least medium first-year ice, including possible old-ice inclusions' condition; the current substring regex can misclassify arbitrary strings and does not establish the required threshold semantics.",/Users/sadisfaction570/Desktop/Journal 1/NLTL_v2/MVP/SHACL_GENERATION_PIPELINE/outputs/vocabulary_stress_r3/runs/RUN-IMO-001-20260814T100656448600Z,NOT_REQUIRED,,,
IMO-002,1,RUN-IMO-002-20260814T100731641146Z,TERM_RESOLUTION_UNRESOLVED,False,SUSPECTED_GAP_MANUAL_SOURCE_REVIEW,No existing term was resolved. This is only a candidate signal and requires source-based manual inspection.,True,1,False,,3,12956,2241,27623.139,"No supplied candidate represents the controlled design-ice value, ordering, comparison path, or ship-category consequence required by the feedback.",/Users/sadisfaction570/Desktop/Journal 1/NLTL_v2/MVP/SHACL_GENERATION_PIPELINE/outputs/vocabulary_stress_r3/runs/RUN-IMO-002-20260814T100731641146Z,COMPLETE,FALSE_POSITIVE_NO_R3_GAP,"MSC.385(94).pdf p.9, definition 2.2","R3 already contains shipCategory with polarShipCategoryA/B/C, plus iceTypeClassification, iceTypeValue, and thinFirstYearIce. The initial scoped context omitted some existing terms, but no concept is absent from R3."
IMO-003,1,RUN-IMO-003-20260814T100810947889Z,MAX_ATTEMPTS_REACHED,False,MODEL_LOGIC_OR_SHACL_ERROR_NO_GAP_SIGNAL,The failure did not establish absence from R3; treat it as model/SHACL behavior unless manual evidence proves otherwise.,False,0,False,,2,11276,2460,33491.766,"Replace the unapproved urn:nltl:stress-shape:IMO_003_ShipShape identifier with a permitted shape identifier or a blank node. Remove sh:minCount 1 from designIceCondition: the conditional category rule does not independently require that every ship provide an ice-condition value. Retain conditional validation so that, when the supplied designIceCondition denotes open water or conditions less severe than categories A and B, shipCategory is exclusively Category C.",/Users/sadisfaction570/Desktop/Journal 1/NLTL_v2/MVP/SHACL_GENERATION_PIPELINE/outputs/vocabulary_stress_r3/runs/RUN-IMO-003-20260814T100810947889Z,NOT_REQUIRED,,,
IMO-004,1,RUN-IMO-004-20260814T100855085728Z,MAX_ATTEMPTS_REACHED,False,MODEL_LOGIC_OR_SHACL_ERROR_NO_GAP_SIGNAL,The failure did not establish absence from R3; treat it as model/SHACL behavior unless manual evidence proves otherwise.,False,0,False,,2,15216,2744,36098.517,"Replace the unapproved urn: shape IRI with an approved/blank shape identifier. Remove the unconditional iceOriginType sh:in(seaIceOrigin) constraint: sea ice is an applicability condition, not a universal restriction. In the conditional SPARQL constraint, enforce that the triggered ship's iceTypeClassification is exactly firstYearIce (including rejection of any conflicting classification value), rather than merely requiring one firstYearIce value.",/Users/sadisfaction570/Desktop/Journal 1/NLTL_v2/MVP/SHACL_GENERATION_PIPELINE/outputs/vocabulary_stress_r3/runs/RUN-IMO-004-20260814T100855085728Z,NOT_REQUIRED,,,
IMO-005,1,RUN-IMO-005-20260814T100941889082Z,TERM_RESOLUTION_UNRESOLVED,False,SUSPECTED_GAP_MANUAL_SOURCE_REVIEW,No existing term was resolved. This is only a candidate signal and requires source-based manual inspection.,True,4,False,,3,9977,1082,46184.846999999994,"No candidate is verified because the feedback requires a non-vocabulary shape IRI or approved canonical shape term, while the supplied candidates are a datatype property, named individuals, and a class.",/Users/sadisfaction570/Desktop/Journal 1/NLTL_v2/MVP/SHACL_GENERATION_PIPELINE/outputs/vocabulary_stress_r3/runs/RUN-IMO-005-20260814T100941889082Z,COMPLETE,FALSE_POSITIVE_NO_R3_GAP,"MSC.385(94).pdf p.9, definition 2.5","R3 already contains iceConditionClassification, iceConditionValue, iceFreeIceCondition, and totalIcePresent. The signal concerned the stress-test shape IRI rather than absent regulatory vocabulary."
IMO-006,1,RUN-IMO-006-20260814T101039449905Z,MAX_ATTEMPTS_REACHED,False,MODEL_LOGIC_OR_SHACL_ERROR_NO_GAP_SIGNAL,The failure did not establish absence from R3; treat it as model/SHACL behavior unless manual evidence proves otherwise.,False,0,False,,2,11721,3081,37132.824,"Remove the unapproved urn:nltl:stress-shape:IMO-006 identifier and use an approved shape identifier. Rebuild the conditional at the ship NodeShape level: nltl:iceThickness is owned by the ship, not by an nltl:iceTypeClassification value. When the ship has nltl:iceTypeClassification nltl:mediumFirstYearIce, require a QUDT QuantityValue with exactly one decimal qudt:numericValue inclusively between 0.7 and 1.2 and unit:M; do not use the current property-shape sh:or, whose alternatives evaluate on ice-type values and allow incorrect passes. Do not make iceTypeClassification universally mandatory solely for this conditional rule.",/Users/sadisfaction570/Desktop/Journal 1/NLTL_v2/MVP/SHACL_GENERATION_PIPELINE/outputs/vocabulary_stress_r3/runs/RUN-IMO-006-20260814T101039449905Z,NOT_REQUIRED,,,
IMO-007,1,RUN-IMO-007-20260814T101127252647Z,MAX_ATTEMPTS_REACHED,False,MODEL_LOGIC_OR_SHACL_ERROR_NO_GAP_SIGNAL,The failure did not establish absence from R3; treat it as model/SHACL behavior unless manual evidence proves otherwise.,False,0,False,,2,12484,3048,33686.271,"Replace the unapproved generated shape IRI with an approved shape identifier/namespace. Remove unconditional iceConditionClassification minCount/maxCount: this conditional definition does not independently require existence or single-valued classification. Retain the conditional open-water checks on the ship and preserve the supplied decimal, UNITLESS, < 1, and boolean-false constraints.",/Users/sadisfaction570/Desktop/Journal 1/NLTL_v2/MVP/SHACL_GENERATION_PIPELINE/outputs/vocabulary_stress_r3/runs/RUN-IMO-007-20260814T101127252647Z,NOT_REQUIRED,,,
IMO-008,1,RUN-IMO-008-20260814T101211616231Z,MAX_ATTEMPTS_REACHED,False,MODEL_LOGIC_OR_SHACL_ERROR_NO_GAP_SIGNAL,The failure did not establish absence from R3; treat it as model/SHACL behavior unless manual evidence proves otherwise.,False,0,False,,2,12179,2694,31784.414,"Use approved SHACL shape identifiers (not urn:nltl:stress-shape IRIs). Encode only the implication: when iceTypeClassification is nltl:thinFirstYearIce, require iceThickness on that same ship as exactly one QUDT QuantityValue with decimal numericValue inclusively 0.3–0.7 and unit:M. Remove the unconditional iceTypeClassification minCount and the sh:or branches for firstYearIce/mediumFirstYearIce, which wrongly restrict non-thin classifications and impose existence.",/Users/sadisfaction570/Desktop/Journal 1/NLTL_v2/MVP/SHACL_GENERATION_PIPELINE/outputs/vocabulary_stress_r3/runs/RUN-IMO-008-20260814T101211616231Z,NOT_REQUIRED,,,
IMO-009,1,RUN-IMO-009-20260814T101254096521Z,MAX_ATTEMPTS_REACHED,False,MODEL_LOGIC_OR_SHACL_ERROR_NO_GAP_SIGNAL,The failure did not establish absence from R3; treat it as model/SHACL behavior unless manual evidence proves otherwise.,False,0,False,,2,9884,2324,25331.976000000002,"Replace the unapproved urn:nltl:stress-shape:IMO-009 shape IRI with an approved/blank shape identifier. Repair the non-bergy sh:or branch: its SPARQL constraint must report a violation when iceCondition is ""bergy waters"" (so that branch conforms only for a non-bergy condition); the current FILTER != reverses the conditional logic and makes non-bergy ships fail.",/Users/sadisfaction570/Desktop/Journal 1/NLTL_v2/MVP/SHACL_GENERATION_PIPELINE/outputs/vocabulary_stress_r3/runs/RUN-IMO-009-20260814T101254096521Z,NOT_REQUIRED,,,
IMO-010,1,RUN-IMO-010-20260814T101330154543Z,MAX_ATTEMPTS_REACHED,False,MODEL_LOGIC_OR_SHACL_ERROR_NO_GAP_SIGNAL,The failure did not establish absence from R3; treat it as model/SHACL behavior unless manual evidence proves otherwise.,False,0,False,,2,8200,822,9404.081,"Replace the unapproved generated shape IRI urn:nltl:stress-shape:IMO-010 with an allowed blank-node shape identifier (or another already approved identifier). The target, ship-owned quantity path, decimal minimum-inclusive threshold of 5, and DAY unit otherwise encode the requirement.",/Users/sadisfaction570/Desktop/Journal 1/NLTL_v2/MVP/SHACL_GENERATION_PIPELINE/outputs/vocabulary_stress_r3/runs/RUN-IMO-010-20260814T101330154543Z,NOT_REQUIRED,,,
IMO-011,1,RUN-IMO-011-20260814T101350217232Z,MAX_ATTEMPTS_REACHED,False,MODEL_LOGIC_OR_SHACL_ERROR_NO_GAP_SIGNAL,The failure did not establish absence from R3; treat it as model/SHACL behavior unless manual evidence proves otherwise.,False,0,False,,2,15155,3396,36022.176999999996,"Remove the unapproved generated shape IRI urn:nltl:stress-shape:IMO_011_ShipShape (for example, express the NodeShape as a blank node or use an approved shape identifier); deterministicValidation.valid must be true before freezing.",/Users/sadisfaction570/Desktop/Journal 1/NLTL_v2/MVP/SHACL_GENERATION_PIPELINE/outputs/vocabulary_stress_r3/runs/RUN-IMO-011-20260814T101350217232Z,NOT_REQUIRED,,,
IMO-012,1,RUN-IMO-012-20260814T101437023925Z,MAX_ATTEMPTS_REACHED,False,MODEL_LOGIC_OR_SHACL_ERROR_NO_GAP_SIGNAL,The failure did not establish absence from R3; treat it as model/SHACL behavior unless manual evidence proves otherwise.,False,0,False,,2,9406,1254,12541.701000000001,"Replace the unapproved generated shape IRI urn:nltl:stress-shape:IMO-012 with an allowed shape identifier or a blank node; all constraint vocabulary, ownership, units, and comparison direction otherwise match the supplied requirement.",/Users/sadisfaction570/Desktop/Journal 1/NLTL_v2/MVP/SHACL_GENERATION_PIPELINE/outputs/vocabulary_stress_r3/runs/RUN-IMO-012-20260814T101437023925Z,NOT_REQUIRED,,,
IMO-013,1,RUN-IMO-013-20260814T101500260185Z,MAX_ATTEMPTS_REACHED,False,MODEL_LOGIC_OR_SHACL_ERROR_NO_GAP_SIGNAL,The failure did not establish absence from R3; treat it as model/SHACL behavior unless manual evidence proves otherwise.,False,0,False,,2,9652,1358,16044.796999999999,Replace the unapproved generated shape IRI urn:nltl:stress-shape:IMO_013_ShipShape with an approved shape identifier (or use an allowed blank-node shape); all required canonical terms are already supplied.,/Users/sadisfaction570/Desktop/Journal 1/NLTL_v2/MVP/SHACL_GENERATION_PIPELINE/outputs/vocabulary_stress_r3/runs/RUN-IMO-013-20260814T101500260185Z,NOT_REQUIRED,,,
IMO-014,1,RUN-IMO-014-20260814T101527018882Z,MAX_ATTEMPTS_REACHED,False,MODEL_LOGIC_OR_SHACL_ERROR_NO_GAP_SIGNAL,The failure did not establish absence from R3; treat it as model/SHACL behavior unless manual evidence proves otherwise.,False,0,False,,2,8883,1045,14265.84,"Replace the unapproved urn:nltl:stress-shape:* shape IRIs with approved SHACL blank nodes or approved shape identifiers. Do not require polarCodeApplies to be present for every ship: encode the conditional so certificate-present=true and certificate-status=true are required only when polarCodeApplies=true, while ships lacking an applicability assessment do not fail merely from this universal rule.",/Users/sadisfaction570/Desktop/Journal 1/NLTL_v2/MVP/SHACL_GENERATION_PIPELINE/outputs/vocabulary_stress_r3/runs/RUN-IMO-014-20260814T101527018882Z,NOT_REQUIRED,,,
IMO-016,1,RUN-IMO-016-20260814T101551981984Z,MAX_ATTEMPTS_REACHED,False,MODEL_LOGIC_OR_SHACL_ERROR_NO_GAP_SIGNAL,The failure did not establish absence from R3; treat it as model/SHACL behavior unless manual evidence proves otherwise.,False,0,False,,2,11999,2023,23487.213,"Replace the unapproved urn:nltl:stress-shape shape IRIs with permitted shape identifiers. More importantly, keep certificateFormModel on the polarShipCertificateForm reached through hasPolarShipCertificate, but move certificateLanguage and approvedTranslationPresent (including the conditional language-set SHACL alternatives) to the ship target: their authoritative requiredOwner is ship. Remove unsupported sh:maxCount 1 constraints; the requirement does not establish uniqueness.",/Users/sadisfaction570/Desktop/Journal 1/NLTL_v2/MVP/SHACL_GENERATION_PIPELINE/outputs/vocabulary_stress_r3/runs/RUN-IMO-016-20260814T101551981984Z,NOT_REQUIRED,,,
IMO-017,1,RUN-IMO-017-20260814T101626161972Z,MAX_ATTEMPTS_REACHED,False,MODEL_LOGIC_OR_SHACL_ERROR_NO_GAP_SIGNAL,The failure did not establish absence from R3; treat it as model/SHACL behavior unless manual evidence proves otherwise.,False,0,False,,2,20459,3739,38728.213,Replace the four nltl:IMO017*Shape identifiers with blank nodes or non-vocabulary shape IRIs so they are not treated as invented canonical vocabulary terms. Do not impose sh:minCount 1 for each date category or for schedule date records unless independent requirement evidence establishes mandatory existence; retain the cross-document matching constraint without converting a universal harmonization rule into mandatory-presence logic.,/Users/sadisfaction570/Desktop/Journal 1/NLTL_v2/MVP/SHACL_GENERATION_PIPELINE/outputs/vocabulary_stress_r3/runs/RUN-IMO-017-20260814T101626161972Z,NOT_REQUIRED,,,
IMO-019,1,RUN-IMO-019-20260814T101716228369Z,MAX_ATTEMPTS_REACHED,False,MODEL_LOGIC_OR_SHACL_ERROR_NO_GAP_SIGNAL,The failure did not establish absence from R3; treat it as model/SHACL behavior unless manual evidence proves otherwise.,False,0,False,,2,12295,1799,19398.622,Replace the unapproved generated shape IRI urn:nltl:stress-shape:IMO_019_Shape with an approved shape identifier or a blank node; no canonical vocabulary lookup is needed.,/Users/sadisfaction570/Desktop/Journal 1/NLTL_v2/MVP/SHACL_GENERATION_PIPELINE/outputs/vocabulary_stress_r3/runs/RUN-IMO-019-20260814T101716228369Z,NOT_REQUIRED,,,
IMO-022,1,RUN-IMO-022-20260814T101746358924Z,MAX_ATTEMPTS_REACHED,False,MODEL_LOGIC_OR_SHACL_ERROR_NO_GAP_SIGNAL,The failure did not establish absence from R3; treat it as model/SHACL behavior unless manual evidence proves otherwise.,False,0,False,,2,9421,1122,12471.435,Replace the unapproved generated shape IRI urn:nltl:stress-shape:IMO_022_Shape with an approved shape identifier (or an allowed blank-node shape) so deterministic vocabulary validation is valid; retain the ship-targeted canonical constraints.,/Users/sadisfaction570/Desktop/Journal 1/NLTL_v2/MVP/SHACL_GENERATION_PIPELINE/outputs/vocabulary_stress_r3/runs/RUN-IMO-022-20260814T101746358924Z,NOT_REQUIRED,,,
IMO-023,1,RUN-IMO-023-20260814T101809509416Z,MAX_ATTEMPTS_REACHED,False,MODEL_LOGIC_OR_SHACL_ERROR_NO_GAP_SIGNAL,The failure did not establish absence from R3; treat it as model/SHACL behavior unless manual evidence proves otherwise.,False,0,False,,2,7992,440,5363.601000000001,Replace the unapproved generated shape IRI <urn:nltl:stress-shape:IMO-023> with an approved SHACL shape identifier from the allowed vocabulary/identifier scheme. The two required ship-owned boolean presence constraints otherwise correctly encode the conjunctive PWOM procedure requirements.,/Users/sadisfaction570/Desktop/Journal 1/NLTL_v2/MVP/SHACL_GENERATION_PIPELINE/outputs/vocabulary_stress_r3/runs/RUN-IMO-023-20260814T101809509416Z,NOT_REQUIRED,,,
IMO-024,1,RUN-IMO-024-20260814T101825541910Z,MAX_ATTEMPTS_REACHED,False,MODEL_LOGIC_OR_SHACL_ERROR_NO_GAP_SIGNAL,The failure did not establish absence from R3; treat it as model/SHACL behavior unless manual evidence proves otherwise.,False,0,False,,2,7053,382,5156.83,Replace the unapproved generated shape IRI urn:nltl:stress-shape:IMO_024_PolarIncidentProcedureShape with an approved scoped shape identifier or blank-node shape construct. The ship target and polarIncidentProcedurePresent boolean presence/true constraint otherwise match the required owner and document-procedure presence model.,/Users/sadisfaction570/Desktop/Journal 1/NLTL_v2/MVP/SHACL_GENERATION_PIPELINE/outputs/vocabulary_stress_r3/runs/RUN-IMO-024-20260814T101825541910Z,NOT_REQUIRED,,,
IMO-025,1,RUN-IMO-025-20260814T101841334376Z,MAX_ATTEMPTS_REACHED,False,MODEL_LOGIC_OR_SHACL_ERROR_NO_GAP_SIGNAL,The failure did not establish absence from R3; treat it as model/SHACL behavior unless manual evidence proves otherwise.,False,0,False,,2,7084,401,6471.460999999999,Replace the unapproved generated shape IRI urn:nltl:stress-shape:IMO_025_PWOMPresentOnBoardShape with an approved SHACL shape identifier from the permitted vocabulary/namespace. The ship target and boolean PWOM presence constraint otherwise match the requirement.,/Users/sadisfaction570/Desktop/Journal 1/NLTL_v2/MVP/SHACL_GENERATION_PIPELINE/outputs/vocabulary_stress_r3/runs/RUN-IMO-025-20260814T101841334376Z,NOT_REQUIRED,,,
IMO-026,1,RUN-IMO-026-20260814T101858446436Z,MAX_ATTEMPTS_REACHED,False,MODEL_LOGIC_OR_SHACL_ERROR_NO_GAP_SIGNAL,The failure did not establish absence from R3; treat it as model/SHACL behavior unless manual evidence proves otherwise.,False,0,False,,2,8196,992,11185.052,Replace the unapproved generated shape IRI with an anonymous NodeShape or an approved shape identifier. Remove the unconditional applicability-flag sh:minCount/sh:maxCount: this conditional requirement does not independently require that the applicability flag exist or be single-valued. Retain the conditional logic requiring PWOM methodology presence and true only when the supplied applicability flag is true.,/Users/sadisfaction570/Desktop/Journal 1/NLTL_v2/MVP/SHACL_GENERATION_PIPELINE/outputs/vocabulary_stress_r3/runs/RUN-IMO-026-20260814T101858446436Z,NOT_REQUIRED,,,
IMO-029,1,RUN-IMO-029-20260814T101920307184Z,MAX_ATTEMPTS_REACHED,False,MODEL_LOGIC_OR_SHACL_ERROR_NO_GAP_SIGNAL,The failure did not establish absence from R3; treat it as model/SHACL behavior unless manual evidence proves otherwise.,False,0,False,,2,7142,354,6409.867,"Replace the unapproved generated shape IRI urn:nltl:stress-shape:IMO_029_Shape with an approved shape identifier/namespace. The target ship, boolean datatype, cardinality, and required true value otherwise faithfully encode the supplied document-procedure presence constraint.",/Users/sadisfaction570/Desktop/Journal 1/NLTL_v2/MVP/SHACL_GENERATION_PIPELINE/outputs/vocabulary_stress_r3/runs/RUN-IMO-029-20260814T101920307184Z,NOT_REQUIRED,,,
IMO-033,1,RUN-IMO-033-20260814T101937357918Z,MAX_ATTEMPTS_REACHED,False,MODEL_LOGIC_OR_SHACL_ERROR_NO_GAP_SIGNAL,The failure did not establish absence from R3; treat it as model/SHACL behavior unless manual evidence proves otherwise.,False,0,False,,2,15550,2739,24916.139000000003,Use approved SHACL shape identifiers rather than the unapproved urn:nltl:stress-shape: IRIs. Also remove the false branch requirement: the rule is conditional only when iceAccretionLikely=true and does not require iceAccretionLikely=false or any allowance/input values when it is false; constrain the true branch without imposing a non-applicability boolean state.,/Users/sadisfaction570/Desktop/Journal 1/NLTL_v2/MVP/SHACL_GENERATION_PIPELINE/outputs/vocabulary_stress_r3/runs/RUN-IMO-033-20260814T101937357918Z,NOT_REQUIRED,,,
IMO-035,1,RUN-IMO-035-20260814T102013089751Z,MAX_ATTEMPTS_REACHED,False,MODEL_LOGIC_OR_SHACL_ERROR_NO_GAP_SIGNAL,The failure did not establish absence from R3; treat it as model/SHACL behavior unless manual evidence proves otherwise.,False,0,False,,2,11404,1475,18630.563000000002,Replace the unknown nltl:IMO_035_Shape identifier with a blank-node shape or a non-vocabulary SHACL shape IRI; no canonical vocabulary term is needed for the shape identifier.,/Users/sadisfaction570/Desktop/Journal 1/NLTL_v2/MVP/SHACL_GENERATION_PIPELINE/outputs/vocabulary_stress_r3/runs/RUN-IMO-035-20260814T102013089751Z,NOT_REQUIRED,,,
IMO-037,1,RUN-IMO-037-20260814T102042578871Z,MAX_ATTEMPTS_REACHED,False,EXISTING_R3_TERM_FOUND_MODEL_ERROR,The matcher resolved the request to an existing locked term; this is not a vocabulary gap.,True,2,True,complianceStateCompliant,3,20830,3742,44785.217000000004,"Repair the Turtle syntax (the first applicability branch must close with ] rather than the extra )) and redesign the constraint as a true conditional: non-A/B or pre-2017 ships must pass without requiring category/date/case evidence, while applicable ships must be checked for every loading-condition case. Do not impose loading-condition identifiers or evidence outside that applicability condition. The current global ship-level alternative/factor branch does not bind a residual-stability result or alternative-status result to each loading-condition case, so it cannot enforce the universal per-case requirement. The supplied result properties are authoritatively owned by ship, while the only supplied case path is evidence; request a canonical cross-owner path or case-owned result terms that associate each loading-condition case with its factor and alternative applicability/status, then constrain each such case to the selected compliant branch. Retain exact inclusive decimal bounds of 1 and unit:UNITLESS for the regulatory s_i constant once the correct per-case path is available.",/Users/sadisfaction570/Desktop/Journal 1/NLTL_v2/MVP/SHACL_GENERATION_PIPELINE/outputs/vocabulary_stress_r3/runs/RUN-IMO-037-20260814T102042578871Z,NOT_REQUIRED,,,
IMO-038,1,RUN-IMO-038-20260814T102139656587Z,MAX_ATTEMPTS_REACHED,False,MODEL_LOGIC_OR_SHACL_ERROR_NO_GAP_SIGNAL,The failure did not establish absence from R3; treat it as model/SHACL behavior unless manual evidence proves otherwise.,False,0,False,,2,16070,4079,38396.075,Replace the unapproved generated shape IRI <urn:nltl:stress-shape:IMO-038-ShipShape> with an approved in-scope shape identifier (or an anonymous node) so deterministic vocabulary validation is valid; no canonical-term lookup is required.,/Users/sadisfaction570/Desktop/Journal 1/NLTL_v2/MVP/SHACL_GENERATION_PIPELINE/outputs/vocabulary_stress_r3/runs/RUN-IMO-038-20260814T102139656587Z,NOT_REQUIRED,,,
IMO-040,1,RUN-IMO-040-20260814T102229090213Z,MAX_ATTEMPTS_REACHED,False,MODEL_LOGIC_OR_SHACL_ERROR_NO_GAP_SIGNAL,The failure did not establish absence from R3; treat it as model/SHACL behavior unless manual evidence proves otherwise.,False,0,False,,2,11410,1523,17134.232,"Supply a complete candidate SHACL graph enclosed by exactly one BEGIN_SHACL and END_SHACL marker pair. Encode the conditional rule on ship: when iceAccretionLikely is true, each hasRelevantHatchOrDoor item must have at least one hasIceOrSnowRemovalOrPreventionMeans relationship; do not place the means property directly on the ship.",/Users/sadisfaction570/Desktop/Journal 1/NLTL_v2/MVP/SHACL_GENERATION_PIPELINE/outputs/vocabulary_stress_r3/runs/RUN-IMO-040-20260814T102229090213Z,NOT_REQUIRED,,,
IMO-041,1,RUN-IMO-041-20260814T102256813690Z,MAX_ATTEMPTS_REACHED,False,MODEL_LOGIC_OR_SHACL_ERROR_NO_GAP_SIGNAL,The failure did not establish absence from R3; treat it as model/SHACL behavior unless manual evidence proves otherwise.,False,0,False,,2,8192,1589,18243.526,Replace the unapproved generated shape IRI urn:nltl:stress-shape:IMO_041_ShipShape with an approved shape identifier/namespace. The conditional logic and ship-owned property paths otherwise encode the verified requirement.,/Users/sadisfaction570/Desktop/Journal 1/NLTL_v2/MVP/SHACL_GENERATION_PIPELINE/outputs/vocabulary_stress_r3/runs/RUN-IMO-041-20260814T102256813690Z,NOT_REQUIRED,,,
IMO-043,1,RUN-IMO-043-20260814T102325668842Z,TERM_RESOLUTION_UNRESOLVED,False,SUSPECTED_GAP_MANUAL_SOURCE_REVIEW,No existing term was resolved. This is only a candidate signal and requires source-based manual inspection.,True,5,False,,3,22313,2653,30704.034,"Deterministic validation prevents acceptance. Fix: Unapproved external/generated IRI(s): urn:nltl:stress-shape:IMO-043-MachineryInstallationShape, urn:nltl:stress-shape:IMO-043-ShipShape
Semantic validator feedback: Replace the unapproved generated urn: shape IRIs with permitted shape identifiers, and encode actual per-installation hazard-protection coverage rather than merely requiring one evidence artifact. The repair must ensure every declared applicable hazard has corresponding protection evidence/coverage and must also apply the protection obligation to each associated equipment item, not only type-check its link. Locate and use the canonical hazard-to-protection/evidence coverage relationship or path needed to bind each applicable hazard (and associated equipment) to its protection evidence; do not use a presence-only sh:minCount 1 approximation.",/Users/sadisfaction570/Desktop/Journal 1/NLTL_v2/MVP/SHACL_GENERATION_PIPELINE/outputs/vocabulary_stress_r3/runs/RUN-IMO-043-20260814T102325668842Z,COMPLETE,FALSE_POSITIVE_NO_R3_GAP,"MSC.385(94).pdf p.20, clause 6.3.1.1","R3 already contains machinery-installation and associated-equipment nodes, applicable hazard values and relationships, hazardProtectionCoverage, and hasHazardProtectionEvidence. The clause can be represented without another hazard-to-evidence predicate."
IMO-045,1,RUN-IMO-045-20260814T102408143070Z,MAX_ATTEMPTS_REACHED,False,MODEL_LOGIC_OR_SHACL_ERROR_NO_GAP_SIGNAL,The failure did not establish absence from R3; treat it as model/SHACL behavior unless manual evidence proves otherwise.,False,0,False,,2,13010,2030,23947.359,"Replace the unapproved generated shape IRI urn:nltl:stress-shape:IMO045ShipShape with an approved shape identifier. Semantically, retain targeting nltl:ship and the three-way logic (no supply, prevention true, or approved alternative), but do not freeze until vocabulary validation passes.",/Users/sadisfaction570/Desktop/Journal 1/NLTL_v2/MVP/SHACL_GENERATION_PIPELINE/outputs/vocabulary_stress_r3/runs/RUN-IMO-045-20260814T102408143070Z,NOT_REQUIRED,,,
IMO-047,1,RUN-IMO-047-20260814T102442789912Z,MAX_ATTEMPTS_REACHED,False,MODEL_LOGIC_OR_SHACL_ERROR_NO_GAP_SIGNAL,The failure did not establish absence from R3; treat it as model/SHACL behavior unless manual evidence proves otherwise.,False,0,False,,2,12725,2823,30982.252,"Replace the unapproved urn:nltl:stress-shape:* shape IRIs with approved shape identifiers, and use the canonical recommended Celsius unit IRI http://qudt.org/vocab/unit/DEG_C rather than qudt:DEG_C under the current qudt schema prefix.",/Users/sadisfaction570/Desktop/Journal 1/NLTL_v2/MVP/SHACL_GENERATION_PIPELINE/outputs/vocabulary_stress_r3/runs/RUN-IMO-047-20260814T102442789912Z,NOT_REQUIRED,,,
IMO-050,1,RUN-IMO-050-20260814T102524477754Z,TERM_RESOLUTION_UNRESOLVED,False,SUSPECTED_GAP_MANUAL_SOURCE_REVIEW,No existing term was resolved. This is only a candidate signal and requires source-based manual inspection.,True,3,False,,3,10546,1015,11791.726,No supplied candidate is semantically supported for the required canonical validation shape IRI.,/Users/sadisfaction570/Desktop/Journal 1/NLTL_v2/MVP/SHACL_GENERATION_PIPELINE/outputs/vocabulary_stress_r3/runs/RUN-IMO-050-20260814T102524477754Z,COMPLETE,FALSE_POSITIVE_NO_R3_GAP,"MSC.385(94).pdf p.22, clause 7.2.1.1","R3 already contains fireSafetyComponent, fireSafetyComponentExposed, and iceAndSnowProtectionPresent. The signal was solely an unapproved stress-test shape identifier."
IMO-051,1,RUN-IMO-051-20260814T102547582394Z,MAX_ATTEMPTS_REACHED,False,MODEL_LOGIC_OR_SHACL_ERROR_NO_GAP_SIGNAL,The failure did not establish absence from R3; treat it as model/SHACL behavior unless manual evidence proves otherwise.,False,0,False,,2,13192,1076,11953.574,"Replace the invented nltl:IMO_051_ShipShape and nltl:IMO_051_LocalControlItemShape identifiers with blank nodes or non-vocabulary SHACL shape IRIs; all canonical nltl: terms must remain registered vocabulary terms. Preserve the ship target, hasLocalControlItem traversal, and per-item boolean true constraints.",/Users/sadisfaction570/Desktop/Journal 1/NLTL_v2/MVP/SHACL_GENERATION_PIPELINE/outputs/vocabulary_stress_r3/runs/RUN-IMO-051-20260814T102547582394Z,NOT_REQUIRED,,,
IMO-052,1,RUN-IMO-052-20260814T102610545970Z,MAX_ATTEMPTS_REACHED,False,EXISTING_R3_TERM_FOUND_MODEL_ERROR,The matcher resolved the request to an existing locked term; this is not a vocabulary gap.,True,8,True,hasIceOrSnowRemovalOrPreventionMeans,3,14967,2781,30268.685999999998,"Replace the invalid nested check: hasIceOrSnowRemovalOrPreventionMeans has required owner equipmentItem, not requiredAccessItem. The requirement needs a canonical per-required-access association/path to the applicable equipment means; request and use that missing cross-owner relationship/path rather than placing the property on requiredAccessItem. Also use a non-vocabulary shape IRI (or an approved shape identifier) instead of nltl:IMO_052_ShipShape, which is unknown.",/Users/sadisfaction570/Desktop/Journal 1/NLTL_v2/MVP/SHACL_GENERATION_PIPELINE/outputs/vocabulary_stress_r3/runs/RUN-IMO-052-20260814T102610545970Z,NOT_REQUIRED,,,
IMO-053,1,RUN-IMO-053-20260814T102652514953Z,MAX_ATTEMPTS_REACHED,False,MODEL_LOGIC_OR_SHACL_ERROR_NO_GAP_SIGNAL,The failure did not establish absence from R3; treat it as model/SHACL behavior unless manual evidence proves otherwise.,False,0,False,,2,10261,1425,15495.141,Replace the unapproved generated shape IRIs with blank-node shapes. Do not place nltl:intendedOperationCompatibilityStatus on extinguishingMediumItem: it is owned by ship. Encode the per-medium approval using the supplied item-owned nltl:extinguishingMediumCompatibilityStatus with xsd:boolean true on each nltl:hasExtinguishingMedium value.,/Users/sadisfaction570/Desktop/Journal 1/NLTL_v2/MVP/SHACL_GENERATION_PIPELINE/outputs/vocabulary_stress_r3/runs/RUN-IMO-053-20260814T102652514953Z,NOT_REQUIRED,,,
IMO-055,1,RUN-IMO-055-20260814T102718653961Z,MAX_ATTEMPTS_REACHED,False,MODEL_LOGIC_OR_SHACL_ERROR_NO_GAP_SIGNAL,The failure did not establish absence from R3; treat it as model/SHACL behavior unless manual evidence proves otherwise.,False,0,False,,2,9713,1641,16664.176,Replace the unapproved urn:nltl:stress-shape:IMO-055-ShipShape identifier with an approved shape identifier. Do not impose sh:minCount 1 or sh:maxCount 1 on valveExposed and valveType: the conditional rule does not independently require valve-record existence or single-valued selectors. Keep the conditional SPARQL implication over the ship-owned properties and the boolean datatypes.,/Users/sadisfaction570/Desktop/Journal 1/NLTL_v2/MVP/SHACL_GENERATION_PIPELINE/outputs/vocabulary_stress_r3/runs/RUN-IMO-055-20260814T102718653961Z,NOT_REQUIRED,,,
IMO-057,1,RUN-IMO-057-20260814T102746002301Z,MAX_ATTEMPTS_REACHED,False,EXISTING_R3_TERM_FOUND_MODEL_ERROR,The matcher resolved the request to an existing locked term; this is not a vocabulary gap.,True,4,True,maintainedTemperature,3,15085,2091,24819.726,"Replace the unapproved urn: shape IRI with an approved identifier. More importantly, maintainedTemperature has authoritative requiredOwner ship, so it must not be asserted or checked on ?compartment; locate the canonical cross-owner path that connects the compartment/location to the ship-owned maintained-temperature fact and encode that path without relocating the property.",/Users/sadisfaction570/Desktop/Journal 1/NLTL_v2/MVP/SHACL_GENERATION_PIPELINE/outputs/vocabulary_stress_r3/runs/RUN-IMO-057-20260814T102746002301Z,NOT_REQUIRED,,,
IMO-058,1,RUN-IMO-058-20260814T102822152700Z,MAX_ATTEMPTS_REACHED,False,MODEL_LOGIC_OR_SHACL_ERROR_NO_GAP_SIGNAL,The failure did not establish absence from R3; treat it as model/SHACL behavior unless manual evidence proves otherwise.,False,0,False,,2,11751,1550,18111.972,"Replace the unapproved generated urn:nltl:stress-shape shape IRIs with blank-node SHACL shapes (or approved shape identifiers). Preserve the ship target and hasExposedFireMainSection path to the exposedFireMainSectionItem node shape, with both item-owned boolean properties required and constrained to true; do not add a minimum count for linked sections.",/Users/sadisfaction570/Desktop/Journal 1/NLTL_v2/MVP/SHACL_GENERATION_PIPELINE/outputs/vocabulary_stress_r3/runs/RUN-IMO-058-20260814T102822152700Z,NOT_REQUIRED,,,
IMO-059,1,RUN-IMO-059-20260814T102850931094Z,MAX_ATTEMPTS_REACHED,False,MODEL_LOGIC_OR_SHACL_ERROR_NO_GAP_SIGNAL,The failure did not establish absence from R3; treat it as model/SHACL behavior unless manual evidence proves otherwise.,False,0,False,,2,14436,1459,20974.626,Replace the unapproved generated urn:nltl:stress-shape:* identifiers with anonymous blank-node shapes (including the sh:node references) or otherwise permitted shape identifiers; retain the existing ship-to-outfit-to-storage-location warm-class constraint semantics.,/Users/sadisfaction570/Desktop/Journal 1/NLTL_v2/MVP/SHACL_GENERATION_PIPELINE/outputs/vocabulary_stress_r3/runs/RUN-IMO-059-20260814T102850931094Z,NOT_REQUIRED,,,
IMO-060,1,RUN-IMO-060-20260814T102922569910Z,MAX_ATTEMPTS_REACHED,False,MODEL_LOGIC_OR_SHACL_ERROR_NO_GAP_SIGNAL,The failure did not establish absence from R3; treat it as model/SHACL behavior unless manual evidence proves otherwise.,False,0,False,,2,8750,1419,15406.857,"Repair the Turtle syntax by closing the sh:or RDF list with ')' before the final '.'. Preserve the conditional logic, but remove the unnecessary sh:minCount 1 requirement for independentSeaSuctionUsed in the branch where fixedWaterSystemSeparateFromMainFirePumps is false: that selector alone establishes non-applicability, and the requirement does not independently require suction evidence in that branch.",/Users/sadisfaction570/Desktop/Journal 1/NLTL_v2/MVP/SHACL_GENERATION_PIPELINE/outputs/vocabulary_stress_r3/runs/RUN-IMO-060-20260814T102922569910Z,NOT_REQUIRED,,,
IMO-062,1,RUN-IMO-062-20260814T102948584110Z,MAX_ATTEMPTS_REACHED,False,MODEL_LOGIC_OR_SHACL_ERROR_NO_GAP_SIGNAL,The failure did not establish absence from R3; treat it as model/SHACL behavior unless manual evidence proves otherwise.,False,0,False,,2,13025,1413,14607.886999999999,"Replace the unapproved generated urn: shape IRIs with blank-node SHACL shapes (for example, use an inline sh:node shape for exposed routes). Keep the ship as the only requirement target; remove sh:targetClass nltl:exposedEscapeRoute from the nested route shape so route constraints apply through nltl:hasExposedEscapeRoute rather than globally to unrelated route nodes.",/Users/sadisfaction570/Desktop/Journal 1/NLTL_v2/MVP/SHACL_GENERATION_PIPELINE/outputs/vocabulary_stress_r3/runs/RUN-IMO-062-20260814T102948584110Z,NOT_REQUIRED,,,
IMO-064,1,RUN-IMO-064-20260814T103013872204Z,MAX_ATTEMPTS_REACHED,False,MODEL_LOGIC_OR_SHACL_ERROR_NO_GAP_SIGNAL,The failure did not establish absence from R3; treat it as model/SHACL behavior unless manual evidence proves otherwise.,False,0,False,,2,15201,1882,21047.932,"Replace the unapproved generated shape IRI urn:nltl:stress-shape:IMO-064 with an approved shape identifier or a blank-node shape. Remove sh:minCount 1 from nltl:personOnBoard: the universal obligation for all persons does not independently require that a person-on-board value exists. Retain the required ship-owned assignment, approval, voyage, weather, and immersion inputs, but encode the adequacy-approval coverage as a qualified constraint rather than treating independent presence of those values as proof that the approval covers them.",/Users/sadisfaction570/Desktop/Journal 1/NLTL_v2/MVP/SHACL_GENERATION_PIPELINE/outputs/vocabulary_stress_r3/runs/RUN-IMO-064-20260814T103013872204Z,NOT_REQUIRED,,,
IMO-066,1,RUN-IMO-066-20260814T103045594575Z,MAX_ATTEMPTS_REACHED,False,MODEL_LOGIC_OR_SHACL_ERROR_NO_GAP_SIGNAL,The failure did not establish absence from R3; treat it as model/SHACL behavior unless manual evidence proves otherwise.,False,0,False,,2,21408,4198,42138.488000000005,Replace the unapproved urn:nltl:stress-shape identifiers with blank-node shapes or approved shape identifiers so deterministic validation is valid. Remove all six sh:qualifiedMinCount 1 constraints: the requirement is universal over represented protected items and does not independently require at least one item of every category. Add sh:maxCount 1 to shipExposedToIceAccretion (with the existing datatype/minCount) so contradictory true and false values cannot satisfy the NotExposed branch and bypass the exposed-item obligation; retain the per-item FILTER NOT EXISTS check for all represented listed categories.,/Users/sadisfaction570/Desktop/Journal 1/NLTL_v2/MVP/SHACL_GENERATION_PIPELINE/outputs/vocabulary_stress_r3/runs/RUN-IMO-066-20260814T103045594575Z,NOT_REQUIRED,,,
IMO-069,1,RUN-IMO-069-20260814T103138558330Z,MAX_ATTEMPTS_REACHED,False,MODEL_LOGIC_OR_SHACL_ERROR_NO_GAP_SIGNAL,The failure did not establish absence from R3; treat it as model/SHACL behavior unless manual evidence proves otherwise.,False,0,False,,2,8361,1807,19467.494,Remove sh:minCount 1 (and unnecessary sh:maxCount 1) from addedLifeSavingDeviceRequiresPower: the conditional requirement does not independently require existence of the antecedent. Replace the unknown nltl:IMO_069_Shape IRI with a blank node or a permitted non-canonical shape IRI.,/Users/sadisfaction570/Desktop/Journal 1/NLTL_v2/MVP/SHACL_GENERATION_PIPELINE/outputs/vocabulary_stress_r3/runs/RUN-IMO-069-20260814T103138558330Z,NOT_REQUIRED,,,
IMO-070,1,RUN-IMO-070-20260814T103208907757Z,MAX_ATTEMPTS_REACHED,False,MODEL_LOGIC_OR_SHACL_ERROR_NO_GAP_SIGNAL,The failure did not establish absence from R3; treat it as model/SHACL behavior unless manual evidence proves otherwise.,False,0,False,,2,18879,2992,33084.263,Replace the unapproved generated urn:nltl:stress-shape:* shape IRIs with blank-node shapes or approved SHACL shape identifiers; retain the existing owner-specific relationship paths and conditional passenger-ship logic.,/Users/sadisfaction570/Desktop/Journal 1/NLTL_v2/MVP/SHACL_GENERATION_PIPELINE/outputs/vocabulary_stress_r3/runs/RUN-IMO-070-20260814T103208907757Z,NOT_REQUIRED,,,
IMO-071,1,RUN-IMO-071-20260814T103252682759Z,MAX_ATTEMPTS_REACHED,False,MODEL_LOGIC_OR_SHACL_ERROR_NO_GAP_SIGNAL,The failure did not establish absence from R3; treat it as model/SHACL behavior unless manual evidence proves otherwise.,False,0,False,,2,9505,933,9571.844000000001,"Repair the Turtle syntax by closing the sh:or RDF list with ')'. Then encode the conditional using the canonical datatype property nltl:immersionSuitType (xsd:string) with sh:hasValue ""insulated"" when nltl:immersionSuitRequired is true; do not substitute the separate object-property classification model for the required comparison term.",/Users/sadisfaction570/Desktop/Journal 1/NLTL_v2/MVP/SHACL_GENERATION_PIPELINE/outputs/vocabulary_stress_r3/runs/RUN-IMO-071-20260814T103252682759Z,NOT_REQUIRED,,,
IMO-072,1,RUN-IMO-072-20260814T103312848167Z,MAX_ATTEMPTS_REACHED,False,MODEL_LOGIC_OR_SHACL_ERROR_NO_GAP_SIGNAL,The failure did not establish absence from R3; treat it as model/SHACL behavior unless manual evidence proves otherwise.,False,0,False,,2,13853,3235,33854.729999999996,Replace the unapproved ss: named shape IRIs with permitted anonymous SHACL shapes or approved shape identifiers. Remove the unrelated ship-level continuousUseSuitabilityStatus constraint: suitability must be required only on each assigned searchlight via searchlightContinuousUseSuitabilityStatus=true; retain the conditional ship applicability and per-lifeboat assignment traversal.,/Users/sadisfaction570/Desktop/Journal 1/NLTL_v2/MVP/SHACL_GENERATION_PIPELINE/outputs/vocabulary_stress_r3/runs/RUN-IMO-072-20260814T103312848167Z,NOT_REQUIRED,,,
IMO-073,1,RUN-IMO-073-20260814T103357403366Z,MAX_ATTEMPTS_REACHED,False,MODEL_LOGIC_OR_SHACL_ERROR_NO_GAP_SIGNAL,The failure did not establish absence from R3; treat it as model/SHACL behavior unless manual evidence proves otherwise.,False,0,False,,2,13065,1558,16377.316,Replace the invented nltl:IMO073_ShipShape and nltl:IMO073_LifeboatShape identifiers with blank nodes or shape IRIs outside the locked canonical vocabulary namespace. Remove sh:minCount 1 from lifeboatTypeClassification: this is a universal prohibition/enumeration rule and does not independently require every lifeboat to have a reported classification. Retain the allowed-value sh:in constraint for classifications that are present.,/Users/sadisfaction570/Desktop/Journal 1/NLTL_v2/MVP/SHACL_GENERATION_PIPELINE/outputs/vocabulary_stress_r3/runs/RUN-IMO-073-20260814T103357403366Z,NOT_REQUIRED,,,
IMO-074,1,RUN-IMO-074-20260814T103424732106Z,MAX_ATTEMPTS_REACHED,False,MODEL_LOGIC_OR_SHACL_ERROR_NO_GAP_SIGNAL,The failure did not establish absence from R3; treat it as model/SHACL behavior unless manual evidence proves otherwise.,False,0,False,,2,12626,2513,39904.2,"Replace the unapproved generated shape IRI with an approved shape identifier (or use a blank-node NodeShape). Remove sh:minCount 1 on abandonmentOntoIceOrLandPotential: the verified requirement is conditional and does not independently require existence of the assessment value; retain the conditional true-selector branches so that, when true is asserted, group equipment=true or approval status=approved is required.",/Users/sadisfaction570/Desktop/Journal 1/NLTL_v2/MVP/SHACL_GENERATION_PIPELINE/outputs/vocabulary_stress_r3/runs/RUN-IMO-074-20260814T103424732106Z,NOT_REQUIRED,,,
IMO-075,1,RUN-IMO-075-20260814T103515328315Z,MAX_ATTEMPTS_REACHED,False,MODEL_LOGIC_OR_SHACL_ERROR_NO_GAP_SIGNAL,The failure did not establish absence from R3; treat it as model/SHACL behavior unless manual evidence proves otherwise.,False,0,False,,2,11098,2231,24842.465,Replace the unapproved generated shape IRI urn:nltl:stress-shape:IMO_075_SurvivalEquipmentShape with an approved non-external shape identifier so deterministic vocabulary validation is valid; no canonical-term lookup is required.,/Users/sadisfaction570/Desktop/Journal 1/NLTL_v2/MVP/SHACL_GENERATION_PIPELINE/outputs/vocabulary_stress_r3/runs/RUN-IMO-075-20260814T103515328315Z,NOT_REQUIRED,,,
IMO-077,1,RUN-IMO-077-20260814T103550871105Z,MAX_ATTEMPTS_REACHED,False,MODEL_LOGIC_OR_SHACL_ERROR_NO_GAP_SIGNAL,The failure did not establish absence from R3; treat it as model/SHACL behavior unless manual evidence proves otherwise.,False,0,False,,2,13106,2380,30119.247000000003,"Replace the unapproved urn:nltl:stress-shape:IMO_077_Shape identifier with an approved shape identifier or a blank-node NodeShape. Model nltl:survivalCraftAvailableCapacity as its canonical direct xsd:integer value on the ship, not as a qudt:QuantityValue with KiloGM; update the true-branch presence constraint and SPARQL comparison to bind the integer directly as ?available >= (?persons + ?additional). Retain QUDT mass-value handling only for launchingApplianceCapacity and loadedSurvivalCraftRequirement.",/Users/sadisfaction570/Desktop/Journal 1/NLTL_v2/MVP/SHACL_GENERATION_PIPELINE/outputs/vocabulary_stress_r3/runs/RUN-IMO-077-20260814T103550871105Z,NOT_REQUIRED,,,
IMO-078,1,RUN-IMO-078-20260814T103631758973Z,MAX_ATTEMPTS_REACHED,False,MODEL_LOGIC_OR_SHACL_ERROR_NO_GAP_SIGNAL,The failure did not establish absence from R3; treat it as model/SHACL behavior unless manual evidence proves otherwise.,False,0,False,,2,14439,762,9982.139,"Replace the unapproved urn:nltl:stress-shape:* identifiers with approved SHACL shape identifiers or blank nodes; the substantive ship-to-passenger and ship-to-crew-member paths, owner-specific boolean completion constraints, and true values otherwise encode the complete per-linked-item comparison model.",/Users/sadisfaction570/Desktop/Journal 1/NLTL_v2/MVP/SHACL_GENERATION_PIPELINE/outputs/vocabulary_stress_r3/runs/RUN-IMO-078-20260814T103631758973Z,NOT_REQUIRED,,,
IMO-079,1,RUN-IMO-079-20260814T103652418525Z,MAX_ATTEMPTS_REACHED,False,MODEL_LOGIC_OR_SHACL_ERROR_NO_GAP_SIGNAL,The failure did not establish absence from R3; treat it as model/SHACL behavior unless manual evidence proves otherwise.,False,0,False,,2,10472,1347,13890.739,"Replace the unapproved generated shape IRI <urn:nltl:stress-shape:IMO-079> with an approved SHACL shape identifier from the permitted namespace; all required formula operands, comparison direction, target owner, decimal quantity values, and DAY units are otherwise encoded correctly.",/Users/sadisfaction570/Desktop/Journal 1/NLTL_v2/MVP/SHACL_GENERATION_PIPELINE/outputs/vocabulary_stress_r3/runs/RUN-IMO-079-20260814T103652418525Z,NOT_REQUIRED,,,
IMO-081,1,RUN-IMO-081-20260814T103716981690Z,MAX_ATTEMPTS_REACHED,False,MODEL_LOGIC_OR_SHACL_ERROR_NO_GAP_SIGNAL,The failure did not establish absence from R3; treat it as model/SHACL behavior unless manual evidence proves otherwise.,False,0,False,,2,13195,2088,24715.811999999998,Replace the unapproved generated shape IRI urn:nltl:stress-shape:IMO_081_Shape with an approved shape identifier or a blank-node NodeShape. The conditional applicability and equipment alternatives otherwise correctly target ship and encode the stated thresholds.,/Users/sadisfaction570/Desktop/Journal 1/NLTL_v2/MVP/SHACL_GENERATION_PIPELINE/outputs/vocabulary_stress_r3/runs/RUN-IMO-081-20260814T103716981690Z,NOT_REQUIRED,,,
IMO-082,1,RUN-IMO-082-20260814T103752423207Z,MAX_ATTEMPTS_REACHED,False,MODEL_LOGIC_OR_SHACL_ERROR_NO_GAP_SIGNAL,The failure did not establish absence from R3; treat it as model/SHACL behavior unless manual evidence proves otherwise.,False,0,False,,2,13137,2554,29460.768,"Replace the invented nltl:IMO_082_Shape IRI with a blank node or a non-vocabulary shape IRI, and repair the invalid SPARQL expression (use !() rather than FILTER NOT (...)). Constrain bridgeConfigurationType to the canonical bridgeConfigurationValue range/class as well as IRI, retain required branch-selection evidence, and ensure the conditional query rejects absent, non-boolean, false, or conflicting clearViewAsternStatus values whenever asternViewRequiredBridgeConfiguration is selected.",/Users/sadisfaction570/Desktop/Journal 1/NLTL_v2/MVP/SHACL_GENERATION_PIPELINE/outputs/vocabulary_stress_r3/runs/RUN-IMO-082-20260814T103752423207Z,NOT_REQUIRED,,,
IMO-083,1,RUN-IMO-083-20260814T103833068901Z,MAX_ATTEMPTS_REACHED,False,MODEL_LOGIC_OR_SHACL_ERROR_NO_GAP_SIGNAL,The failure did not establish absence from R3; treat it as model/SHACL behavior unless manual evidence proves otherwise.,False,0,False,,2,9539,2338,28541.906000000003,"Replace the unregistered nltl:IMO_083_Shape IRI with a non-vocabulary shape identifier (or an already approved identifier). Remove sh:minCount 1 from requiredNavigationOrCommunicationAntenna: this is a universal every-antenna rule and does not independently require an antenna to exist. In the iceAccretionLikely=true branch, encode the prevention=true obligation only when required antenna values exist, with an explicit zero-antenna alternative so that an empty antenna inventory is not made noncompliant.",/Users/sadisfaction570/Desktop/Journal 1/NLTL_v2/MVP/SHACL_GENERATION_PIPELINE/outputs/vocabulary_stress_r3/runs/RUN-IMO-083-20260814T103833068901Z,NOT_REQUIRED,,,
IMO-084,1,RUN-IMO-084-20260814T103912480970Z,MAX_ATTEMPTS_REACHED,False,MODEL_LOGIC_OR_SHACL_ERROR_NO_GAP_SIGNAL,The failure did not establish absence from R3; treat it as model/SHACL behavior unless manual evidence proves otherwise.,False,0,False,,2,8943,1718,20477.185999999998,"Remove the unconditional sh:minCount 1 on requiredSensorProjectsBelowHull: the implication does not independently require that selector fact to exist. Retain the true branch requiring sensorIceProtectionPresent true, and replace the unapproved urn:nltl:stress-shape:IMO084Shape identifier with an approved/allowed shape identifier (or an anonymous shape) so deterministic vocabulary validation succeeds.",/Users/sadisfaction570/Desktop/Journal 1/NLTL_v2/MVP/SHACL_GENERATION_PIPELINE/outputs/vocabulary_stress_r3/runs/RUN-IMO-084-20260814T103912480970Z,NOT_REQUIRED,,,
IMO-085,1,RUN-IMO-085-20260814T103943639559Z,MAX_ATTEMPTS_REACHED,False,MODEL_LOGIC_OR_SHACL_ERROR_NO_GAP_SIGNAL,The failure did not establish absence from R3; treat it as model/SHACL behavior unless manual evidence proves otherwise.,False,0,False,,2,14675,2346,27228.77,Replace the unapproved generated shape IRI urn:nltl:stress-shape:IMO_085_Shape with an approved identifier (or use a blank-node shape) so deterministic vocabulary validation is valid; retain the ship target and guarded A/B-on-or-after-2017 alternative logic.,/Users/sadisfaction570/Desktop/Journal 1/NLTL_v2/MVP/SHACL_GENERATION_PIPELINE/outputs/vocabulary_stress_r3/runs/RUN-IMO-085-20260814T103943639559Z,NOT_REQUIRED,,,
IMO-086,1,RUN-IMO-086-20260814T104021621913Z,TERM_RESOLUTION_UNRESOLVED,False,SUSPECTED_GAP_MANUAL_SOURCE_REVIEW,No existing term was resolved. This is only a candidate signal and requires source-based manual inspection.,True,2,False,,3,12952,1145,21920.959000000003,No supplied candidate is semantically verified for the required heading-means inventory and per-means relationship topology.,/Users/sadisfaction570/Desktop/Journal 1/NLTL_v2/MVP/SHACL_GENERATION_PIPELINE/outputs/vocabulary_stress_r3/runs/RUN-IMO-086-20260814T104021621913Z,COMPLETE,GENUINE_SCHEMA_GAP_CONFIRMED,"MSC.385(94).pdf p.27, clause 9.3.2.2.1","The source requires two distinct non-magnetic heading means and requires both to be independent and each connected to main and emergency power. R3 has only an aggregate count/independence flag and generic power predicates, with no non-magnetic-heading-means class or ship-to-means inventory path."
IMO-087,1,RUN-IMO-087-20260814T104055415418Z,MAX_ATTEMPTS_REACHED,False,MODEL_LOGIC_OR_SHACL_ERROR_NO_GAP_SIGNAL,The failure did not establish absence from R3; treat it as model/SHACL behavior unless manual evidence proves otherwise.,False,0,False,,2,10948,2180,22644.193,Replace the unapproved generated shape IRI urn:nltl:stress-shape:IMO087ShipShape with an approved shape identifier/namespace; the deterministic vocabulary validation must be valid before freezing.,/Users/sadisfaction570/Desktop/Journal 1/NLTL_v2/MVP/SHACL_GENERATION_PIPELINE/outputs/vocabulary_stress_r3/runs/RUN-IMO-087-20260814T104055415418Z,NOT_REQUIRED,,,
IMO-088,1,RUN-IMO-088-20260814T104128775508Z,MAX_ATTEMPTS_REACHED,False,MODEL_LOGIC_OR_SHACL_ERROR_NO_GAP_SIGNAL,The failure did not establish absence from R3; treat it as model/SHACL behavior unless manual evidence proves otherwise.,False,0,False,,2,14597,1728,19175.572,"Replace the unapproved generated shape IRI urn:nltl:stress-shape:IMO088Shape with an approved shape identifier. Preserve the false-daylight conditional: the non-exempt branch must require either both count >= 2 and coverage >= 360 DEG, or approved alternative evidence; the current logical structure otherwise encodes this model.",/Users/sadisfaction570/Desktop/Journal 1/NLTL_v2/MVP/SHACL_GENERATION_PIPELINE/outputs/vocabulary_stress_r3/runs/RUN-IMO-088-20260814T104128775508Z,NOT_REQUIRED,,,
IMO-089,1,RUN-IMO-089-20260814T104158660318Z,MAX_ATTEMPTS_REACHED,False,MODEL_LOGIC_OR_SHACL_ERROR_NO_GAP_SIGNAL,The failure did not establish absence from R3; treat it as model/SHACL behavior unless manual evidence proves otherwise.,False,0,False,,2,15057,1486,15743.564,Replace the unapproved generated urn:nltl:stress-shape: shape IRIs with permitted blank-node shapes or approved shape identifiers; no canonical vocabulary lookup is required.,/Users/sadisfaction570/Desktop/Journal 1/NLTL_v2/MVP/SHACL_GENERATION_PIPELINE/outputs/vocabulary_stress_r3/runs/RUN-IMO-089-20260814T104158660318Z,NOT_REQUIRED,,,
IMO-091,1,RUN-IMO-091-20260814T104225121934Z,MAX_ATTEMPTS_REACHED,False,MODEL_LOGIC_OR_SHACL_ERROR_NO_GAP_SIGNAL,The failure did not establish absence from R3; treat it as model/SHACL behavior unless manual evidence proves otherwise.,False,0,False,,2,8884,510,5386.282,"Replace the unapproved generated shape IRI urn:nltl:stress-shape:IMO_091_ShipCommunicationShape with an approved SHACL shape identifier from the permitted vocabulary/IRI policy. The target, three ship-owned boolean paths, true values, and cardinalities otherwise encode the required conjunction.",/Users/sadisfaction570/Desktop/Journal 1/NLTL_v2/MVP/SHACL_GENERATION_PIPELINE/outputs/vocabulary_stress_r3/runs/RUN-IMO-091-20260814T104225121934Z,NOT_REQUIRED,,,
IMO-092,1,RUN-IMO-092-20260814T104241140231Z,MAX_ATTEMPTS_REACHED,False,MODEL_LOGIC_OR_SHACL_ERROR_NO_GAP_SIGNAL,The failure did not establish absence from R3; treat it as model/SHACL behavior unless manual evidence proves otherwise.,False,0,False,,2,7110,354,10201.659,"Replace the unapproved generated urn: shape IRI with an approved shape identifier. The target, owner, boolean datatype, cardinality, and required true value otherwise faithfully encode the requirement.",/Users/sadisfaction570/Desktop/Journal 1/NLTL_v2/MVP/SHACL_GENERATION_PIPELINE/outputs/vocabulary_stress_r3/runs/RUN-IMO-092-20260814T104241140231Z,NOT_REQUIRED,,,
IMO-094,1,RUN-IMO-094-20260814T104301954984Z,MAX_ATTEMPTS_REACHED,False,MODEL_LOGIC_OR_SHACL_ERROR_NO_GAP_SIGNAL,The failure did not establish absence from R3; treat it as model/SHACL behavior unless manual evidence proves otherwise.,False,0,False,,2,9353,1619,18128.443,Repair the Turtle syntax by closing the sh:or RDF list with ')' rather than ']' after the false-escort branch; then re-run deterministic validation.,/Users/sadisfaction570/Desktop/Journal 1/NLTL_v2/MVP/SHACL_GENERATION_PIPELINE/outputs/vocabulary_stress_r3/runs/RUN-IMO-094-20260814T104301954984Z,NOT_REQUIRED,,,
IMO-095,1,RUN-IMO-095-20260814T104330681934Z,MAX_ATTEMPTS_REACHED,False,MODEL_LOGIC_OR_SHACL_ERROR_NO_GAP_SIGNAL,The failure did not establish absence from R3; treat it as model/SHACL behavior unless manual evidence proves otherwise.,False,0,False,,2,9347,2078,25217.141,Remove or replace the unapproved generated shape IRI <urn:nltl:stress-shape:IMO-095-ShipShape> with an approved identifier (or use a blank-node shape); deterministic vocabulary validation must be valid before freezing.,/Users/sadisfaction570/Desktop/Journal 1/NLTL_v2/MVP/SHACL_GENERATION_PIPELINE/outputs/vocabulary_stress_r3/runs/RUN-IMO-095-20260814T104330681934Z,NOT_REQUIRED,,,
IMO-096,1,RUN-IMO-096-20260814T104406580410Z,MAX_ATTEMPTS_REACHED,False,MODEL_LOGIC_OR_SHACL_ERROR_NO_GAP_SIGNAL,The failure did not establish absence from R3; treat it as model/SHACL behavior unless manual evidence proves otherwise.,False,0,False,,2,8047,417,4727.41,Replace the unapproved generated shape IRI urn:nltl:stress-shape:IMO-096 with an approved SHACL shape identifier from the supplied/locked vocabulary context. The two ship-owned boolean capability constraints otherwise correctly encode the required conjunction.,/Users/sadisfaction570/Desktop/Journal 1/NLTL_v2/MVP/SHACL_GENERATION_PIPELINE/outputs/vocabulary_stress_r3/runs/RUN-IMO-096-20260814T104406580410Z,NOT_REQUIRED,,,
IMO-097,1,RUN-IMO-097-20260814T104421958991Z,MAX_ATTEMPTS_REACHED,False,MODEL_LOGIC_OR_SHACL_ERROR_NO_GAP_SIGNAL,The failure did not establish absence from R3; treat it as model/SHACL behavior unless manual evidence proves otherwise.,False,0,False,,2,20807,1883,19805.826,"Use approved shape IRIs rather than the unapproved urn:nltl:stress-shape IRIs. Semantically, constrain only the applicable released rescue boats and lifeboats, not every nltl:hasSurvivalCraft value: add the releasedRescueBoatOrLifeboat=true branch-selection condition on each relevant craft (and ensure missing release evidence cannot pass), while retaining the three per-craft minimum device constraints. Do not impose sh:minCount 1 on the ship's operating-temperature boolean unless independent evidence requires that fact to exist.",/Users/sadisfaction570/Desktop/Journal 1/NLTL_v2/MVP/SHACL_GENERATION_PIPELINE/outputs/vocabulary_stress_r3/runs/RUN-IMO-097-20260814T104421958991Z,NOT_REQUIRED,,,
IMO-098,1,RUN-IMO-098-20260814T104452468351Z,MAX_ATTEMPTS_REACHED,False,MODEL_LOGIC_OR_SHACL_ERROR_NO_GAP_SIGNAL,The failure did not establish absence from R3; treat it as model/SHACL behavior unless manual evidence proves otherwise.,False,0,False,,2,14081,1745,19001.403,Replace the unapproved urn:nltl:stress-shape:* named shape IRIs with blank-node shapes or approved shape identifiers so deterministic vocabulary validation succeeds; retain the existing conditional universal per-craft device constraints.,/Users/sadisfaction570/Desktop/Journal 1/NLTL_v2/MVP/SHACL_GENERATION_PIPELINE/outputs/vocabulary_stress_r3/runs/RUN-IMO-098-20260814T104452468351Z,NOT_REQUIRED,,,
IMO-102,1,RUN-IMO-102-20260814T104522180362Z,MAX_ATTEMPTS_REACHED,False,MODEL_LOGIC_OR_SHACL_ERROR_NO_GAP_SIGNAL,The failure did not establish absence from R3; treat it as model/SHACL behavior unless manual evidence proves otherwise.,False,0,False,,2,30793,3895,46853.351,"Repair the embedded SPARQL so it parses: replace `true^^xsd:boolean` with the SPARQL boolean literal `true` (or `""true""^^xsd:boolean`). Do not mint SHACL shape identifiers in the locked `nltl:` vocabulary namespace; use blank-node shapes or a non-vocabulary shapes namespace for IMO102ShipShape and IMO102CrewMemberShape. Also model the COMPLETE dependency contract explicitly: use `hasCrewMemberInventory` then `hasCrewTrainingRecord` as the declared model path, and require the declared `hasPolarTrainingRecord` evidence relationship rather than accepting either relationship through an unconstrained property-path alternative. Ensure the linked polar-training record has matching requiredTrainingLevel and trainingRecordLevel and an xsd:boolean stcwQualificationValid true for every applicable matrix cell.",/Users/sadisfaction570/Desktop/Journal 1/NLTL_v2/MVP/SHACL_GENERATION_PIPELINE/outputs/vocabulary_stress_r3/runs/RUN-IMO-102-20260814T104522180362Z,NOT_REQUIRED,,,
IMO-104,1,RUN-IMO-104-20260814T104620377613Z,MAX_ATTEMPTS_REACHED,False,MODEL_LOGIC_OR_SHACL_ERROR_NO_GAP_SIGNAL,The failure did not establish absence from R3; treat it as model/SHACL behavior unless manual evidence proves otherwise.,False,0,False,,2,17620,3234,34005.012,"Replace the unapproved gen: shape IRIs with permitted blank-node or approved shape identifiers. Keep the rule ship-targeted and retain the per-duty/per-item NOT EXISTS coverage query, but remove the independent targetClass CrewMember/AssignedDuty/FamiliarizationRecord shapes and their sh:minCount 1 constraints: the universal familiarization rule does not independently require every crew member to have a duty, a record, or every duty to have a relevant item. Ensure the ship-level boolean completed status and the evidence coverage are checked without imposing those unintended existence obligations; include the required hasCrewMember relationship if it is part of the completed contract, rather than silently omitting it.",/Users/sadisfaction570/Desktop/Journal 1/NLTL_v2/MVP/SHACL_GENERATION_PIPELINE/outputs/vocabulary_stress_r3/runs/RUN-IMO-104-20260814T104620377613Z,NOT_REQUIRED,,,
IMO-105,1,RUN-IMO-105-20260814T104705080890Z,MAX_ATTEMPTS_REACHED,False,MODEL_LOGIC_OR_SHACL_ERROR_NO_GAP_SIGNAL,The failure did not establish absence from R3; treat it as model/SHACL behavior unless manual evidence proves otherwise.,False,0,False,,2,8990,2868,32192.283,"Replace the unapproved generated shape IRI urn:nltl:stress-shape:IMO105Shape with an approved shape identifier (or use an anonymous NodeShape). Remove sh:minCount 1 from operatingArea in both sh:or branches: this IF/THEN prohibition does not independently require an operating-area value, and absent applicability evidence must not itself violate the rule. Retain the Arctic branch requirement that a present Arctic_waters value entails discharge=false.",/Users/sadisfaction570/Desktop/Journal 1/NLTL_v2/MVP/SHACL_GENERATION_PIPELINE/outputs/vocabulary_stress_r3/runs/RUN-IMO-105-20260814T104705080890Z,NOT_REQUIRED,,,
IMO-106,1,RUN-IMO-106-20260814T104747948062Z,MAX_ATTEMPTS_REACHED,False,MODEL_LOGIC_OR_SHACL_ERROR_NO_GAP_SIGNAL,The failure did not establish absence from R3; treat it as model/SHACL behavior unless manual evidence proves otherwise.,False,0,False,,2,12034,1705,23437.174,Replace the unapproved generated shape IRI <urn:nltl:stress-shape:IMO-106-ship> with an approved SHACL graph resource identifier; the deterministic validation is otherwise blocked solely by that external IRI.,/Users/sadisfaction570/Desktop/Journal 1/NLTL_v2/MVP/SHACL_GENERATION_PIPELINE/outputs/vocabulary_stress_r3/runs/RUN-IMO-106-20260814T104747948062Z,NOT_REQUIRED,,,
IMO-107,1,RUN-IMO-107-20260814T104822029203Z,MAX_ATTEMPTS_REACHED,False,MODEL_LOGIC_OR_SHACL_ERROR_NO_GAP_SIGNAL,The failure did not establish absence from R3; treat it as model/SHACL behavior unless manual evidence proves otherwise.,False,0,False,,2,10806,1469,16075.902,Remove the unapproved external shape IRI urn:nltl:stress-shape:IMO-107 (use an approved blank-node shape or approved registry IRI). Also remove sh:minCount 1 on shipOperatesInPolarWaters: this conditional rule does not independently require that applicability fact to exist; retain the true branch requiring all three document-coverage indicators and the false/non-applicable branch.,/Users/sadisfaction570/Desktop/Journal 1/NLTL_v2/MVP/SHACL_GENERATION_PIPELINE/outputs/vocabulary_stress_r3/runs/RUN-IMO-107-20260814T104822029203Z,NOT_REQUIRED,,,
IMO-108,1,RUN-IMO-108-20260814T104848796286Z,MAX_ATTEMPTS_REACHED,False,MODEL_LOGIC_OR_SHACL_ERROR_NO_GAP_SIGNAL,The failure did not establish absence from R3; treat it as model/SHACL behavior unless manual evidence proves otherwise.,False,0,False,,2,17246,3878,50043.363,"Replace the unapproved gs: named shape IRIs with blank-node shapes (or otherwise permitted SHACL identifiers). Also remove the unconditional minCount/maxCount requirements for construction date and both capacity properties from the target shape: they wrongly require applicability inputs for Category C ships. Keep each selector required only within the relevant sh:or branch so missing branch-selection inputs cannot satisfy a branch, while the Category C exception requires only its category. Do not impose unsupported singleton cardinalities on the capacity properties.",/Users/sadisfaction570/Desktop/Journal 1/NLTL_v2/MVP/SHACL_GENERATION_PIPELINE/outputs/vocabulary_stress_r3/runs/RUN-IMO-108-20260814T104848796286Z,NOT_REQUIRED,,,
IMO-109,1,RUN-IMO-109-20260814T104949733765Z,MAX_ATTEMPTS_REACHED,False,MODEL_LOGIC_OR_SHACL_ERROR_NO_GAP_SIGNAL,The failure did not establish absence from R3; treat it as model/SHACL behavior unless manual evidence proves otherwise.,False,0,False,,2,16197,3681,39775.116,"Remove or replace the unapproved urn:nltl:stress-shape:IMO-109 shape IRI with an approved/blank shape node. Replace the invented string test STR(?shipType) != ""oil_tanker"" with the supplied canonical oil-tanker classification nltl:oilTanker (for example, exclude ships having rdf:type nltl:oilTanker); do not model that class as an uncontrolled string literal.",/Users/sadisfaction570/Desktop/Journal 1/NLTL_v2/MVP/SHACL_GENERATION_PIPELINE/outputs/vocabulary_stress_r3/runs/RUN-IMO-109-20260814T104949733765Z,NOT_REQUIRED,,,
IMO-111,1,RUN-IMO-111-20260814T105040200003Z,MAX_ATTEMPTS_REACHED,False,MODEL_LOGIC_OR_SHACL_ERROR_NO_GAP_SIGNAL,The failure did not establish absence from R3; treat it as model/SHACL behavior unless manual evidence proves otherwise.,False,0,False,,2,17739,5396,56862.047,"Replace the unapproved urn:nltl:stress-shape:IMO-111 shape IRI with an allowed shape identifier/blank node. Repair the SPARQL implication so it reports only when all antecedent selectors and capacity are present and true (A/B, date >= 2017-01-01, applicable tank type, capacity > 30) and separation is absent or < 0.76; the current OPTIONAL/!BOUND logic incorrectly reports missing date, tank type, or capacity as violations. Remove the unjustified sh:minCount 1 on shipCategory, since this universal conditional rule does not independently require existence. Do not use unverified string literals as tank-type controlled alternatives; encode the supplied canonical oil-residue/oily-bilge alternatives consistently with their canonical vocabulary semantics.",/Users/sadisfaction570/Desktop/Journal 1/NLTL_v2/MVP/SHACL_GENERATION_PIPELINE/outputs/vocabulary_stress_r3/runs/RUN-IMO-111-20260814T105040200003Z,NOT_REQUIRED,,,
IMO-112,1,RUN-IMO-112-20260814T105147788359Z,MAX_ATTEMPTS_REACHED,False,MODEL_LOGIC_OR_SHACL_ERROR_NO_GAP_SIGNAL,The failure did not establish absence from R3; treat it as model/SHACL behavior unless manual evidence proves otherwise.,False,0,False,,2,9223,2455,25807.52,"Replace the unapproved generated shape IRI urn:nltl:stress-shape:IMO_112_ShipShape with an approved shape identifier, and remove sh:minCount 1 on operatingArea: this is a conditional prohibition and must not create an unconditional operating-area existence violation. Retain the ship target and the Arctic_waters => discharge=false SPARQL logic.",/Users/sadisfaction570/Desktop/Journal 1/NLTL_v2/MVP/SHACL_GENERATION_PIPELINE/outputs/vocabulary_stress_r3/runs/RUN-IMO-112-20260814T105147788359Z,NOT_REQUIRED,,,
IMO-113,1,RUN-IMO-113-20260814T105224245848Z,MAX_ATTEMPTS_REACHED,False,MODEL_LOGIC_OR_SHACL_ERROR_NO_GAP_SIGNAL,The failure did not establish absence from R3; treat it as model/SHACL behavior unless manual evidence proves otherwise.,False,0,False,,2,10854,1837,19733.623,"Replace the unapproved generated nltl: shape IRIs with permitted blank-node shapes (including the two sh:or branch shapes) or approved shape identifiers; retain the existing ship target, boolean selector branches, and applicable-branch document coverage constraints.",/Users/sadisfaction570/Desktop/Journal 1/NLTL_v2/MVP/SHACL_GENERATION_PIPELINE/outputs/vocabulary_stress_r3/runs/RUN-IMO-113-20260814T105224245848Z,NOT_REQUIRED,,,
IMO-115,1,RUN-IMO-115-20260814T105254662741Z,MAX_ATTEMPTS_REACHED,False,MODEL_LOGIC_OR_SHACL_ERROR_NO_GAP_SIGNAL,The failure did not establish absence from R3; treat it as model/SHACL behavior unless manual evidence proves otherwise.,False,0,False,,2,14601,3585,36332.413,"Replace the invented nltl:IMO115Shape identifier with a non-canonical shape identifier. Encode both required applicability inputs: retain sewageDischargeType with its declared string datatype but do not make it universally mandatory, and add the supplied ship-owned comminutedAndDisinfected boolean as the conditional selector rather than treating its alias string as the sole applicability test. Remove the unconditional sh:minCount/maxCount on sewageDischargeType. Keep the conditional MARPOL true, strict >3 MI_N distance, nearbyIceConcentration >0.1 UNITLESS, and recorded area-distance requirements, but avoid imposing unverified single-value/single-unit exclusivity constraints.",/Users/sadisfaction570/Desktop/Journal 1/NLTL_v2/MVP/SHACL_GENERATION_PIPELINE/outputs/vocabulary_stress_r3/runs/RUN-IMO-115-20260814T105254662741Z,NOT_REQUIRED,,,
IMO-116,1,RUN-IMO-116-20260814T105341875169Z,TERM_RESOLUTION_UNRESOLVED,False,SUSPECTED_GAP_MANUAL_SOURCE_REVIEW,No existing term was resolved. This is only a candidate signal and requires source-based manual inspection.,True,3,False,,3,16594,2981,32042.586,"Deterministic validation prevents acceptance. Fix: Unapproved external/generated IRI(s): urn:nltl:stress-shape:IMO-116-ShipShape
Semantic validator feedback: Replace the unapproved urn:nltl:stress-shape IRI with an allowed shape identifier. Encode applicability using sewageDischargeType constrained to the canonical controlled value for not-comminuted-or-disinfected (locate that absent controlled value) and consistently require notComminutedOrDisinfected=true; the current boolean-only sh:or makes sewageDischargeType irrelevant and permits an applicable discharge with false to bypass all obligations. Retain the applicable-branch MARPOL=true, strict >12 nmi distance, and ice-concentration/distance recording constraints only after that corrected selection.",/Users/sadisfaction570/Desktop/Journal 1/NLTL_v2/MVP/SHACL_GENERATION_PIPELINE/outputs/vocabulary_stress_r3/runs/RUN-IMO-116-20260814T105341875169Z,COMPLETE,FALSE_POSITIVE_NO_R3_GAP,"MSC.385(94).pdf p.42, clause 4.2.1.2","R3 already represents applicability with notComminutedOrDisinfected and contains sewageDischargeType, MARPOL compliance, both distance concepts, and ice concentration. A separate controlled value is optional, not necessary for faithful representation."
IMO-118,1,RUN-IMO-118-20260814T105425699824Z,MAX_ATTEMPTS_REACHED,False,MODEL_LOGIC_OR_SHACL_ERROR_NO_GAP_SIGNAL,The failure did not establish absence from R3; treat it as model/SHACL behavior unless manual evidence proves otherwise.,False,0,False,,2,15232,3162,35296.022,"Repair the Turtle syntax by terminating the sh:message statement in the sh:sparql blank node with a semicolon before sh:select. Encode the passenger-ship applicability alternative using the supplied canonical class nltl:passengerShip (for example, $this a nltl:passengerShip), not the invented string literal ""passenger_ship"" on shipType. Do not make every applicability input, discharge fact, and exception-status fact globally sh:minCount 1 unless independently required; scope required evidence so missing non-applicable or irrelevant exception evidence does not itself violate the rule, while ensuring an applicable discharge=true case cannot pass without recorded compliant exception evidence.",/Users/sadisfaction570/Desktop/Journal 1/NLTL_v2/MVP/SHACL_GENERATION_PIPELINE/outputs/vocabulary_stress_r3/runs/RUN-IMO-118-20260814T105425699824Z,NOT_REQUIRED,,,
IMO-120,1,RUN-IMO-120-20260814T105511598784Z,MAX_ATTEMPTS_REACHED,False,MODEL_LOGIC_OR_SHACL_ERROR_NO_GAP_SIGNAL,The failure did not establish absence from R3; treat it as model/SHACL behavior unless manual evidence proves otherwise.,False,0,False,,2,14210,4311,49780.350999999995,"Replace the unapproved urn:nltl:stress-shape:IMO-120 identifier with an approved shape identifier, and fix the SPARQL syntax by wrapping the final datatype test in FILTER(...). Repair the conditional model: include the supplied arcticWaters applicability term as required by the COMPLETE dependency contract, do not impose unconditional sh:minCount 1 selector requirements unless independently required, and encode the required applicable-case evidence without incorrectly making an arbitrary nearbyIceConcentration > 0.1 value a standalone mandatory condition. Retain the inclusive >= 12 nautical-mile nearest-feature comparison and require the distinct distanceFromAreaWithIceConcentrationAboveOneTenth record with its declared MI_N unit and decimal value.",/Users/sadisfaction570/Desktop/Journal 1/NLTL_v2/MVP/SHACL_GENERATION_PIPELINE/outputs/vocabulary_stress_r3/runs/RUN-IMO-120-20260814T105511598784Z,NOT_REQUIRED,,,
IMO-121,1,RUN-IMO-121-20260814T105612046377Z,MAX_ATTEMPTS_REACHED,False,MODEL_LOGIC_OR_SHACL_ERROR_NO_GAP_SIGNAL,The failure did not establish absence from R3; treat it as model/SHACL behavior unless manual evidence proves otherwise.,False,0,False,,2,10539,1606,16986.333,"Repair the Turtle syntax by closing the second sh:or branch with its blank-node bracket before closing the RDF list (currently the parser encounters ')' where ']' is required). Then re-run deterministic validation; the intended ship-targeted conditional branches, canonical paths, boolean values, <=25 decimal bound, and MilliM quantity unit otherwise align with the supplied requirement.",/Users/sadisfaction570/Desktop/Journal 1/NLTL_v2/MVP/SHACL_GENERATION_PIPELINE/outputs/vocabulary_stress_r3/runs/RUN-IMO-121-20260814T105612046377Z,NOT_REQUIRED,,,
IMO-122,1,RUN-IMO-122-20260814T105639643931Z,MAX_ATTEMPTS_REACHED,False,MODEL_LOGIC_OR_SHACL_ERROR_NO_GAP_SIGNAL,The failure did not establish absence from R3; treat it as model/SHACL behavior unless manual evidence proves otherwise.,False,0,False,,2,8011,505,11471.178,"Replace the unapproved generated shape IRI urn:nltl:stress-shape:IMO_122_Shape with an approved SHACL shape identifier from the locked vocabulary/allowed namespace. The ship target, property ownership, boolean datatypes, cardinalities, and false prohibition constraints otherwise encode the verified conjunction.",/Users/sadisfaction570/Desktop/Journal 1/NLTL_v2/MVP/SHACL_GENERATION_PIPELINE/outputs/vocabulary_stress_r3/runs/RUN-IMO-122-20260814T105639643931Z,NOT_REQUIRED,,,
IMO-124,1,RUN-IMO-124-20260814T105701736387Z,MAX_ATTEMPTS_REACHED,False,MODEL_LOGIC_OR_SHACL_ERROR_NO_GAP_SIGNAL,The failure did not establish absence from R3; treat it as model/SHACL behavior unless manual evidence proves otherwise.,False,0,False,,2,15743,3949,40260.817,"Replace the inverted sh:or logic: the second branch currently reports violations for non-applicable cases while allowing applicable cases with failed consequences to pass. Require the declared applicability selectors as evidence, and add a violation only when operatingArea/antarcticArea select Antarctic_area and the MARPOL discharge is true but any required consequence fails. In that applicable branch enforce distanceToNearestFastIce >= 12 nmi, recorded distanceFromAreaWithIceConcentrationAboveOneTenth, the >0.1 unitless nearbyIceConcentration operand, and foodWasteDischargeOntoIce=false; do not make these consequences an alternative that non-applicable ships must satisfy. Also replace the unapproved generated node-shape IRI with an approved shape identifier.",/Users/sadisfaction570/Desktop/Journal 1/NLTL_v2/MVP/SHACL_GENERATION_PIPELINE/outputs/vocabulary_stress_r3/runs/RUN-IMO-124-20260814T105701736387Z,NOT_REQUIRED,,,
IMO-125,1,RUN-IMO-125-20260814T105752855675Z,MAX_ATTEMPTS_REACHED,False,MODEL_LOGIC_OR_SHACL_ERROR_NO_GAP_SIGNAL,The failure did not establish absence from R3; treat it as model/SHACL behavior unless manual evidence proves otherwise.,False,0,False,,2,10778,2365,27496.987,Replace the unapproved generated shape IRI <urn:nltl:stress-shape:IMO-125> with an approved in-scope identifier or a blank-node NodeShape; all constraint terms are supplied and no vocabulary lookup is needed.,/Users/sadisfaction570/Desktop/Journal 1/NLTL_v2/MVP/SHACL_GENERATION_PIPELINE/outputs/vocabulary_stress_r3/runs/RUN-IMO-125-20260814T105752855675Z,NOT_REQUIRED,,,
IMO26-001,1,RUN-IMO26-001-20260814T105831040892Z,MAX_ATTEMPTS_REACHED,False,MODEL_LOGIC_OR_SHACL_ERROR_NO_GAP_SIGNAL,The failure did not establish absence from R3; treat it as model/SHACL behavior unless manual evidence proves otherwise.,False,0,False,,2,7996,995,16733.417,Replace the unapproved generated shape IRI urn:nltl:stress-shape:IMO26-001 with an approved shape identifier (or use a blank node); no semantic vocabulary change is required.,/Users/sadisfaction570/Desktop/Journal 1/NLTL_v2/MVP/SHACL_GENERATION_PIPELINE/outputs/vocabulary_stress_r3/runs/RUN-IMO26-001-20260814T105831040892Z,NOT_REQUIRED,,,
IMO26-002,1,RUN-IMO26-002-20260814T105858437897Z,MAX_ATTEMPTS_REACHED,False,MODEL_LOGIC_OR_SHACL_ERROR_NO_GAP_SIGNAL,The failure did not establish absence from R3; treat it as model/SHACL behavior unless manual evidence proves otherwise.,False,0,False,,2,14404,2640,24946.325,Replace the unapproved generated shape IRI urn:nltl:stress-shape:IMO26_002_Chapter_9_1_ApplicabilityShape with an approved shape identifier (or an allowed blank-node shape) so deterministic vocabulary validation is valid; no canonical-term lookup is required.,/Users/sadisfaction570/Desktop/Journal 1/NLTL_v2/MVP/SHACL_GENERATION_PIPELINE/outputs/vocabulary_stress_r3/runs/RUN-IMO26-002-20260814T105858437897Z,NOT_REQUIRED,,,
IMO26-005,1,RUN-IMO26-005-20260814T105934139559Z,MAX_ATTEMPTS_REACHED,False,MODEL_LOGIC_OR_SHACL_ERROR_NO_GAP_SIGNAL,The failure did not establish absence from R3; treat it as model/SHACL behavior unless manual evidence proves otherwise.,False,0,False,,2,11867,1463,18436.686999999998,"Remove or replace the unapproved external shape IRI `urn:nltl:stress-shape:IMO26-005-ShipShape` (for example, use an anonymous node shape); all SHACL identifiers must satisfy the locked vocabulary policy.",/Users/sadisfaction570/Desktop/Journal 1/NLTL_v2/MVP/SHACL_GENERATION_PIPELINE/outputs/vocabulary_stress_r3/runs/RUN-IMO26-005-20260814T105934139559Z,NOT_REQUIRED,,,
IMO26-009,1,RUN-IMO26-009-20260814T110003210744Z,MAX_ATTEMPTS_REACHED,False,MODEL_LOGIC_OR_SHACL_ERROR_NO_GAP_SIGNAL,The failure did not establish absence from R3; treat it as model/SHACL behavior unless manual evidence proves otherwise.,False,0,False,,2,12569,1147,14400.875,Replace the unapproved generated shape IRI <urn:nltl:stress-shape:IMO26-009-ShipShape> with an approved shape identifier/IRI accepted by the locked vocabulary policy. The conditional ship-to-required-antenna constraint is otherwise structurally aligned.,/Users/sadisfaction570/Desktop/Journal 1/NLTL_v2/MVP/SHACL_GENERATION_PIPELINE/outputs/vocabulary_stress_r3/runs/RUN-IMO26-009-20260814T110003210744Z,NOT_REQUIRED,,,
IMO26-010,1,RUN-IMO26-010-20260814T110028305034Z,MAX_ATTEMPTS_REACHED,False,MODEL_LOGIC_OR_SHACL_ERROR_NO_GAP_SIGNAL,The failure did not establish absence from R3; treat it as model/SHACL behavior unless manual evidence proves otherwise.,False,0,False,,2,8959,916,12775.027,"Replace the unapproved generated shape IRI urn:nltl:stress-shape:IMO26-010 with an approved identifier. The conditional SHACL logic, target owner, paths, boolean datatypes, and required true consequence otherwise faithfully encode the verified implication.",/Users/sadisfaction570/Desktop/Journal 1/NLTL_v2/MVP/SHACL_GENERATION_PIPELINE/outputs/vocabulary_stress_r3/runs/RUN-IMO26-010-20260814T110028305034Z,NOT_REQUIRED,,,
IMO26-012,1,RUN-IMO26-012-20260814T110051754251Z,MAX_ATTEMPTS_REACHED,False,MODEL_LOGIC_OR_SHACL_ERROR_NO_GAP_SIGNAL,The failure did not establish absence from R3; treat it as model/SHACL behavior unless manual evidence proves otherwise.,False,0,False,,2,13709,2085,23871.881,"Remove sh:datatype qudt:QuantityValue from the nltl:grossTonnage property shape (it is a node-valued QuantityValue, already correctly constrained with sh:node/sh:class), and replace the unapproved urn:nltl:stress-shape:IMO26_012_Shape identifier with an approved non-generated shape identifier.",/Users/sadisfaction570/Desktop/Journal 1/NLTL_v2/MVP/SHACL_GENERATION_PIPELINE/outputs/vocabulary_stress_r3/runs/RUN-IMO26-012-20260814T110051754251Z,NOT_REQUIRED,,,
IMO26-013,1,RUN-IMO26-013-20260814T110126351920Z,MAX_ATTEMPTS_REACHED,False,MODEL_LOGIC_OR_SHACL_ERROR_NO_GAP_SIGNAL,The failure did not establish absence from R3; treat it as model/SHACL behavior unless manual evidence proves otherwise.,False,0,False,,2,10808,1211,12990.259999999998,"Use an approved shape IRI (the urn:nltl:stress-shape IRI is unapproved). Repair the conditional constraint so each power-connection requirement is evaluated as a true relationship/value condition, not mere triple presence: require connectedToMainPower and connectedToEmergencyPower to be true/valid connections for the GNSS compass or equivalent represented by the count. The current ship-level presence checks can pass with unrelated connections and do not encode the required connection semantics.",/Users/sadisfaction570/Desktop/Journal 1/NLTL_v2/MVP/SHACL_GENERATION_PIPELINE/outputs/vocabulary_stress_r3/runs/RUN-IMO26-013-20260814T110126351920Z,NOT_REQUIRED,,,
IMO26-014,1,RUN-IMO26-014-20260814T110149999382Z,MAX_ATTEMPTS_REACHED,False,MODEL_LOGIC_OR_SHACL_ERROR_NO_GAP_SIGNAL,The failure did not establish absence from R3; treat it as model/SHACL behavior unless manual evidence proves otherwise.,False,0,False,,2,7840,921,12042.809000000001,"Repair the Turtle syntax by closing the sh:or RDF list with ')' before the final '.', then retain the ship target and conditional logic: daylight=true permits the exception; daylight=false requires visualIceDetectionIlluminationMeansCount as xsd:integer with minInclusive 2. The canonical terms and owners are already supplied, so no vocabulary matcher is needed.",/Users/sadisfaction570/Desktop/Journal 1/NLTL_v2/MVP/SHACL_GENERATION_PIPELINE/outputs/vocabulary_stress_r3/runs/RUN-IMO26-014-20260814T110149999382Z,NOT_REQUIRED,,,
IMO26-015,1,RUN-IMO26-015-20260814T110212639025Z,MAX_ATTEMPTS_REACHED,False,MODEL_LOGIC_OR_SHACL_ERROR_NO_GAP_SIGNAL,The failure did not establish absence from R3; treat it as model/SHACL behavior unless manual evidence proves otherwise.,False,0,False,,2,7992,1003,12002.011999999999,Replace the unapproved generated shape IRI <urn:nltl:stress-shape:IMO26-015-ship> with an approved shape identifier or an anonymous node. The applicability implication itself is correctly directed: polarCodeChapter11Applicable=true must require solasChapterICertified=true on the same ship.,/Users/sadisfaction570/Desktop/Journal 1/NLTL_v2/MVP/SHACL_GENERATION_PIPELINE/outputs/vocabulary_stress_r3/runs/RUN-IMO26-015-20260814T110212639025Z,NOT_REQUIRED,,,
IMO26-016,1,RUN-IMO26-016-20260814T110235267236Z,MAX_ATTEMPTS_REACHED,False,MODEL_LOGIC_OR_SHACL_ERROR_NO_GAP_SIGNAL,The failure did not establish absence from R3; treat it as model/SHACL behavior unless manual evidence proves otherwise.,False,0,False,,2,14648,2597,25242.848,"Fix the Turtle syntax by closing the sh:or RDF list with ')' before the final '.', then recast the logic as an implication: pass when NOT (operatesInPolarWaters=true AND any of the three qualifying type/threshold predicates holds) OR require polarCodeChapter11Dash1Applicable=true. The current sh:or wrongly rejects polar-water ships outside all three listed categories, although the requirement imposes no chapter-11-1 applicability conclusion for them.",/Users/sadisfaction570/Desktop/Journal 1/NLTL_v2/MVP/SHACL_GENERATION_PIPELINE/outputs/vocabulary_stress_r3/runs/RUN-IMO26-016-20260814T110235267236Z,NOT_REQUIRED,,,
