Concept_ID,Proposed_Local_Name,Preferred_Label,Naming_Basis,Naming_Authority,Naming_Rule,Origin_Evidence,Source_Labels_Aliases,Name_QA_Status,Confidence,Defensibility,Requirement_IDs
VOC-0001,abandonmentEnvironment,Abandonment environment,Locked-workbook normalized regulatory term,LOCK-2026-08-11-R2 plus linked regulation evidence,N4 - preserve the source concept; normalize spelling to ASCII lowerCamelCase,Locked workbook canonical variable,abandonment_environment,Passed - transparent source normalization,Medium,Locked-workbook normalized regulatory term. The proposed name is traceable to LOCK-2026-08-11-R2 plus linked regulation evidence; aliases preserve the original notation.,IMO-065
VOC-0002,abandonmentOntoIceOrLandPotential,Abandonment onto ice or land potential,Locked-workbook normalized regulatory term,LOCK-2026-08-11-R2 plus linked regulation evidence,N4 - preserve the source concept; normalize spelling to ASCII lowerCamelCase,Descriptive formula token in locked requirement; Locked workbook canonical variable,abandonment_onto_ice_or_land_potential,Passed - transparent source normalization,Medium,Locked-workbook normalized regulatory term. The proposed name is traceable to LOCK-2026-08-11-R2 plus linked regulation evidence; aliases preserve the original notation.,IMO-074
VOC-0003,accessibleStatus,Accessible status,Locked-workbook normalized regulatory term,LOCK-2026-08-11-R2 plus linked regulation evidence,N4 - preserve the source concept; normalize spelling to ASCII lowerCamelCase,Descriptive formula token in locked requirement; Locked workbook canonical variable,accessible_status,Passed - transparent source normalization,Medium,Locked-workbook normalized regulatory term. The proposed name is traceable to LOCK-2026-08-11-R2 plus linked regulation evidence; aliases preserve the original notation.,IMO-062
VOC-0004,accessRequiredAtSea,Access required at sea,Locked-workbook normalized regulatory term,LOCK-2026-08-11-R2 plus linked regulation evidence,N4 - preserve the source concept; normalize spelling to ASCII lowerCamelCase,Descriptive formula token in locked requirement; Locked workbook canonical variable,access_required_at_sea,Passed - transparent source normalization,Medium,Locked-workbook normalized regulatory term. The proposed name is traceable to LOCK-2026-08-11-R2 plus linked regulation evidence; aliases preserve the original notation.,IMO-042
VOC-0005,accommodationSpacePresent,Accommodation space present,Locked-workbook normalized regulatory term,LOCK-2026-08-11-R2 plus linked regulation evidence,N4 - preserve the source concept; normalize spelling to ASCII lowerCamelCase,Locked workbook canonical variable,accommodation_space_present,Passed - transparent source normalization,Medium,Locked-workbook normalized regulatory term. The proposed name is traceable to LOCK-2026-08-11-R2 plus linked regulation evidence; aliases preserve the original notation.,IMO-065
VOC-0006,actualFrameShearArea,Actual frame shear area,Benchmark-coined descriptive engineering term,Meaning decomposed from the linked verified regulatory clause,"N5 - component or subject first, followed by characteristic and qualifier/state; no unsupported external mapping",Descriptive formula token in locked requirement,actual_frame_shear_area,Passed - clause-anchored benchmark coinage,Medium,Benchmark-coined descriptive engineering term. The proposed name is traceable to Meaning decomposed from the linked verified regulatory clause; aliases preserve the original notation.,TRF-048
VOC-0007,actualShearArea,Actual shear area,Benchmark-coined descriptive engineering term,Meaning decomposed from the linked verified regulatory clause,"N5 - component or subject first, followed by characteristic and qualifier/state; no unsupported external mapping",Descriptive formula token in locked requirement,A_a_cm2,Passed - clause-anchored benchmark coinage,Medium,Benchmark-coined descriptive engineering term. The proposed name is traceable to Meaning decomposed from the linked verified regulatory clause; aliases preserve the original notation.,TRF-060
VOC-0008,addedLifeSavingDeviceRequiresPower,Added life saving device requires power,Locked-workbook normalized regulatory term,LOCK-2026-08-11-R2 plus linked regulation evidence,N4 - preserve the source concept; normalize spelling to ASCII lowerCamelCase,Descriptive formula token in locked requirement; Locked workbook canonical variable,added_life_saving_device_requires_power,Passed - transparent source normalization,Medium,Locked-workbook normalized regulatory term. The proposed name is traceable to LOCK-2026-08-11-R2 plus linked regulation evidence; aliases preserve the original notation.,IMO-069
VOC-0009,additionalEquipmentCapacityRequirement,Additional equipment capacity requirement,Locked-workbook normalized regulatory term,LOCK-2026-08-11-R2 plus linked regulation evidence,N4 - preserve the source concept; normalize spelling to ASCII lowerCamelCase,Descriptive formula token in locked requirement; Locked workbook canonical variable,additional_equipment_capacity_requirement,Passed - transparent source normalization,Medium,Locked-workbook normalized regulatory term. The proposed name is traceable to LOCK-2026-08-11-R2 plus linked regulation evidence; aliases preserve the original notation.,IMO-077
VOC-0010,additionalEquipmentCarriedInSurvivalCraft,Additional equipment carried in survival craft,Locked-workbook normalized regulatory term,LOCK-2026-08-11-R2 plus linked regulation evidence,N4 - preserve the source concept; normalize spelling to ASCII lowerCamelCase,Descriptive formula token in locked requirement; Locked workbook canonical variable,additional_equipment_carried_in_survival_craft,Passed - transparent source normalization,Medium,Locked-workbook normalized regulatory term. The proposed name is traceable to LOCK-2026-08-11-R2 plus linked regulation evidence; aliases preserve the original notation.,IMO-077
VOC-0011,adequateReceptionFacilitiesAvailable,Adequate reception facilities available,Locked-workbook normalized regulatory term,LOCK-2026-08-11-R2 plus linked regulation evidence,N4 - preserve the source concept; normalize spelling to ASCII lowerCamelCase,Descriptive formula token in locked requirement; Locked workbook canonical variable,adequate_reception_facilities_available,Passed - transparent source normalization,Medium,Locked-workbook normalized regulatory term. The proposed name is traceable to LOCK-2026-08-11-R2 plus linked regulation evidence; aliases preserve the original notation.,IMO-123
VOC-0012,administrationAcceptanceStatus,Administration acceptance status,Locked-workbook normalized regulatory term,LOCK-2026-08-11-R2 plus linked regulation evidence,N4 - preserve the source concept; normalize spelling to ASCII lowerCamelCase,Descriptive formula token in locked requirement; Locked workbook canonical variable,administration_acceptance_status,Passed - transparent source normalization,Medium,Locked-workbook normalized regulatory term. The proposed name is traceable to LOCK-2026-08-11-R2 plus linked regulation evidence; aliases preserve the original notation.,IMO-018
VOC-0013,administrationApprovedEquivalentBridgeWingProtectionPresent,Administration approved equivalent bridge wing protection present,Locked-workbook normalized regulatory term,LOCK-2026-08-11-R2 plus linked regulation evidence,N4 - preserve the source concept; normalize spelling to ASCII lowerCamelCase,Descriptive formula token in locked requirement; Locked workbook canonical variable,administration_approved_equivalent_bridge_wing_protection_present,Passed - transparent source normalization,Medium,Locked-workbook normalized regulatory term. The proposed name is traceable to LOCK-2026-08-11-R2 plus linked regulation evidence; aliases preserve the original notation.,IMO26-011
VOC-0014,administrationApprovedEquivalentDepthSoundingDevicePresent,Administration approved equivalent depth sounding device present,Locked-workbook normalized regulatory term,LOCK-2026-08-11-R2 plus linked regulation evidence,N4 - preserve the source concept; normalize spelling to ASCII lowerCamelCase,Descriptive formula token in locked requirement; Locked workbook canonical variable,administration_approved_equivalent_depth_sounding_device_present,Passed - transparent source normalization,Medium,Locked-workbook normalized regulatory term. The proposed name is traceable to LOCK-2026-08-11-R2 plus linked regulation evidence; aliases preserve the original notation.,IMO26-007
VOC-0015,administrationApprovedEquivalentVisibilityArrangementPresent,Administration approved equivalent visibility arrangement present,Locked-workbook normalized regulatory term,LOCK-2026-08-11-R2 plus linked regulation evidence,N4 - preserve the source concept; normalize spelling to ASCII lowerCamelCase,Descriptive formula token in locked requirement; Locked workbook canonical variable,administration_approved_equivalent_visibility_arrangement_present,Passed - transparent source normalization,Medium,Locked-workbook normalized regulatory term. The proposed name is traceable to LOCK-2026-08-11-R2 plus linked regulation evidence; aliases preserve the original notation.,IMO26-008
VOC-0016,administrationCarriageApprovalStatus,Administration carriage approval status,Locked-workbook normalized regulatory term,LOCK-2026-08-11-R2 plus linked regulation evidence,N4 - preserve the source concept; normalize spelling to ASCII lowerCamelCase,Descriptive formula token in locked requirement; Locked workbook canonical variable,administration_carriage_approval_status,Passed - transparent source normalization,Medium,Locked-workbook normalized regulatory term. The proposed name is traceable to LOCK-2026-08-11-R2 plus linked regulation evidence; aliases preserve the original notation.,IMO-114
VOC-0017,administrationDatasetApprovalStatus,Administration dataset approval status,Locked-workbook normalized regulatory term,LOCK-2026-08-11-R2 plus linked regulation evidence,N4 - preserve the source concept; normalize spelling to ASCII lowerCamelCase,Descriptive formula token in locked requirement; Locked workbook canonical variable,administration_dataset_approval_status,Passed - transparent source normalization,Medium,Locked-workbook normalized regulatory term. The proposed name is traceable to LOCK-2026-08-11-R2 plus linked regulation evidence; aliases preserve the original notation.,IMO-011
VOC-0018,administrationDischargeApprovalStatus,Administration discharge approval status,Locked-workbook normalized regulatory term,LOCK-2026-08-11-R2 plus linked regulation evidence,N4 - preserve the source concept; normalize spelling to ASCII lowerCamelCase,Descriptive formula token in locked requirement; Locked workbook canonical variable,administration_discharge_approval_status,Passed - transparent source normalization,Medium,Locked-workbook normalized regulatory term. The proposed name is traceable to LOCK-2026-08-11-R2 plus linked regulation evidence; aliases preserve the original notation.,IMO-119
VOC-0019,administrationPermissionStatus,Administration permission status,Locked-workbook normalized regulatory term,LOCK-2026-08-11-R2 plus linked regulation evidence,N4 - preserve the source concept; normalize spelling to ASCII lowerCamelCase,Descriptive formula token in locked requirement; Locked workbook canonical variable,administration_permission_status,Passed - transparent source normalization,Medium,Locked-workbook normalized regulatory term. The proposed name is traceable to LOCK-2026-08-11-R2 plus linked regulation evidence; aliases preserve the original notation.,IMO-103
VOC-0020,administrationRequiredIceRemovalMeans,Administration required ice removal means,Locked-workbook normalized regulatory term,LOCK-2026-08-11-R2 plus linked regulation evidence,N4 - preserve the source concept; normalize spelling to ASCII lowerCamelCase,Locked workbook canonical variable,administration_required_ice_removal_means,Passed - transparent source normalization,Medium,Locked-workbook normalized regulatory term. The proposed name is traceable to LOCK-2026-08-11-R2 plus linked regulation evidence; aliases preserve the original notation.,IMO-034
VOC-0021,advancedPolarTrainingStatus,Advanced polar training status,Locked-workbook normalized regulatory term,LOCK-2026-08-11-R2 plus linked regulation evidence,N4 - preserve the source concept; normalize spelling to ASCII lowerCamelCase,Locked workbook canonical variable,advanced_polar_training_status,Passed - transparent source normalization,Medium,Locked-workbook normalized regulatory term. The proposed name is traceable to LOCK-2026-08-11-R2 plus linked regulation evidence; aliases preserve the original notation.,IMO-103
VOC-0022,adverseEnvironmentalCondition,Adverse environmental condition,Locked-workbook normalized regulatory term,LOCK-2026-08-11-R2 plus linked regulation evidence,N4 - preserve the source concept; normalize spelling to ASCII lowerCamelCase,Locked workbook canonical variable,adverse_environmental_condition,Passed - transparent source normalization,Medium,Locked-workbook normalized regulatory term. The proposed name is traceable to LOCK-2026-08-11-R2 plus linked regulation evidence; aliases preserve the original notation.,IMO-063
VOC-0023,aeronauticalFrequencyCapabilityPresent,Aeronautical frequency capability present,Locked-workbook normalized regulatory term,LOCK-2026-08-11-R2 plus linked regulation evidence,N4 - preserve the source concept; normalize spelling to ASCII lowerCamelCase,Descriptive formula token in locked requirement; Locked workbook canonical variable,aeronautical_frequency_capability_present,Passed - transparent source normalization,Medium,Locked-workbook normalized regulatory term. The proposed name is traceable to LOCK-2026-08-11-R2 plus linked regulation evidence; aliases preserve the original notation.,IMO-091
VOC-0024,aftSectionDesignBasis,Aft section design basis,Benchmark-coined descriptive engineering term,Meaning decomposed from the linked verified regulatory clause,"N5 - component or subject first, followed by characteristic and qualifier/state; no unsupported external mapping",Engineering decomposition of verified clause,aftSectionDesignBasis,Passed - clause-anchored benchmark coinage,Medium,Benchmark-coined descriptive engineering term. The proposed name is traceable to Meaning decomposed from the linked verified regulatory clause; aliases preserve the original notation.,I2-006
VOC-0025,aggregateOilFuelCapacity,Aggregate oil fuel capacity,Unit-stripped normalized regulatory variable,Locked R2 variable plus linked regulation; verified QUDT URI only where populated,N3 - remove unit from the identifier and retain it in unit/quantity metadata,Descriptive formula token in locked requirement; Locked workbook canonical variable,aggregate_oil_fuel_capacity_m3,Passed - unit separation verified,High,Unit-stripped normalized regulatory variable. The proposed name is traceable to Locked R2 variable plus linked regulation; verified QUDT URI only where populated; aliases preserve the original notation.,IMO-108
VOC-0026,aircraftVoiceFrequencySupportMHz,Aircraft voice frequency support m hz,Locked-workbook normalized regulatory term,LOCK-2026-08-11-R2 plus linked regulation evidence,N4 - preserve the source concept; normalize spelling to ASCII lowerCamelCase,Descriptive formula token in locked requirement; Locked workbook canonical variable,aircraft_voice_frequency_support_MHz,Passed - transparent source normalization,Medium,Locked-workbook normalized regulatory term. The proposed name is traceable to LOCK-2026-08-11-R2 plus linked regulation evidence; aliases preserve the original notation.,IMO-095
VOC-0027,airReceiverCapacity,Air receiver capacity,Verified exact implementation term,Haitham final SSP URI plus linked regulation: https://w3id.org/mtl-requirements/ssp#airReceiverCapacity,N1 - reuse only after exact URI and semantic-context verification,Locked workbook canonical variable,airReceiverCapacity_Nm3,Passed - exact URI/local-name evidence,High,Verified exact implementation term. The proposed name is traceable to Haitham final SSP URI plus linked regulation: https://w3id.org/mtl-requirements/ssp#airReceiverCapacity; aliases preserve the original notation.,TRF-126; TRF-127; TRF-128
VOC-0028,airReceiverConsecutiveStartCapacity,Air receiver consecutive start capacity,Benchmark-coined descriptive engineering term,Meaning decomposed from the linked verified regulatory clause,"N5 - component or subject first, followed by characteristic and qualifier/state; no unsupported external mapping",Descriptive formula token in locked requirement,air_receiver_consecutive_start_capacity,Passed - clause-anchored benchmark coinage,Medium,Benchmark-coined descriptive engineering term. The proposed name is traceable to Meaning decomposed from the linked verified regulatory clause; aliases preserve the original notation.,TRF-126
VOC-0029,allowableShearStress,Allowable shear stress,Benchmark-coined descriptive engineering term,Meaning decomposed from the linked verified regulatory clause,"N5 - component or subject first, followed by characteristic and qualifier/state; no unsupported external mapping",Engineering decomposition of verified clause,allowableShearStress,Passed - clause-anchored benchmark coinage,Medium,Benchmark-coined descriptive engineering term. The proposed name is traceable to Meaning decomposed from the linked verified regulatory clause; aliases preserve the original notation.,TRF-031
VOC-0030,allowedVerticalPosition,Allowed vertical position,Locked-workbook normalized regulatory term,LOCK-2026-08-11-R2 plus linked regulation evidence,N4 - preserve the source concept; normalize spelling to ASCII lowerCamelCase,Descriptive formula token in locked requirement; Locked workbook canonical variable,allowed_vertical_position,Passed - transparent source normalization,Medium,Locked-workbook normalized regulatory term. The proposed name is traceable to LOCK-2026-08-11-R2 plus linked regulation evidence; aliases preserve the original notation.,IMO-038
VOC-0031,alternateFunctionalityArrangementApprovalStatus,Alternate functionality arrangement approval status,Locked-workbook normalized regulatory term,LOCK-2026-08-11-R2 plus linked regulation evidence,N4 - preserve the source concept; normalize spelling to ASCII lowerCamelCase,Descriptive formula token in locked requirement; Locked workbook canonical variable,alternate_functionality_arrangement_approval_status,Passed - transparent source normalization,Medium,Locked-workbook normalized regulatory term. The proposed name is traceable to LOCK-2026-08-11-R2 plus linked regulation evidence; aliases preserve the original notation.,IMO-045
VOC-0032,alternateQualifiedPersonUsed,Alternate qualified person used,Locked-workbook normalized regulatory term,LOCK-2026-08-11-R2 plus linked regulation evidence,N4 - preserve the source concept; normalize spelling to ASCII lowerCamelCase,Descriptive formula token in locked requirement; Locked workbook canonical variable,alternate_qualified_person_used,Passed - transparent source normalization,Medium,Locked-workbook normalized regulatory term. The proposed name is traceable to LOCK-2026-08-11-R2 plus linked regulation evidence; aliases preserve the original notation.,IMO-103
VOC-0033,alternateVisualIceDetectionMeansApprovalStatus,Alternate visual ice detection means approval status,Locked-workbook normalized regulatory term,LOCK-2026-08-11-R2 plus linked regulation evidence,N4 - preserve the source concept; normalize spelling to ASCII lowerCamelCase,Descriptive formula token in locked requirement; Locked workbook canonical variable,alternate_visual_ice_detection_means_approval_status,Passed - transparent source normalization,Medium,Locked-workbook normalized regulatory term. The proposed name is traceable to LOCK-2026-08-11-R2 plus linked regulation evidence; aliases preserve the original notation.,IMO-088
VOC-0034,alternativeCalculationEvidence,Alternative calculation evidence,Benchmark-coined descriptive engineering term,Meaning decomposed from the linked verified regulatory clause,"N5 - component or subject first, followed by characteristic and qualifier/state; no unsupported external mapping",Engineering decomposition of verified clause,alternativeCalculationEvidence,Passed - clause-anchored benchmark coinage,Medium,Benchmark-coined descriptive engineering term. The proposed name is traceable to Meaning decomposed from the linked verified regulatory clause; aliases preserve the original notation.,TRF-028
VOC-0035,alternativeInstrumentApplicable,Alternative instrument applicable,Locked-workbook normalized regulatory term,LOCK-2026-08-11-R2 plus linked regulation evidence,N4 - preserve the source concept; normalize spelling to ASCII lowerCamelCase,Locked workbook canonical variable,alternative_instrument_applicable,Passed - transparent source normalization,Medium,Locked-workbook normalized regulatory term. The proposed name is traceable to LOCK-2026-08-11-R2 plus linked regulation evidence; aliases preserve the original notation.,IMO-037
VOC-0036,alternativeInstrumentResidualStabilityStatus,Alternative instrument residual stability status,Locked-workbook normalized regulatory term,LOCK-2026-08-11-R2 plus linked regulation evidence,N4 - preserve the source concept; normalize spelling to ASCII lowerCamelCase,Descriptive formula token in locked requirement; Locked workbook canonical variable,alternative_instrument_residual_stability_status,Passed - transparent source normalization,Medium,Locked-workbook normalized regulatory term. The proposed name is traceable to LOCK-2026-08-11-R2 plus linked regulation evidence; aliases preserve the original notation.,IMO-037
VOC-0037,analysisMaximumSpeed,Analysis maximum speed,Benchmark-coined descriptive engineering term,Meaning decomposed from the linked verified regulatory clause,"N5 - component or subject first, followed by characteristic and qualifier/state; no unsupported external mapping",Engineering decomposition of verified clause,analysisMaximumSpeed,Passed - clause-anchored benchmark coinage,Medium,Benchmark-coined descriptive engineering term. The proposed name is traceable to Meaning decomposed from the linked verified regulatory clause; aliases preserve the original notation.,TRF-094
VOC-0038,animalCarcassDischarge,Animal carcass discharge,Locked-workbook normalized regulatory term,LOCK-2026-08-11-R2 plus linked regulation evidence,N4 - preserve the source concept; normalize spelling to ASCII lowerCamelCase,Descriptive formula token in locked requirement; Locked workbook canonical variable,animal_carcass_discharge,Passed - transparent source normalization,Medium,Locked-workbook normalized regulatory term. The proposed name is traceable to LOCK-2026-08-11-R2 plus linked regulation evidence; aliases preserve the original notation.,IMO-122
VOC-0039,antarcticArea,Antarctic area,Benchmark-coined descriptive engineering term,Meaning decomposed from the linked verified regulatory clause,"N5 - component or subject first, followed by characteristic and qualifier/state; no unsupported external mapping",Descriptive formula token in locked requirement,Antarctic_area,Passed - clause-anchored benchmark coinage,Medium,Benchmark-coined descriptive engineering term. The proposed name is traceable to Meaning decomposed from the linked verified regulatory clause; aliases preserve the original notation.,IMO-124
VOC-0040,anticipatedCold,Anticipated cold,Locked-workbook normalized regulatory term,LOCK-2026-08-11-R2 plus linked regulation evidence,N4 - preserve the source concept; normalize spelling to ASCII lowerCamelCase,Locked workbook canonical variable,anticipated_cold,Passed - transparent source normalization,Medium,Locked-workbook normalized regulatory term. The proposed name is traceable to LOCK-2026-08-11-R2 plus linked regulation evidence; aliases preserve the original notation.,IMO-064
VOC-0041,anticipatedWind,Anticipated wind,Locked-workbook normalized regulatory term,LOCK-2026-08-11-R2 plus linked regulation evidence,N4 - preserve the source concept; normalize spelling to ASCII lowerCamelCase,Locked workbook canonical variable,anticipated_wind,Passed - transparent source normalization,Medium,Locked-workbook normalized regulatory term. The proposed name is traceable to LOCK-2026-08-11-R2 plus linked regulation evidence; aliases preserve the original notation.,IMO-064
VOC-0042,antitrippingSupportScope,Antitripping support scope,Benchmark-coined descriptive engineering term,Meaning decomposed from the linked verified regulatory clause,"N5 - component or subject first, followed by characteristic and qualifier/state; no unsupported external mapping",Descriptive formula token in locked requirement,antitripping_support_scope,Passed - clause-anchored benchmark coinage,Medium,Benchmark-coined descriptive engineering term. The proposed name is traceable to Meaning decomposed from the linked verified regulatory clause; aliases preserve the original notation.,TRF-052
VOC-0043,antitrippingSupportSpacing,Antitripping support spacing,Unit-stripped normalized regulatory variable,Locked R2 variable plus linked regulation; verified QUDT URI only where populated,N3 - remove unit from the identifier and retain it in unit/quantity metadata,Descriptive formula token in locked requirement,antitripping_support_spacing_mm,Passed - unit separation verified,High,Unit-stripped normalized regulatory variable. The proposed name is traceable to Locked R2 variable plus linked regulation; verified QUDT URI only where populated; aliases preserve the original notation.,TRF-052
VOC-0044,applicableCertificatePolarOperationEntryPresent,Applicable certificate polar operation entry present,Locked-workbook normalized regulatory term,LOCK-2026-08-11-R2 plus linked regulation evidence,N4 - preserve the source concept; normalize spelling to ASCII lowerCamelCase,Descriptive formula token in locked requirement; Locked workbook canonical variable,applicable_certificate_polar_operation_entry_present,Passed - transparent source normalization,Medium,Locked-workbook normalized regulatory term. The proposed name is traceable to LOCK-2026-08-11-R2 plus linked regulation evidence; aliases preserve the original notation.,IMO-114
VOC-0045,appliedVerticalShearStress,Applied vertical shear stress,Benchmark-coined descriptive engineering term,Meaning decomposed from the linked verified regulatory clause,"N5 - component or subject first, followed by characteristic and qualifier/state; no unsupported external mapping",Engineering decomposition of verified clause,appliedVerticalShearStress,Passed - clause-anchored benchmark coinage,Medium,Benchmark-coined descriptive engineering term. The proposed name is traceable to Meaning decomposed from the linked verified regulatory clause; aliases preserve the original notation.,I2-053
VOC-0046,approvalRevocationStatus,Approval revocation status,Benchmark-coined descriptive engineering term,Meaning decomposed from the linked verified regulatory clause,"N5 - component or subject first, followed by characteristic and qualifier/state; no unsupported external mapping",Engineering decomposition of verified clause,approvalRevocationStatus,Passed - clause-anchored benchmark coinage,Medium,Benchmark-coined descriptive engineering term. The proposed name is traceable to Meaning decomposed from the linked verified regulatory clause; aliases preserve the original notation.,TRF-028
VOC-0047,approvalStandard,Approval standard,Locked-workbook normalized regulatory term,LOCK-2026-08-11-R2 plus linked regulation evidence,N4 - preserve the source concept; normalize spelling to ASCII lowerCamelCase,Locked workbook canonical variable,approval_standard,Passed - transparent source normalization,Medium,Locked-workbook normalized regulatory term. The proposed name is traceable to LOCK-2026-08-11-R2 plus linked regulation evidence; aliases preserve the original notation.,IMO-031; IMO-032; IMO-048; IMO-049
VOC-0048,approvalStatus,Approval status,Benchmark-coined descriptive engineering term,Meaning decomposed from the linked verified regulatory clause,"N5 - component or subject first, followed by characteristic and qualifier/state; no unsupported external mapping",Engineering decomposition of verified clause,approvalStatus,Passed - clause-anchored benchmark coinage,Medium,Benchmark-coined descriptive engineering term. The proposed name is traceable to Meaning decomposed from the linked verified regulatory clause; aliases preserve the original notation.,TRF-028
VOC-0049,approvedSewageTreatmentPlantUsed,Approved sewage treatment plant used,Locked-workbook normalized regulatory term,LOCK-2026-08-11-R2 plus linked regulation evidence,N4 - preserve the source concept; normalize spelling to ASCII lowerCamelCase,Descriptive formula token in locked requirement; Locked workbook canonical variable,approved_sewage_treatment_plant_used,Passed - transparent source normalization,Medium,Locked-workbook normalized regulatory term. The proposed name is traceable to LOCK-2026-08-11-R2 plus linked regulation evidence; aliases preserve the original notation.,IMO-119
VOC-0050,approvedTranslationPresent,Approved translation present,Locked-workbook normalized regulatory term,LOCK-2026-08-11-R2 plus linked regulation evidence,N4 - preserve the source concept; normalize spelling to ASCII lowerCamelCase,Descriptive formula token in locked requirement; Locked workbook canonical variable,approved_translation_present,Passed - transparent source normalization,Medium,Locked-workbook normalized regulatory term. The proposed name is traceable to LOCK-2026-08-11-R2 plus linked regulation evidence; aliases preserve the original notation.,IMO-016
VOC-0051,approvingAuthority,Approving authority,Locked-workbook normalized regulatory term,LOCK-2026-08-11-R2 plus linked regulation evidence,N4 - preserve the source concept; normalize spelling to ASCII lowerCamelCase,Locked workbook canonical variable,approving_authority,Passed - transparent source normalization,Medium,Locked-workbook normalized regulatory term. The proposed name is traceable to LOCK-2026-08-11-R2 plus linked regulation evidence; aliases preserve the original notation.,IMO-031; IMO-032; IMO-048; IMO-049
VOC-0052,arcticWaters,Arctic waters,Benchmark-coined descriptive engineering term,Meaning decomposed from the linked verified regulatory clause,"N5 - component or subject first, followed by characteristic and qualifier/state; no unsupported external mapping",Descriptive formula token in locked requirement,Arctic_waters,Passed - clause-anchored benchmark coinage,Medium,Benchmark-coined descriptive engineering term. The proposed name is traceable to Meaning decomposed from the linked verified regulatory clause; aliases preserve the original notation.,IMO-105; IMO-112; IMO-120
VOC-0053,aRequiredCm2,A required cm2,Benchmark-coined descriptive engineering term,Meaning decomposed from the linked verified regulatory clause,"N5 - component or subject first, followed by characteristic and qualifier/state; no unsupported external mapping",Descriptive formula token in locked requirement,A_required_cm2,Passed - clause-anchored benchmark coinage,Medium,Benchmark-coined descriptive engineering term. The proposed name is traceable to Meaning decomposed from the linked verified regulatory clause; aliases preserve the original notation.,TRF-060
VOC-0054,asBuiltThickness,As built thickness,Benchmark-coined descriptive engineering term,Meaning decomposed from the linked verified regulatory clause,"N5 - component or subject first, followed by characteristic and qualifier/state; no unsupported external mapping",Engineering decomposition of verified clause,asBuiltThickness,Passed - clause-anchored benchmark coinage,Medium,Benchmark-coined descriptive engineering term. The proposed name is traceable to Meaning decomposed from the linked verified regulatory clause; aliases preserve the original notation.,I2-046; I2-048
VOC-0055,assessedAbandonment,Assessed abandonment,Locked-workbook normalized regulatory term,LOCK-2026-08-11-R2 plus linked regulation evidence,N4 - preserve the source concept; normalize spelling to ASCII lowerCamelCase,Locked workbook canonical variable,assessed_abandonment,Passed - transparent source normalization,Medium,Locked-workbook normalized regulatory term. The proposed name is traceable to LOCK-2026-08-11-R2 plus linked regulation evidence; aliases preserve the original notation.,IMO-021
VOC-0056,assessedAdditionalHazards,Assessed additional hazards,Locked-workbook normalized regulatory term,LOCK-2026-08-11-R2 plus linked regulation evidence,N4 - preserve the source concept; normalize spelling to ASCII lowerCamelCase,Locked workbook canonical variable,assessed_additional_hazards,Passed - transparent source normalization,Medium,Locked-workbook normalized regulatory term. The proposed name is traceable to LOCK-2026-08-11-R2 plus linked regulation evidence; aliases preserve the original notation.,IMO-021
VOC-0057,assessedCodeHazards,Assessed code hazards,Locked-workbook normalized regulatory term,LOCK-2026-08-11-R2 plus linked regulation evidence,N4 - preserve the source concept; normalize spelling to ASCII lowerCamelCase,Locked workbook canonical variable,assessed_code_hazards,Passed - transparent source normalization,Medium,Locked-workbook normalized regulatory term. The proposed name is traceable to LOCK-2026-08-11-R2 plus linked regulation evidence; aliases preserve the original notation.,IMO-021
VOC-0058,assessedHighLatitude,Assessed high latitude,Locked-workbook normalized regulatory term,LOCK-2026-08-11-R2 plus linked regulation evidence,N4 - preserve the source concept; normalize spelling to ASCII lowerCamelCase,Locked workbook canonical variable,assessed_high_latitude,Passed - transparent source normalization,Medium,Locked-workbook normalized regulatory term. The proposed name is traceable to LOCK-2026-08-11-R2 plus linked regulation evidence; aliases preserve the original notation.,IMO-021
VOC-0059,assessedIceOperation,Assessed ice operation,Locked-workbook normalized regulatory term,LOCK-2026-08-11-R2 plus linked regulation evidence,N4 - preserve the source concept; normalize spelling to ASCII lowerCamelCase,Locked workbook canonical variable,assessed_ice_operation,Passed - transparent source normalization,Medium,Locked-workbook normalized regulatory term. The proposed name is traceable to LOCK-2026-08-11-R2 plus linked regulation evidence; aliases preserve the original notation.,IMO-021
VOC-0060,assessedLowAirTemperature,Assessed low air temperature,Locked-workbook normalized regulatory term,LOCK-2026-08-11-R2 plus linked regulation evidence,N4 - preserve the source concept; normalize spelling to ASCII lowerCamelCase,Locked workbook canonical variable,assessed_low_air_temperature,Passed - transparent source normalization,Medium,Locked-workbook normalized regulatory term. The proposed name is traceable to LOCK-2026-08-11-R2 plus linked regulation evidence; aliases preserve the original notation.,IMO-021
VOC-0061,assignedDuties,Assigned duties,Locked-workbook normalized regulatory term,LOCK-2026-08-11-R2 plus linked regulation evidence,N4 - preserve the source concept; normalize spelling to ASCII lowerCamelCase,Descriptive formula token in locked requirement; Locked workbook canonical variable,assigned_duties,Passed - transparent source normalization,Medium,Locked-workbook normalized regulatory term. The proposed name is traceable to LOCK-2026-08-11-R2 plus linked regulation evidence; aliases preserve the original notation.,IMO-104
VOC-0062,assignedImmersionSuit,Assigned immersion suit,Locked-workbook normalized regulatory term,LOCK-2026-08-11-R2 plus linked regulation evidence,N4 - preserve the source concept; normalize spelling to ASCII lowerCamelCase,Locked workbook canonical variable,assigned_immersion_suit,Passed - transparent source normalization,Medium,Locked-workbook normalized regulatory term. The proposed name is traceable to LOCK-2026-08-11-R2 plus linked regulation evidence; aliases preserve the original notation.,IMO-070
VOC-0063,assignedSearchlight,Assigned searchlight,Locked-workbook normalized regulatory term,LOCK-2026-08-11-R2 plus linked regulation evidence,N4 - preserve the source concept; normalize spelling to ASCII lowerCamelCase,Locked workbook canonical variable,assigned_searchlight,Passed - transparent source normalization,Medium,Locked-workbook normalized regulatory term. The proposed name is traceable to LOCK-2026-08-11-R2 plus linked regulation evidence; aliases preserve the original notation.,IMO-072
VOC-0064,assignedThermalProtection,Assigned thermal protection,Locked-workbook normalized regulatory term,LOCK-2026-08-11-R2 plus linked regulation evidence,N4 - preserve the source concept; normalize spelling to ASCII lowerCamelCase,Locked workbook canonical variable,assigned_thermal_protection,Passed - transparent source normalization,Medium,Locked-workbook normalized regulatory term. The proposed name is traceable to LOCK-2026-08-11-R2 plus linked regulation evidence; aliases preserve the original notation.,IMO-064
VOC-0065,assignedThermalProtectiveAid,Assigned thermal protective aid,Locked-workbook normalized regulatory term,LOCK-2026-08-11-R2 plus linked regulation evidence,N4 - preserve the source concept; normalize spelling to ASCII lowerCamelCase,Locked workbook canonical variable,assigned_thermal_protective_aid,Passed - transparent source normalization,Medium,Locked-workbook normalized regulatory term. The proposed name is traceable to LOCK-2026-08-11-R2 plus linked regulation evidence; aliases preserve the original notation.,IMO-070
VOC-0066,asternFacingSoundSignalingSystemPresent,Astern facing sound signaling system present,Locked-workbook normalized regulatory term,LOCK-2026-08-11-R2 plus linked regulation evidence,N4 - preserve the source concept; normalize spelling to ASCII lowerCamelCase,Descriptive formula token in locked requirement; Locked workbook canonical variable,astern_facing_sound_signaling_system_present,Passed - transparent source normalization,Medium,Locked-workbook normalized regulatory term. The proposed name is traceable to LOCK-2026-08-11-R2 plus linked regulation evidence; aliases preserve the original notation.,IMO-094
VOC-0067,asternIceOperationIntent,Astern ice operation intent,Benchmark-coined descriptive engineering term,Meaning decomposed from the linked verified regulatory clause,"N5 - component or subject first, followed by characteristic and qualifier/state; no unsupported external mapping",Engineering decomposition of verified clause,asternIceOperationIntent,Passed - clause-anchored benchmark coinage,Medium,Benchmark-coined descriptive engineering term. The proposed name is traceable to Meaning decomposed from the linked verified regulatory clause; aliases preserve the original notation.,I2-006
VOC-0068,attachmentType,Attachment type,Benchmark-coined descriptive engineering term,Meaning decomposed from the linked verified regulatory clause,"N5 - component or subject first, followed by characteristic and qualifier/state; no unsupported external mapping",Engineering decomposition of verified clause,attachmentType,Passed - clause-anchored benchmark coinage,Medium,Benchmark-coined descriptive engineering term. The proposed name is traceable to Meaning decomposed from the linked verified regulatory clause; aliases preserve the original notation.,TRF-046; TRF-047
VOC-0069,availableEmergencyRationPerson,Available emergency ration person,Unit-stripped normalized regulatory variable,Locked R2 variable plus linked regulation; verified QUDT URI only where populated,N3 - remove unit from the identifier and retain it in unit/quantity metadata,Descriptive formula token in locked requirement; Locked workbook canonical variable,available_emergency_ration_person_days,Passed - unit separation verified,High,Unit-stripped normalized regulatory variable. The proposed name is traceable to Locked R2 variable plus linked regulation; verified QUDT URI only where populated; aliases preserve the original notation.,IMO-079
VOC-0070,availableSurvivalEquipmentCapacity,Available survival equipment capacity,Locked-workbook normalized regulatory term,LOCK-2026-08-11-R2 plus linked regulation evidence,N4 - preserve the source concept; normalize spelling to ASCII lowerCamelCase,Descriptive formula token in locked requirement; Locked workbook canonical variable,available_survival_equipment_capacity,Passed - transparent source normalization,Medium,Locked-workbook normalized regulatory term. The proposed name is traceable to LOCK-2026-08-11-R2 plus linked regulation evidence; aliases preserve the original notation.,IMO-075
VOC-0071,averageIcePressure,Average ice pressure,Benchmark-coined descriptive engineering term,Meaning decomposed from the linked verified regulatory clause,"N5 - component or subject first, followed by characteristic and qualifier/state; no unsupported external mapping",Descriptive formula token in locked requirement; Engineering decomposition of verified clause,P_avg; averageIcePressure,Passed - clause-anchored benchmark coinage,Medium,Benchmark-coined descriptive engineering term. The proposed name is traceable to Meaning decomposed from the linked verified regulatory clause; aliases preserve the original notation.,I2-008; I2-009; I2-017; I2-018; I2-022; I2-023; I2-032; I2-035
VOC-0072,averageImpactEnergyJ,Average impact energy j,Benchmark-coined descriptive engineering term,Meaning decomposed from the linked verified regulatory clause,"N5 - component or subject first, followed by characteristic and qualifier/state; no unsupported external mapping",Descriptive formula token in locked requirement,average_impact_energy_J,Passed - clause-anchored benchmark coinage,Medium,Benchmark-coined descriptive engineering term. The proposed name is traceable to Meaning decomposed from the linked verified regulatory clause; aliases preserve the original notation.,TRF-072; TRF-073
VOC-0073,backwardBladeForce,Backward blade force,Unit-stripped normalized regulatory variable,Locked R2 variable plus linked regulation; verified QUDT URI only where populated,N3 - remove unit from the identifier and retain it in unit/quantity metadata,Descriptive formula token in locked requirement; Engineering decomposition of verified clause; Locked workbook canonical variable,Fb_kN; F_b_kN; backwardBladeForce,Passed - unit separation verified,High,Unit-stripped normalized regulatory variable. The proposed name is traceable to Locked R2 variable plus linked regulation; verified QUDT URI only where populated; aliases preserve the original notation.,TRF-075; TRF-081
VOC-0074,backwardIceThrust,Backward ice thrust,Verified exact implementation term,Haitham final SSP URI plus linked regulation: https://w3id.org/mtl-requirements/ssp#BackwardIceThrust,N1 - reuse only after exact URI and semantic-context verification,Descriptive formula token in locked requirement; Locked workbook canonical variable,Tb_kN; T_b_kN,Passed - exact URI/local-name evidence,High,Verified exact implementation term. The proposed name is traceable to Haitham final SSP URI plus linked regulation: https://w3id.org/mtl-requirements/ssp#BackwardIceThrust; aliases preserve the original notation.,TRF-081
VOC-0075,backwardPropellerShaftDesignThrust,Backward propeller shaft design thrust,Unit-stripped normalized regulatory variable,Locked R2 variable plus linked regulation; verified QUDT URI only where populated,N3 - remove unit from the identifier and retain it in unit/quantity metadata,Descriptive formula token in locked requirement; Locked workbook canonical variable,backwardDesignThrust_kN; backward_design_thrust_T_r_kN,Passed - unit separation verified,High,Unit-stripped normalized regulatory variable. The proposed name is traceable to Locked R2 variable plus linked regulation; verified QUDT URI only where populated; aliases preserve the original notation.,TRF-081
VOC-0076,ballastWaterCoolingArrangement,Ballast water cooling arrangement,Benchmark-coined descriptive engineering term,Meaning decomposed from the linked verified regulatory clause,"N5 - component or subject first, followed by characteristic and qualifier/state; no unsupported external mapping",Engineering decomposition of verified clause,ballastWaterCoolingArrangement,Passed - clause-anchored benchmark coinage,Medium,Benchmark-coined descriptive engineering term. The proposed name is traceable to Meaning decomposed from the linked verified regulatory clause; aliases preserve the original notation.,TRF-131
VOC-0077,batteryLifeManagementProcedurePresent,Battery life management procedure present,Locked-workbook normalized regulatory term,LOCK-2026-08-11-R2 plus linked regulation evidence,N4 - preserve the source concept; normalize spelling to ASCII lowerCamelCase,Descriptive formula token in locked requirement; Locked workbook canonical variable,battery_life_management_procedure_present,Passed - transparent source normalization,Medium,Locked-workbook normalized regulatory term. The proposed name is traceable to LOCK-2026-08-11-R2 plus linked regulation evidence; aliases preserve the original notation.,IMO-099
VOC-0078,beamTheoryUsed,Beam theory used,Benchmark-coined descriptive engineering term,Meaning decomposed from the linked verified regulatory clause,"N5 - component or subject first, followed by characteristic and qualifier/state; no unsupported external mapping",Engineering decomposition of verified clause,beamTheoryUsed,Passed - clause-anchored benchmark coinage,Medium,Benchmark-coined descriptive engineering term. The proposed name is traceable to Meaning decomposed from the linked verified regulatory clause; aliases preserve the original notation.,TRF-031
VOC-0079,betaIPrime,Beta i prime,Benchmark-coined descriptive engineering term,Meaning decomposed from the linked verified regulatory clause,"N5 - component or subject first, followed by characteristic and qualifier/state; no unsupported external mapping",Descriptive formula token in locked requirement,beta_i_prime,Passed - clause-anchored benchmark coinage,Medium,Benchmark-coined descriptive engineering term. The proposed name is traceable to Meaning decomposed from the linked verified regulatory clause; aliases preserve the original notation.,I2-015
VOC-0080,bladeBendingMoment,Blade bending moment,Benchmark-coined descriptive engineering term,Meaning decomposed from the linked verified regulatory clause,"N5 - component or subject first, followed by characteristic and qualifier/state; no unsupported external mapping",Descriptive formula token in locked requirement,M_BL,Passed - clause-anchored benchmark coinage,Medium,Benchmark-coined descriptive engineering term. The proposed name is traceable to Meaning decomposed from the linked verified regulatory clause; aliases preserve the original notation.,TRF-105
VOC-0081,bladeExcitationOrder,Blade excitation order,Benchmark-coined descriptive engineering term,Meaning decomposed from the linked verified regulatory clause,"N5 - component or subject first, followed by characteristic and qualifier/state; no unsupported external mapping",Engineering decomposition of verified clause,bladeExcitationOrder,Passed - clause-anchored benchmark coinage,Medium,Benchmark-coined descriptive engineering term. The proposed name is traceable to Meaning decomposed from the linked verified regulatory clause; aliases preserve the original notation.,TRF-100
VOC-0082,bladeFailureSpindleTorque,Blade failure spindle torque,Verified exact implementation term,Haitham final SSP URI plus linked regulation: https://w3id.org/mtl-requirements/ssp#bladeFailureSpindleTorque,N1 - reuse only after exact URI and semantic-context verification,Descriptive formula token in locked requirement,Q_sex_kNm,Passed - exact URI/local-name evidence,High,Verified exact implementation term. The proposed name is traceable to Haitham final SSP URI plus linked regulation: https://w3id.org/mtl-requirements/ssp#bladeFailureSpindleTorque; aliases preserve the original notation.,TRF-102
VOC-0083,bladeFailureStatus,Blade failure status,Benchmark-coined descriptive engineering term,Meaning decomposed from the linked verified regulatory clause,"N5 - component or subject first, followed by characteristic and qualifier/state; no unsupported external mapping",Descriptive formula token in locked requirement,blade_failure_status,Passed - clause-anchored benchmark coinage,Medium,Benchmark-coined descriptive engineering term. The proposed name is traceable to Meaning decomposed from the linked verified regulatory clause; aliases preserve the original notation.,TRF-101
VOC-0084,bladeFailureUltimateLoad,Blade failure ultimate load,Unit-stripped normalized regulatory variable,Locked R2 variable plus linked regulation; verified QUDT URI only where populated,N3 - remove unit from the identifier and retain it in unit/quantity metadata,Descriptive formula token in locked requirement; Engineering decomposition of verified clause,bladeFailureUltimateLoad; blade_failure_load_F_ex_kN,Passed - unit separation verified,High,Unit-stripped normalized regulatory variable. The proposed name is traceable to Locked R2 variable plus linked regulation; verified QUDT URI only where populated; aliases preserve the original notation.,TRF-101; TRF-112
VOC-0085,bladeIceLoad,Blade ice load,Benchmark-coined descriptive engineering term,Meaning decomposed from the linked verified regulatory clause,"N5 - component or subject first, followed by characteristic and qualifier/state; no unsupported external mapping",Engineering decomposition of verified clause,bladeIceLoad,Passed - clause-anchored benchmark coinage,Medium,Benchmark-coined descriptive engineering term. The proposed name is traceable to Meaning decomposed from the linked verified regulatory clause; aliases preserve the original notation.,TRF-077
VOC-0086,bladeLoadCaseCoverage,Blade load case coverage,Benchmark-coined descriptive engineering term,Meaning decomposed from the linked verified regulatory clause,"N5 - component or subject first, followed by characteristic and qualifier/state; no unsupported external mapping",Engineering decomposition of verified clause,bladeLoadCaseCoverage,Passed - clause-anchored benchmark coinage,Medium,Benchmark-coined descriptive engineering term. The proposed name is traceable to Meaning decomposed from the linked verified regulatory clause; aliases preserve the original notation.,TRF-076
VOC-0087,bladeLossLoad,Blade loss load,Benchmark-coined descriptive engineering term,Meaning decomposed from the linked verified regulatory clause,"N5 - component or subject first, followed by characteristic and qualifier/state; no unsupported external mapping",Engineering decomposition of verified clause,bladeLossLoad,Passed - clause-anchored benchmark coinage,Medium,Benchmark-coined descriptive engineering term. The proposed name is traceable to Meaning decomposed from the linked verified regulatory clause; aliases preserve the original notation.,TRF-113
VOC-0088,bladeOrderExcitationFrequency,Blade order excitation frequency,Benchmark-coined descriptive engineering term,Meaning decomposed from the linked verified regulatory clause,"N5 - component or subject first, followed by characteristic and qualifier/state; no unsupported external mapping",Engineering decomposition of verified clause,bladeOrderExcitationFrequency,Passed - clause-anchored benchmark coinage,Medium,Benchmark-coined descriptive engineering term. The proposed name is traceable to Meaning decomposed from the linked verified regulatory clause; aliases preserve the original notation.,TRF-119
VOC-0089,bladeOrderResonance,Blade order resonance,Benchmark-coined descriptive engineering term,Meaning decomposed from the linked verified regulatory clause,"N5 - component or subject first, followed by characteristic and qualifier/state; no unsupported external mapping",Engineering decomposition of verified clause,bladeOrderResonance,Passed - clause-anchored benchmark coinage,Medium,Benchmark-coined descriptive engineering term. The proposed name is traceable to Meaning decomposed from the linked verified regulatory clause; aliases preserve the original notation.,TRF-094
VOC-0090,bladeOrderResonantSpeed,Blade order resonant speed,Benchmark-coined descriptive engineering term,Meaning decomposed from the linked verified regulatory clause,"N5 - component or subject first, followed by characteristic and qualifier/state; no unsupported external mapping",Engineering decomposition of verified clause,bladeOrderResonantSpeed,Passed - clause-anchored benchmark coinage,Medium,Benchmark-coined descriptive engineering term. The proposed name is traceable to Meaning decomposed from the linked verified regulatory clause; aliases preserve the original notation.,TRF-090
VOC-0091,bladeOrderTorsionalResonance,Blade order torsional resonance,Benchmark-coined descriptive engineering term,Meaning decomposed from the linked verified regulatory clause,"N5 - component or subject first, followed by characteristic and qualifier/state; no unsupported external mapping",Engineering decomposition of verified clause,bladeOrderTorsionalResonance,Passed - clause-anchored benchmark coinage,Medium,Benchmark-coined descriptive engineering term. The proposed name is traceable to Meaning decomposed from the linked verified regulatory clause; aliases preserve the original notation.,TRF-089
VOC-0092,bladePlasticBending,Blade plastic bending,Benchmark-coined descriptive engineering term,Meaning decomposed from the linked verified regulatory clause,"N5 - component or subject first, followed by characteristic and qualifier/state; no unsupported external mapping",Engineering decomposition of verified clause,bladePlasticBending,Passed - clause-anchored benchmark coinage,Medium,Benchmark-coined descriptive engineering term. The proposed name is traceable to Meaning decomposed from the linked verified regulatory clause; aliases preserve the original notation.,TRF-113
VOC-0093,bladeReferenceStrength1,Blade reference strength1,Benchmark-coined descriptive engineering term,Meaning decomposed from the linked verified regulatory clause,"N5 - component or subject first, followed by characteristic and qualifier/state; no unsupported external mapping",Descriptive formula token in locked requirement,sigma_ref1,Passed - clause-anchored benchmark coinage,Medium,Benchmark-coined descriptive engineering term. The proposed name is traceable to Meaning decomposed from the linked verified regulatory clause; aliases preserve the original notation.,TRF-101
VOC-0094,bladeReferenceStrength2,Blade reference strength2,Unit-stripped normalized regulatory variable,Locked R2 variable plus linked regulation; verified QUDT URI only where populated,N3 - remove unit from the identifier and retain it in unit/quantity metadata,Descriptive formula token in locked requirement; Locked workbook canonical variable,sigmaRef2_MPa; sigma_ref2_MPa,Passed - unit separation verified,High,Unit-stripped normalized regulatory variable. The proposed name is traceable to Locked R2 variable plus linked regulation; verified QUDT URI only where populated; aliases preserve the original notation.,TRF-106
VOC-0095,bladeTipOffset,Blade tip offset,Unit-stripped normalized regulatory variable,Locked R2 variable plus linked regulation; verified QUDT URI only where populated,N3 - remove unit from the identifier and retain it in unit/quantity metadata,Descriptive formula token in locked requirement,blade_tip_offset_m,Passed - unit separation verified,High,Unit-stripped normalized regulatory variable. The proposed name is traceable to Locked R2 variable plus linked regulation; verified QUDT URI only where populated; aliases preserve the original notation.,TRF-101
VOC-0096,bollardThrustKnown,Bollard thrust known,Benchmark-coined descriptive engineering term,Meaning decomposed from the linked verified regulatory clause,"N5 - component or subject first, followed by characteristic and qualifier/state; no unsupported external mapping",Engineering decomposition of verified clause,bollardThrustKnown,Passed - clause-anchored benchmark coinage,Medium,Benchmark-coined descriptive engineering term. The proposed name is traceable to Meaning decomposed from the linked verified regulatory clause; aliases preserve the original notation.,TRF-082
VOC-0097,bottomRegionLowerRegionBoundary,Bottom region lower region boundary,Benchmark-coined descriptive engineering term,Meaning decomposed from the linked verified regulatory clause,"N5 - component or subject first, followed by characteristic and qualifier/state; no unsupported external mapping",Engineering decomposition of verified clause,bottomRegionLowerRegionBoundary,Passed - clause-anchored benchmark coinage,Medium,Benchmark-coined descriptive engineering term. The proposed name is traceable to Meaning decomposed from the linked verified regulatory clause; aliases preserve the original notation.,I2-005
VOC-0098,bowDesignForce,Bow design force,Benchmark-coined descriptive engineering term,Meaning decomposed from the linked verified regulatory clause,"N5 - component or subject first, followed by characteristic and qualifier/state; no unsupported external mapping",Engineering decomposition of verified clause,bowDesignForce,Passed - clause-anchored benchmark coinage,Medium,Benchmark-coined descriptive engineering term. The proposed name is traceable to Meaning decomposed from the linked verified regulatory clause; aliases preserve the original notation.,I2-011
VOC-0099,bowDesignForceMethod,Bow design force method,Benchmark-coined descriptive engineering term,Meaning decomposed from the linked verified regulatory clause,"N5 - component or subject first, followed by characteristic and qualifier/state; no unsupported external mapping",Engineering decomposition of verified clause,bowDesignForceMethod,Passed - clause-anchored benchmark coinage,Medium,Benchmark-coined descriptive engineering term. The proposed name is traceable to Meaning decomposed from the linked verified regulatory clause; aliases preserve the original notation.,I2-010
VOC-0100,bowFormApplicability,Bow form applicability,Benchmark-coined descriptive engineering term,Meaning decomposed from the linked verified regulatory clause,"N5 - component or subject first, followed by characteristic and qualifier/state; no unsupported external mapping",Engineering decomposition of verified clause,bowFormApplicability,Passed - clause-anchored benchmark coinage,Medium,Benchmark-coined descriptive engineering term. The proposed name is traceable to Meaning decomposed from the linked verified regulatory clause; aliases preserve the original notation.,I2-009
VOC-0101,bowLength,Bow length,Verified exact implementation term,Haitham final SSP URI plus linked regulation: https://w3id.org/mtl-requirements/ssp#bowLength,N1 - reuse only after exact URI and semantic-context verification,Locked workbook canonical variable,LBOW,Passed - exact URI/local-name evidence,High,Verified exact implementation term. The proposed name is traceable to Haitham final SSP URI plus linked regulation: https://w3id.org/mtl-requirements/ssp#bowLength; aliases preserve the original notation.,I2-014
VOC-0102,bowRakeAtQuarterBreadth,Bow rake at quarter breadth,Locked-workbook normalized regulatory term,LOCK-2026-08-11-R2 plus linked regulation evidence,N4 - preserve the source concept; normalize spelling to ASCII lowerCamelCase,Locked workbook canonical variable,phi2,Passed - transparent source normalization,Medium,Locked-workbook normalized regulatory term. The proposed name is traceable to LOCK-2026-08-11-R2 plus linked regulation evidence; aliases preserve the original notation.,TRF-022
VOC-0103,bowRegionEquivalent,Bow region equivalent,Benchmark-coined descriptive engineering term,Meaning decomposed from the linked verified regulatory clause,"N5 - component or subject first, followed by characteristic and qualifier/state; no unsupported external mapping",Descriptive formula token in locked requirement,bow_region_equivalent,Passed - clause-anchored benchmark coinage,Medium,Benchmark-coined descriptive engineering term. The proposed name is traceable to Meaning decomposed from the linked verified regulatory clause; aliases preserve the original notation.,TRF-040
VOC-0104,bowShape,Bow shape,Benchmark-coined descriptive engineering term,Meaning decomposed from the linked verified regulatory clause,"N5 - component or subject first, followed by characteristic and qualifier/state; no unsupported external mapping",Engineering decomposition of verified clause,bowShape,Passed - clause-anchored benchmark coinage,Medium,Benchmark-coined descriptive engineering term. The proposed name is traceable to Meaning decomposed from the linked verified regulatory clause; aliases preserve the original notation.,I2-008
VOC-0105,bowVerticalSideStatus,Bow vertical side status,Benchmark-coined descriptive engineering term,Meaning decomposed from the linked verified regulatory clause,"N5 - component or subject first, followed by characteristic and qualifier/state; no unsupported external mapping",Engineering decomposition of verified clause,bowVerticalSideStatus,Passed - clause-anchored benchmark coinage,Medium,Benchmark-coined descriptive engineering term. The proposed name is traceable to Meaning decomposed from the linked verified regulatory clause; aliases preserve the original notation.,I2-010
VOC-0106,brashIceChannelResistanceRch,Brash-ice channel resistance RCH,Regulatory symbol expanded from a directly verified definition,Directly inspected regulation PDF and linked locked requirement,N2 - replace formula symbol with its clause-defined engineering meaning; preserve symbol as alias,Engineering decomposition of verified clause,rchValue,Passed - source-defined expansion,High,Regulatory symbol expanded from a directly verified definition. The proposed name is traceable to Directly inspected regulation PDF and linked locked requirement; aliases preserve the original notation.,TRF-020; TRF-028
VOC-0107,bridgeConfiguration,Bridge configuration,Locked-workbook normalized regulatory term,LOCK-2026-08-11-R2 plus linked regulation evidence,N4 - preserve the source concept; normalize spelling to ASCII lowerCamelCase,Locked workbook canonical variable,bridge_configuration,Passed - transparent source normalization,Medium,Locked-workbook normalized regulatory term. The proposed name is traceable to LOCK-2026-08-11-R2 plus linked regulation evidence; aliases preserve the original notation.,IMO-082
VOC-0108,bridgeControlledRotatableNarrowBeamSearchlightCount,Bridge controlled rotatable narrow beam searchlight count,Locked-workbook normalized regulatory term,LOCK-2026-08-11-R2 plus linked regulation evidence,N4 - preserve the source concept; normalize spelling to ASCII lowerCamelCase,Descriptive formula token in locked requirement; Locked workbook canonical variable,bridge_controlled_rotatable_narrow_beam_searchlight_count,Passed - transparent source normalization,Medium,Locked-workbook normalized regulatory term. The proposed name is traceable to LOCK-2026-08-11-R2 plus linked regulation evidence; aliases preserve the original notation.,IMO-088
VOC-0109,bridgeWingProtectionDesignStatus,Bridge wing protection design status,Locked-workbook normalized regulatory term,LOCK-2026-08-11-R2 plus linked regulation evidence,N4 - preserve the source concept; normalize spelling to ASCII lowerCamelCase,Descriptive formula token in locked requirement; Locked workbook canonical variable,bridge_wing_protection_design_status,Passed - transparent source normalization,Medium,Locked-workbook normalized regulatory term. The proposed name is traceable to LOCK-2026-08-11-R2 plus linked regulation evidence; aliases preserve the original notation.,IMO-085; IMO26-011
VOC-0110,bridgeWingsEnclosed,Bridge wings enclosed,Locked-workbook normalized regulatory term,LOCK-2026-08-11-R2 plus linked regulation evidence,N4 - preserve the source concept; normalize spelling to ASCII lowerCamelCase,Descriptive formula token in locked requirement; Locked workbook canonical variable,bridge_wings_enclosed,Passed - transparent source normalization,Medium,Locked-workbook normalized regulatory term. The proposed name is traceable to LOCK-2026-08-11-R2 plus linked regulation evidence; aliases preserve the original notation.,IMO-085; IMO26-011
VOC-0111,bucklingResponse,Buckling response,Benchmark-coined descriptive engineering term,Meaning decomposed from the linked verified regulatory clause,"N5 - component or subject first, followed by characteristic and qualifier/state; no unsupported external mapping",Engineering decomposition of verified clause,bucklingResponse,Passed - clause-anchored benchmark coinage,Medium,Benchmark-coined descriptive engineering term. The proposed name is traceable to Meaning decomposed from the linked verified regulatory clause; aliases preserve the original notation.,I2-065
VOC-0112,bucklingStiffening,Buckling stiffening,Benchmark-coined descriptive engineering term,Meaning decomposed from the linked verified regulatory clause,"N5 - component or subject first, followed by characteristic and qualifier/state; no unsupported external mapping",Engineering decomposition of verified clause,bucklingStiffening,Passed - clause-anchored benchmark coinage,Medium,Benchmark-coined descriptive engineering term. The proposed name is traceable to Meaning decomposed from the linked verified regulatory clause; aliases preserve the original notation.,TRF-049
VOC-0113,bulbousBowPresent,Bulbous bow present,Benchmark-coined descriptive engineering term,Meaning decomposed from the linked verified regulatory clause,"N5 - component or subject first, followed by characteristic and qualifier/state; no unsupported external mapping",Engineering decomposition of verified clause,bulbousBowPresent,Passed - clause-anchored benchmark coinage,Medium,Benchmark-coined descriptive engineering term. The proposed name is traceable to Meaning decomposed from the linked verified regulatory clause; aliases preserve the original notation.,I2-011
VOC-0114,bulwarkStrengthStatus,Bulwark strength status,Benchmark-coined descriptive engineering term,Meaning decomposed from the linked verified regulatory clause,"N5 - component or subject first, followed by characteristic and qualifier/state; no unsupported external mapping",Descriptive formula token in locked requirement,bulwark_strength_status,Passed - clause-anchored benchmark coinage,Medium,Benchmark-coined descriptive engineering term. The proposed name is traceable to Meaning decomposed from the linked verified regulatory clause; aliases preserve the original notation.,TRF-040
VOC-0115,buttockAngle,Buttock angle,Benchmark-coined descriptive engineering term,Meaning decomposed from the linked verified regulatory clause,"N5 - component or subject first, followed by characteristic and qualifier/state; no unsupported external mapping",Engineering decomposition of verified clause,buttockAngle,Passed - clause-anchored benchmark coinage,Medium,Benchmark-coined descriptive engineering term. The proposed name is traceable to Meaning decomposed from the linked verified regulatory clause; aliases preserve the original notation.,I2-009
VOC-0116,calculatedBladeStress,Calculated blade stress,Unit-stripped normalized regulatory variable,Locked R2 variable plus linked regulation; verified QUDT URI only where populated,N3 - remove unit from the identifier and retain it in unit/quantity metadata,Descriptive formula token in locked requirement; Locked workbook canonical variable,sigma_st; sigmaSt_MPa; sigma_st_MPa,Passed - unit separation verified,High,Unit-stripped normalized regulatory variable. The proposed name is traceable to Locked R2 variable plus linked regulation; verified QUDT URI only where populated; aliases preserve the original notation.,TRF-105; TRF-106
VOC-0117,calculatedRequiredPower,Calculated required power,Unit-stripped normalized regulatory variable,Locked R2 variable plus linked regulation; verified QUDT URI only where populated,N3 - remove unit from the identifier and retain it in unit/quantity metadata,Descriptive formula token in locked requirement,calculated_required_power_kW,Passed - unit separation verified,High,Unit-stripped normalized regulatory variable. The proposed name is traceable to Locked R2 variable plus linked regulation; verified QUDT URI only where populated; aliases preserve the original notation.,TRF-018
VOC-0118,capabilitiesSectionPresent,Capabilities section present,Locked-workbook normalized regulatory term,LOCK-2026-08-11-R2 plus linked regulation evidence,N4 - preserve the source concept; normalize spelling to ASCII lowerCamelCase,Locked workbook canonical variable,capabilities_section_present,Passed - transparent source normalization,Medium,Locked-workbook normalized regulatory term. The proposed name is traceable to LOCK-2026-08-11-R2 plus linked regulation evidence; aliases preserve the original notation.,IMO-022
VOC-0119,capabilityExceedanceAvoidanceProcedurePresent,Capability exceedance avoidance procedure present,Locked-workbook normalized regulatory term,LOCK-2026-08-11-R2 plus linked regulation evidence,N4 - preserve the source concept; normalize spelling to ASCII lowerCamelCase,Locked workbook canonical variable,capability_exceedance_avoidance_procedure_present,Passed - transparent source normalization,Medium,Locked-workbook normalized regulatory term. The proposed name is traceable to LOCK-2026-08-11-R2 plus linked regulation evidence; aliases preserve the original notation.,IMO-023
VOC-0120,cargoRecordBookPolarCoverage,Cargo record book polar coverage,Locked-workbook normalized regulatory term,LOCK-2026-08-11-R2 plus linked regulation evidence,N4 - preserve the source concept; normalize spelling to ASCII lowerCamelCase,Locked workbook canonical variable,Cargo_Record_Book_polar_coverage,Passed - transparent source normalization,Medium,Locked-workbook normalized regulatory term. The proposed name is traceable to LOCK-2026-08-11-R2 plus linked regulation evidence; aliases preserve the original notation.,IMO-113
VOC-0121,cargoShip,Cargo ship,Benchmark-coined descriptive engineering term,Meaning decomposed from the linked verified regulatory clause,"N5 - component or subject first, followed by characteristic and qualifier/state; no unsupported external mapping",Descriptive formula token in locked requirement,cargo_ship,Passed - clause-anchored benchmark coinage,Medium,Benchmark-coined descriptive engineering term. The proposed name is traceable to Meaning decomposed from the linked verified regulatory clause; aliases preserve the original notation.,IMO26-002; IMO26-016
VOC-0122,cargoTankCarriesOil,Cargo tank carries oil,Locked-workbook normalized regulatory term,LOCK-2026-08-11-R2 plus linked regulation evidence,N4 - preserve the source concept; normalize spelling to ASCII lowerCamelCase,Descriptive formula token in locked requirement; Locked workbook canonical variable,cargo_tank_carries_oil,Passed - transparent source normalization,Medium,Locked-workbook normalized regulatory term. The proposed name is traceable to LOCK-2026-08-11-R2 plus linked regulation evidence; aliases preserve the original notation.,IMO-109
VOC-0123,cargoTankOuterShellSeparation,Cargo tank outer shell separation,Unit-stripped normalized regulatory variable,Locked R2 variable plus linked regulation; verified QUDT URI only where populated,N3 - remove unit from the identifier and retain it in unit/quantity metadata,Descriptive formula token in locked requirement; Locked workbook canonical variable,cargo_tank_outer_shell_separation_m,Passed - unit separation verified,High,Unit-stripped normalized regulatory variable. The proposed name is traceable to Locked R2 variable plus linked regulation; verified QUDT URI only where populated; aliases preserve the original notation.,IMO-109
VOC-0124,cargoTankType,Cargo tank type,Locked-workbook normalized regulatory term,LOCK-2026-08-11-R2 plus linked regulation evidence,N4 - preserve the source concept; normalize spelling to ASCII lowerCamelCase,Descriptive formula token in locked requirement; Locked workbook canonical variable,cargo_tank_type,Passed - transparent source normalization,Medium,Locked-workbook normalized regulatory term. The proposed name is traceable to LOCK-2026-08-11-R2 plus linked regulation evidence; aliases preserve the original notation.,IMO-114
VOC-0125,carriedNoxiousLiquidSubstanceRequiresType3Tank,Carried noxious liquid substance requires type3 tank,Locked-workbook normalized regulatory term,LOCK-2026-08-11-R2 plus linked regulation evidence,N4 - preserve the source concept; normalize spelling to ASCII lowerCamelCase,Descriptive formula token in locked requirement; Locked workbook canonical variable,carried_NLS_requires_type_3_tank,Passed - transparent source normalization,Medium,Locked-workbook normalized regulatory term. The proposed name is traceable to LOCK-2026-08-11-R2 plus linked regulation evidence; aliases preserve the original notation.,IMO-114
VOC-0126,certificateIssued,Certificate issued,Locked-workbook normalized regulatory term,LOCK-2026-08-11-R2 plus linked regulation evidence,N4 - preserve the source concept; normalize spelling to ASCII lowerCamelCase,Descriptive formula token in locked requirement; Locked workbook canonical variable,certificate_issued,Passed - transparent source normalization,Medium,Locked-workbook normalized regulatory term. The proposed name is traceable to LOCK-2026-08-11-R2 plus linked regulation evidence; aliases preserve the original notation.,IMO-015
VOC-0127,certificateLanguage,Certificate language,Locked-workbook normalized regulatory term,LOCK-2026-08-11-R2 plus linked regulation evidence,N4 - preserve the source concept; normalize spelling to ASCII lowerCamelCase,Descriptive formula token in locked requirement; Locked workbook canonical variable,certificate_language,Passed - transparent source normalization,Medium,Locked-workbook normalized regulatory term. The proposed name is traceable to LOCK-2026-08-11-R2 plus linked regulation evidence; aliases preserve the original notation.,IMO-016
VOC-0128,certificateMethodologyReferencePresent,Certificate methodology reference present,Locked-workbook normalized regulatory term,LOCK-2026-08-11-R2 plus linked regulation evidence,N4 - preserve the source concept; normalize spelling to ASCII lowerCamelCase,Descriptive formula token in locked requirement; Locked workbook canonical variable,certificate_methodology_reference_present,Passed - transparent source normalization,Medium,Locked-workbook normalized regulatory term. The proposed name is traceable to LOCK-2026-08-11-R2 plus linked regulation evidence; aliases preserve the original notation.,IMO-018
VOC-0129,charpyVTestCount,Charpy v test count,Benchmark-coined descriptive engineering term,Meaning decomposed from the linked verified regulatory clause,"N5 - component or subject first, followed by characteristic and qualifier/state; no unsupported external mapping",Descriptive formula token in locked requirement,Charpy_V_test_count,Passed - clause-anchored benchmark coinage,Medium,Benchmark-coined descriptive engineering term. The proposed name is traceable to Meaning decomposed from the linked verified regulatory clause; aliases preserve the original notation.,TRF-072; TRF-073
VOC-0130,clampedHullGeometryTerm,Clamped hull geometry term,Benchmark-coined descriptive engineering term,Meaning decomposed from the linked verified regulatory clause,"N5 - component or subject first, followed by characteristic and qualifier/state; no unsupported external mapping",Engineering decomposition of verified clause,clampedHullGeometryTerm,Passed - clause-anchored benchmark coinage,Medium,Benchmark-coined descriptive engineering term. The proposed name is traceable to Meaning decomposed from the linked verified regulatory clause; aliases preserve the original notation.,TRF-027
VOC-0131,classificationSociety,Classification society,Benchmark-coined descriptive engineering term,Meaning decomposed from the linked verified regulatory clause,"N5 - component or subject first, followed by characteristic and qualifier/state; no unsupported external mapping",Engineering decomposition of verified clause,classificationSociety,Passed - clause-anchored benchmark coinage,Medium,Benchmark-coined descriptive engineering term. The proposed name is traceable to Meaning decomposed from the linked verified regulatory clause; aliases preserve the original notation.,TRF-035
VOC-0132,classificationSocietyScantling,Classification society scantling,Benchmark-coined descriptive engineering term,Meaning decomposed from the linked verified regulatory clause,"N5 - component or subject first, followed by characteristic and qualifier/state; no unsupported external mapping",Engineering decomposition of verified clause,classificationSocietyScantling,Passed - clause-anchored benchmark coinage,Medium,Benchmark-coined descriptive engineering term. The proposed name is traceable to Meaning decomposed from the linked verified regulatory clause; aliases preserve the original notation.,TRF-032
VOC-0133,classLoadCycleCount,Class load cycle count,Locked-workbook normalized regulatory term,LOCK-2026-08-11-R2 plus linked regulation evidence,N4 - preserve the source concept; normalize spelling to ASCII lowerCamelCase,Locked workbook canonical variable,Nclass,Passed - transparent source normalization,Medium,Locked-workbook normalized regulatory term. The proposed name is traceable to LOCK-2026-08-11-R2 plus linked regulation evidence; aliases preserve the original notation.,TRF-078
VOC-0134,cleanBallast,Clean ballast,Benchmark-coined descriptive engineering term,Meaning decomposed from the linked verified regulatory clause,"N5 - component or subject first, followed by characteristic and qualifier/state; no unsupported external mapping",Descriptive formula token in locked requirement,clean_ballast,Passed - clause-anchored benchmark coinage,Medium,Benchmark-coined descriptive engineering term. The proposed name is traceable to Meaning decomposed from the linked verified regulatory clause; aliases preserve the original notation.,IMO-106
VOC-0135,clearViewAsternStatus,Clear view astern status,Locked-workbook normalized regulatory term,LOCK-2026-08-11-R2 plus linked regulation evidence,N4 - preserve the source concept; normalize spelling to ASCII lowerCamelCase,Descriptive formula token in locked requirement; Locked workbook canonical variable,clear_view_astern_status,Passed - transparent source normalization,Medium,Locked-workbook normalized regulatory term. The proposed name is traceable to LOCK-2026-08-11-R2 plus linked regulation evidence; aliases preserve the original notation.,IMO-082; IMO26-008
VOC-0136,closingDeviceOutsideHabitableEnvironment,Closing device outside habitable environment,Locked-workbook normalized regulatory term,LOCK-2026-08-11-R2 plus linked regulation evidence,N4 - preserve the source concept; normalize spelling to ASCII lowerCamelCase,Descriptive formula token in locked requirement; Locked workbook canonical variable,closing_device_outside_habitable_environment,Passed - transparent source normalization,Medium,Locked-workbook normalized regulatory term. The proposed name is traceable to LOCK-2026-08-11-R2 plus linked regulation evidence; aliases preserve the original notation.,IMO-042
VOC-0137,coefficientC3,Coefficient c3,Benchmark-coined descriptive engineering term,Meaning decomposed from the linked verified regulatory clause,"N5 - component or subject first, followed by characteristic and qualifier/state; no unsupported external mapping",Engineering decomposition of verified clause,coefficientC3,Passed - clause-anchored benchmark coinage,Medium,Benchmark-coined descriptive engineering term. The proposed name is traceable to Meaning decomposed from the linked verified regulatory clause; aliases preserve the original notation.,TRF-027
VOC-0138,coefficientC4,Coefficient c4,Benchmark-coined descriptive engineering term,Meaning decomposed from the linked verified regulatory clause,"N5 - component or subject first, followed by characteristic and qualifier/state; no unsupported external mapping",Engineering decomposition of verified clause,coefficientC4,Passed - clause-anchored benchmark coinage,Medium,Benchmark-coined descriptive engineering term. The proposed name is traceable to Meaning decomposed from the linked verified regulatory clause; aliases preserve the original notation.,TRF-027
VOC-0139,coefficientC5,Coefficient c5,Benchmark-coined descriptive engineering term,Meaning decomposed from the linked verified regulatory clause,"N5 - component or subject first, followed by characteristic and qualifier/state; no unsupported external mapping",Engineering decomposition of verified clause,coefficientC5,Passed - clause-anchored benchmark coinage,Medium,Benchmark-coined descriptive engineering term. The proposed name is traceable to Meaning decomposed from the linked verified regulatory clause; aliases preserve the original notation.,TRF-027
VOC-0140,coefficientF1,Coefficient f1,Benchmark-coined descriptive engineering term,Meaning decomposed from the linked verified regulatory clause,"N5 - component or subject first, followed by characteristic and qualifier/state; no unsupported external mapping",Engineering decomposition of verified clause,coefficientF1,Passed - clause-anchored benchmark coinage,Medium,Benchmark-coined descriptive engineering term. The proposed name is traceable to Meaning decomposed from the linked verified regulatory clause; aliases preserve the original notation.,TRF-027
VOC-0141,coefficientF2,Coefficient f2,Benchmark-coined descriptive engineering term,Meaning decomposed from the linked verified regulatory clause,"N5 - component or subject first, followed by characteristic and qualifier/state; no unsupported external mapping",Engineering decomposition of verified clause,coefficientF2,Passed - clause-anchored benchmark coinage,Medium,Benchmark-coined descriptive engineering term. The proposed name is traceable to Meaning decomposed from the linked verified regulatory clause; aliases preserve the original notation.,TRF-027
VOC-0142,coefficientF3,Coefficient f3,Benchmark-coined descriptive engineering term,Meaning decomposed from the linked verified regulatory clause,"N5 - component or subject first, followed by characteristic and qualifier/state; no unsupported external mapping",Engineering decomposition of verified clause,coefficientF3,Passed - clause-anchored benchmark coinage,Medium,Benchmark-coined descriptive engineering term. The proposed name is traceable to Meaning decomposed from the linked verified regulatory clause; aliases preserve the original notation.,TRF-027
VOC-0143,coefficientF4,Coefficient f4,Benchmark-coined descriptive engineering term,Meaning decomposed from the linked verified regulatory clause,"N5 - component or subject first, followed by characteristic and qualifier/state; no unsupported external mapping",Engineering decomposition of verified clause,coefficientF4,Passed - clause-anchored benchmark coinage,Medium,Benchmark-coined descriptive engineering term. The proposed name is traceable to Meaning decomposed from the linked verified regulatory clause; aliases preserve the original notation.,TRF-027
VOC-0144,coefficientG1,Coefficient g1,Benchmark-coined descriptive engineering term,Meaning decomposed from the linked verified regulatory clause,"N5 - component or subject first, followed by characteristic and qualifier/state; no unsupported external mapping",Engineering decomposition of verified clause,coefficientG1,Passed - clause-anchored benchmark coinage,Medium,Benchmark-coined descriptive engineering term. The proposed name is traceable to Meaning decomposed from the linked verified regulatory clause; aliases preserve the original notation.,TRF-027
VOC-0145,coefficientG2,Coefficient g2,Benchmark-coined descriptive engineering term,Meaning decomposed from the linked verified regulatory clause,"N5 - component or subject first, followed by characteristic and qualifier/state; no unsupported external mapping",Engineering decomposition of verified clause,coefficientG2,Passed - clause-anchored benchmark coinage,Medium,Benchmark-coined descriptive engineering term. The proposed name is traceable to Meaning decomposed from the linked verified regulatory clause; aliases preserve the original notation.,TRF-027
VOC-0146,coefficientG3,Coefficient g3,Benchmark-coined descriptive engineering term,Meaning decomposed from the linked verified regulatory clause,"N5 - component or subject first, followed by characteristic and qualifier/state; no unsupported external mapping",Engineering decomposition of verified clause,coefficientG3,Passed - clause-anchored benchmark coinage,Medium,Benchmark-coined descriptive engineering term. The proposed name is traceable to Meaning decomposed from the linked verified regulatory clause; aliases preserve the original notation.,TRF-027
VOC-0147,colregSternLightArcComplianceStatus,COLREG stern light arc compliance status,Locked-workbook normalized regulatory term,LOCK-2026-08-11-R2 plus linked regulation evidence,N4 - preserve the source concept; normalize spelling to ASCII lowerCamelCase,Descriptive formula token in locked requirement; Locked workbook canonical variable,COLREG_stern_light_arc_compliance_status,Passed - transparent source normalization,Medium,Locked-workbook normalized regulatory term. The proposed name is traceable to LOCK-2026-08-11-R2 plus linked regulation evidence; aliases preserve the original notation.,IMO-089
VOC-0148,combinedAxialBendingTorsionLoad,Combined axial bending torsion load,Benchmark-coined descriptive engineering term,Meaning decomposed from the linked verified regulatory clause,"N5 - component or subject first, followed by characteristic and qualifier/state; no unsupported external mapping",Engineering decomposition of verified clause,combinedAxialBendingTorsionLoad,Passed - clause-anchored benchmark coinage,Medium,Benchmark-coined descriptive engineering term. The proposed name is traceable to Meaning decomposed from the linked verified regulatory clause; aliases preserve the original notation.,TRF-112
VOC-0149,combinedBendingShearStress,Combined bending shear stress,Benchmark-coined descriptive engineering term,Meaning decomposed from the linked verified regulatory clause,"N5 - component or subject first, followed by characteristic and qualifier/state; no unsupported external mapping",Engineering decomposition of verified clause,combinedBendingShearStress,Passed - clause-anchored benchmark coinage,Medium,Benchmark-coined descriptive engineering term. The proposed name is traceable to Meaning decomposed from the linked verified regulatory clause; aliases preserve the original notation.,TRF-031
VOC-0150,combinedShearBendingEffect,Combined shear bending effect,Benchmark-coined descriptive engineering term,Meaning decomposed from the linked verified regulatory clause,"N5 - component or subject first, followed by characteristic and qualifier/state; no unsupported external mapping",Engineering decomposition of verified clause,combinedBendingShearEffect; combinedShearBendingEffect,Passed - clause-anchored benchmark coinage,Medium,Benchmark-coined descriptive engineering term. The proposed name is traceable to Meaning decomposed from the linked verified regulatory clause; aliases preserve the original notation.,I2-031; I2-034; I2-037
VOC-0151,combustionAirTemperature,Combustion air temperature,Unit-stripped normalized regulatory variable,Locked R2 variable plus linked regulation; verified QUDT URI only where populated,N3 - remove unit from the identifier and retain it in unit/quantity metadata,Descriptive formula token in locked requirement; Locked workbook canonical variable,combustion_air_temperature_degC,Passed - unit separation verified,High,Unit-stripped normalized regulatory variable. The proposed name is traceable to Locked R2 variable plus linked regulation; verified QUDT URI only where populated; aliases preserve the original notation.,IMO-047
VOC-0152,combustionAirTemperatureControlPresent,Combustion air temperature control present,Locked-workbook normalized regulatory term,LOCK-2026-08-11-R2 plus linked regulation evidence,N4 - preserve the source concept; normalize spelling to ASCII lowerCamelCase,Descriptive formula token in locked requirement; Locked workbook canonical variable,combustion_air_temperature_control_present,Passed - transparent source normalization,Medium,Locked-workbook normalized regulatory term. The proposed name is traceable to LOCK-2026-08-11-R2 plus linked regulation evidence; aliases preserve the original notation.,IMO-047
VOC-0153,comminutedAndDisinfected,Comminuted and disinfected,Benchmark-coined descriptive engineering term,Meaning decomposed from the linked verified regulatory clause,"N5 - component or subject first, followed by characteristic and qualifier/state; no unsupported external mapping",Descriptive formula token in locked requirement,comminuted_and_disinfected,Passed - clause-anchored benchmark coinage,Medium,Benchmark-coined descriptive engineering term. The proposed name is traceable to Meaning decomposed from the linked verified regulatory clause; aliases preserve the original notation.,IMO-115
VOC-0154,communicationDeviceAvailability,Communication device availability,Unit-stripped normalized regulatory variable,Locked R2 variable plus linked regulation; verified QUDT URI only where populated,N3 - remove unit from the identifier and retain it in unit/quantity metadata,Locked workbook canonical variable,communication_device_availability_days,Passed - unit separation verified,High,Unit-stripped normalized regulatory variable. The proposed name is traceable to Locked R2 variable plus linked regulation; verified QUDT URI only where populated; aliases preserve the original notation.,IMO-099
VOC-0155,communicationMode,Communication mode,Locked-workbook normalized regulatory term,LOCK-2026-08-11-R2 plus linked regulation evidence,N4 - preserve the source concept; normalize spelling to ASCII lowerCamelCase,Locked workbook canonical variable,communication_mode,Passed - transparent source normalization,Medium,Locked-workbook normalized regulatory term. The proposed name is traceable to LOCK-2026-08-11-R2 plus linked regulation evidence; aliases preserve the original notation.,IMO-090
VOC-0156,compressorChargeTime,Compressor charge time,Unit-stripped normalized regulatory variable,Locked R2 variable plus linked regulation; verified QUDT URI only where populated,N3 - remove unit from the identifier and retain it in unit/quantity metadata,Locked workbook canonical variable,compressorChargeTime_h,Passed - unit separation verified,High,Unit-stripped normalized regulatory variable. The proposed name is traceable to Locked R2 variable plus linked regulation; verified QUDT URI only where populated; aliases preserve the original notation.,TRF-128
VOC-0157,connectedToEmergencyPower,Connected to emergency power,Locked-workbook normalized regulatory term,LOCK-2026-08-11-R2 plus linked regulation evidence,N4 - preserve the source concept; normalize spelling to ASCII lowerCamelCase,Descriptive formula token in locked requirement; Locked workbook canonical variable,connected_to_emergency_power,Passed - transparent source normalization,Medium,Locked-workbook normalized regulatory term. The proposed name is traceable to LOCK-2026-08-11-R2 plus linked regulation evidence; aliases preserve the original notation.,IMO-086; IMO-087; IMO26-012; IMO26-013
VOC-0158,connectedToMainPower,Connected to main power,Locked-workbook normalized regulatory term,LOCK-2026-08-11-R2 plus linked regulation evidence,N4 - preserve the source concept; normalize spelling to ASCII lowerCamelCase,Descriptive formula token in locked requirement; Locked workbook canonical variable,connected_to_main_power,Passed - transparent source normalization,Medium,Locked-workbook normalized regulatory term. The proposed name is traceable to LOCK-2026-08-11-R2 plus linked regulation evidence; aliases preserve the original notation.,IMO-086; IMO-087; IMO26-012; IMO26-013
VOC-0159,connectionBracket,Connection bracket,Benchmark-coined descriptive engineering term,Meaning decomposed from the linked verified regulatory clause,"N5 - component or subject first, followed by characteristic and qualifier/state; no unsupported external mapping",Engineering decomposition of verified clause,connectionBracket,Passed - clause-anchored benchmark coinage,Medium,Benchmark-coined descriptive engineering term. The proposed name is traceable to Meaning decomposed from the linked verified regulatory clause; aliases preserve the original notation.,I2-026; TRF-049
VOC-0160,connectionMemberScantling,Connection member scantling,Benchmark-coined descriptive engineering term,Meaning decomposed from the linked verified regulatory clause,"N5 - component or subject first, followed by characteristic and qualifier/state; no unsupported external mapping",Engineering decomposition of verified clause,connectionMemberScantling,Passed - clause-anchored benchmark coinage,Medium,Benchmark-coined descriptive engineering term. The proposed name is traceable to Meaning decomposed from the linked verified regulatory clause; aliases preserve the original notation.,TRF-046; TRF-047
VOC-0161,constructionContractDate,Construction contract date,Benchmark-coined descriptive engineering term,Meaning decomposed from the linked verified regulatory clause,"N5 - component or subject first, followed by characteristic and qualifier/state; no unsupported external mapping",Engineering decomposition of verified clause,constructionContractDate,Passed - clause-anchored benchmark coinage,Medium,Benchmark-coined descriptive engineering term. The proposed name is traceable to Meaning decomposed from the linked verified regulatory clause; aliases preserve the original notation.,I2-001
VOC-0162,constructionDate,Construction date,Locked-workbook normalized regulatory term,LOCK-2026-08-11-R2 plus linked regulation evidence,N4 - preserve the source concept; normalize spelling to ASCII lowerCamelCase,Descriptive formula token in locked requirement; Locked workbook canonical variable,construction_date,Passed - transparent source normalization,Medium,Locked-workbook normalized regulatory term. The proposed name is traceable to LOCK-2026-08-11-R2 plus linked regulation evidence; aliases preserve the original notation.,IMO-037; IMO-067; IMO-081; IMO-085; IMO-108; IMO-109; IMO-110; IMO-111; IMO-114; IMO-118; IMO26-007; IMO26-011
VOC-0163,constructionStageDate,Construction stage date,Benchmark-coined descriptive engineering term,Meaning decomposed from the linked verified regulatory clause,"N5 - component or subject first, followed by characteristic and qualifier/state; no unsupported external mapping",Descriptive formula token in locked requirement,construction_stage_date,Passed - clause-anchored benchmark coinage,Medium,Benchmark-coined descriptive engineering term. The proposed name is traceable to Meaning decomposed from the linked verified regulatory clause; aliases preserve the original notation.,TRF-020
VOC-0164,contactGeometry,Contact geometry,Benchmark-coined descriptive engineering term,Meaning decomposed from the linked verified regulatory clause,"N5 - component or subject first, followed by characteristic and qualifier/state; no unsupported external mapping",Engineering decomposition of verified clause,contactGeometry,Passed - clause-anchored benchmark coinage,Medium,Benchmark-coined descriptive engineering term. The proposed name is traceable to Meaning decomposed from the linked verified regulatory clause; aliases preserve the original notation.,TRF-114
VOC-0165,containingCompartment,Containing compartment,Locked-workbook normalized regulatory term,LOCK-2026-08-11-R2 plus linked regulation evidence,N4 - preserve the source concept; normalize spelling to ASCII lowerCamelCase,Locked workbook canonical variable,containing_compartment,Passed - transparent source normalization,Medium,Locked-workbook normalized regulatory term. The proposed name is traceable to LOCK-2026-08-11-R2 plus linked regulation evidence; aliases preserve the original notation.,IMO-057
VOC-0166,contaminatedByOtherGarbage,Contaminated by other garbage,Locked-workbook normalized regulatory term,LOCK-2026-08-11-R2 plus linked regulation evidence,N4 - preserve the source concept; normalize spelling to ASCII lowerCamelCase,Descriptive formula token in locked requirement; Locked workbook canonical variable,contaminated_by_other_garbage,Passed - transparent source normalization,Medium,Locked-workbook normalized regulatory term. The proposed name is traceable to LOCK-2026-08-11-R2 plus linked regulation evidence; aliases preserve the original notation.,IMO-121
VOC-0167,continuouslyAccessible,Continuously accessible,Locked-workbook normalized regulatory term,LOCK-2026-08-11-R2 plus linked regulation evidence,N4 - preserve the source concept; normalize spelling to ASCII lowerCamelCase,Descriptive formula token in locked requirement; Locked workbook canonical variable,continuously_accessible,Passed - transparent source normalization,Medium,Locked-workbook normalized regulatory term. The proposed name is traceable to LOCK-2026-08-11-R2 plus linked regulation evidence; aliases preserve the original notation.,IMO-051; IMO-055
VOC-0168,continuousSurfaceProjectedArea,Continuous surface projected area,Locked-workbook normalized regulatory term,LOCK-2026-08-11-R2 plus linked regulation evidence,N4 - preserve the source concept; normalize spelling to ASCII lowerCamelCase,Descriptive formula token in locked requirement; Locked workbook canonical variable,continuous_surface_projected_area,Passed - transparent source normalization,Medium,Locked-workbook normalized regulatory term. The proposed name is traceable to LOCK-2026-08-11-R2 plus linked regulation evidence; aliases preserve the original notation.,IMO-033
VOC-0169,continuousSurfaceStaticMoment,Continuous surface static moment,Locked-workbook normalized regulatory term,LOCK-2026-08-11-R2 plus linked regulation evidence,N4 - preserve the source concept; normalize spelling to ASCII lowerCamelCase,Descriptive formula token in locked requirement; Locked workbook canonical variable,continuous_surface_static_moment,Passed - transparent source normalization,Medium,Locked-workbook normalized regulatory term. The proposed name is traceable to LOCK-2026-08-11-R2 plus linked regulation evidence; aliases preserve the original notation.,IMO-033
VOC-0170,continuousUseSuitabilityStatus,Continuous use suitability status,Locked-workbook normalized regulatory term,LOCK-2026-08-11-R2 plus linked regulation evidence,N4 - preserve the source concept; normalize spelling to ASCII lowerCamelCase,Descriptive formula token in locked requirement; Locked workbook canonical variable,continuous_use_suitability_status,Passed - transparent source normalization,Medium,Locked-workbook normalized regulatory term. The proposed name is traceable to LOCK-2026-08-11-R2 plus linked regulation evidence; aliases preserve the original notation.,IMO-072
VOC-0171,coolingWaterSupplySecured,Cooling water supply secured,Benchmark-coined descriptive engineering term,Meaning decomposed from the linked verified regulatory clause,"N5 - component or subject first, followed by characteristic and qualifier/state; no unsupported external mapping",Engineering decomposition of verified clause,coolingWaterSupplySecured,Passed - clause-anchored benchmark coinage,Medium,Benchmark-coined descriptive engineering term. The proposed name is traceable to Meaning decomposed from the linked verified regulatory clause; aliases preserve the original notation.,TRF-129
VOC-0172,coolingWaterSystem,Cooling water system,Benchmark-coined descriptive engineering term,Meaning decomposed from the linked verified regulatory clause,"N5 - component or subject first, followed by characteristic and qualifier/state; no unsupported external mapping",Engineering decomposition of verified clause,coolingWaterSystem,Passed - clause-anchored benchmark coinage,Medium,Benchmark-coined descriptive engineering term. The proposed name is traceable to Meaning decomposed from the linked verified regulatory clause; aliases preserve the original notation.,TRF-129
VOC-0173,correctiveActionStatus,Corrective action status,Locked-workbook normalized regulatory term,LOCK-2026-08-11-R2 plus linked regulation evidence,N4 - preserve the source concept; normalize spelling to ASCII lowerCamelCase,Descriptive formula token in locked requirement; Locked workbook canonical variable,corrective_action_status,Passed - transparent source normalization,Medium,Locked-workbook normalized regulatory term. The proposed name is traceable to LOCK-2026-08-11-R2 plus linked regulation evidence; aliases preserve the original notation.,IMO-036
VOC-0174,corrosionAbrasionAddition,Corrosion abrasion addition,Benchmark-coined descriptive engineering term,Meaning decomposed from the linked verified regulatory clause,"N5 - component or subject first, followed by characteristic and qualifier/state; no unsupported external mapping",Engineering decomposition of verified clause,corrosionAbrasionAddition,Passed - clause-anchored benchmark coinage,Medium,Benchmark-coined descriptive engineering term. The proposed name is traceable to Meaning decomposed from the linked verified regulatory clause; aliases preserve the original notation.,I2-046
VOC-0175,crewMember,Crew member,Locked-workbook normalized regulatory term,LOCK-2026-08-11-R2 plus linked regulation evidence,N4 - preserve the source concept; normalize spelling to ASCII lowerCamelCase,Locked workbook canonical variable,crew_member,Passed - transparent source normalization,Medium,Locked-workbook normalized regulatory term. The proposed name is traceable to LOCK-2026-08-11-R2 plus linked regulation evidence; aliases preserve the original notation.,IMO-078; IMO-104
VOC-0176,crewRole,Crew role,Locked-workbook normalized regulatory term,LOCK-2026-08-11-R2 plus linked regulation evidence,N4 - preserve the source concept; normalize spelling to ASCII lowerCamelCase,Descriptive formula token in locked requirement; Locked workbook canonical variable,crew_role,Passed - transparent source normalization,Medium,Locked-workbook normalized regulatory term. The proposed name is traceable to LOCK-2026-08-11-R2 plus linked regulation evidence; aliases preserve the original notation.,IMO-102
VOC-0177,crewSurvivalEquipmentTrainingStatus,Crew survival equipment training status,Locked-workbook normalized regulatory term,LOCK-2026-08-11-R2 plus linked regulation evidence,N4 - preserve the source concept; normalize spelling to ASCII lowerCamelCase,Locked workbook canonical variable,crew_survival_equipment_training_status,Passed - transparent source normalization,Medium,Locked-workbook normalized regulatory term. The proposed name is traceable to LOCK-2026-08-11-R2 plus linked regulation evidence; aliases preserve the original notation.,IMO-078
VOC-0178,currentIceInformationReceivingCapability,Current ice information receiving capability,Locked-workbook normalized regulatory term,LOCK-2026-08-11-R2 plus linked regulation evidence,N4 - preserve the source concept; normalize spelling to ASCII lowerCamelCase,Descriptive formula token in locked requirement; Locked workbook canonical variable,current_ice_information_receiving_capability,Passed - transparent source normalization,Medium,Locked-workbook normalized regulatory term. The proposed name is traceable to LOCK-2026-08-11-R2 plus linked regulation evidence; aliases preserve the original notation.,IMO26-003
VOC-0179,currentNavigationInformationReceivingCapability,Current navigation information receiving capability,Locked-workbook normalized regulatory term,LOCK-2026-08-11-R2 plus linked regulation evidence,N4 - preserve the source concept; normalize spelling to ASCII lowerCamelCase,Descriptive formula token in locked requirement; Locked workbook canonical variable,current_navigation_information_receiving_capability,Passed - transparent source normalization,Medium,Locked-workbook normalized regulatory term. The proposed name is traceable to LOCK-2026-08-11-R2 plus linked regulation evidence; aliases preserve the original notation.,IMO26-003
VOC-0180,cutout,Cutout,Benchmark-coined descriptive engineering term,Meaning decomposed from the linked verified regulatory clause,"N5 - component or subject first, followed by characteristic and qualifier/state; no unsupported external mapping",Engineering decomposition of verified clause,cutout,Passed - clause-anchored benchmark coinage,Medium,Benchmark-coined descriptive engineering term. The proposed name is traceable to Meaning decomposed from the linked verified regulatory clause; aliases preserve the original notation.,I2-060
VOC-0181,dailyLowTemperature,Daily low temperature,Unit-stripped normalized regulatory variable,Locked R2 variable plus linked regulation; verified QUDT URI only where populated,N3 - remove unit from the identifier and retain it in unit/quantity metadata,Locked workbook canonical variable,daily_low_temperature_degC,Passed - unit separation verified,High,Unit-stripped normalized regulatory variable. The proposed name is traceable to Locked R2 variable plus linked regulation; verified QUDT URI only where populated; aliases preserve the original notation.,IMO-011
VOC-0182,damageCenterForwardOfMaxBreadth,Damage center forward of max breadth,Locked-workbook normalized regulatory term,LOCK-2026-08-11-R2 plus linked regulation evidence,N4 - preserve the source concept; normalize spelling to ASCII lowerCamelCase,Descriptive formula token in locked requirement; Locked workbook canonical variable,damage_center_forward_of_max_breadth,Passed - transparent source normalization,Medium,Locked-workbook normalized regulatory term. The proposed name is traceable to LOCK-2026-08-11-R2 plus linked regulation evidence; aliases preserve the original notation.,IMO-038
VOC-0183,damping,Damping,Benchmark-coined descriptive engineering term,Meaning decomposed from the linked verified regulatory clause,"N5 - component or subject first, followed by characteristic and qualifier/state; no unsupported external mapping",Engineering decomposition of verified clause,damping,Passed - clause-anchored benchmark coinage,Medium,Benchmark-coined descriptive engineering term. The proposed name is traceable to Meaning decomposed from the linked verified regulatory clause; aliases preserve the original notation.,TRF-100; TRF-120
VOC-0184,dataPeriod,Data period,Unit-stripped normalized regulatory variable,Locked R2 variable plus linked regulation; verified QUDT URI only where populated,N3 - remove unit from the identifier and retain it in unit/quantity metadata,Descriptive formula token in locked requirement; Locked workbook canonical variable,data_period_years,Passed - unit separation verified,High,Unit-stripped normalized regulatory variable. The proposed name is traceable to Locked R2 variable plus linked regulation; verified QUDT URI only where populated; aliases preserve the original notation.,IMO-011
VOC-0185,deadweightTonnes,Deadweight tonnes,Locked-workbook normalized regulatory term,LOCK-2026-08-11-R2 plus linked regulation evidence,N4 - preserve the source concept; normalize spelling to ASCII lowerCamelCase,Descriptive formula token in locked requirement; Locked workbook canonical variable,deadweight_tonnes,Passed - transparent source normalization,Medium,Locked-workbook normalized regulatory term. The proposed name is traceable to LOCK-2026-08-11-R2 plus linked regulation evidence; aliases preserve the original notation.,IMO-110
VOC-0186,deckIcingAllowance,Deck icing allowance,Unit-stripped normalized regulatory variable,Locked R2 variable plus linked regulation; verified QUDT URI only where populated,N3 - remove unit from the identifier and retain it in unit/quantity metadata,Descriptive formula token in locked requirement; Locked workbook canonical variable,deck_icing_allowance_kg_m2,Passed - unit separation verified,High,Unit-stripped normalized regulatory variable. The proposed name is traceable to Locked R2 variable plus linked regulation; verified QUDT URI only where populated; aliases preserve the original notation.,IMO-033
VOC-0187,demonstratedDuration,Demonstrated duration,Unit-stripped normalized regulatory variable,Locked R2 variable plus linked regulation; verified QUDT URI only where populated,N3 - remove unit from the identifier and retain it in unit/quantity metadata,Descriptive formula token in locked requirement; Locked workbook canonical variable,demonstrated_duration_days,Passed - unit separation verified,High,Unit-stripped normalized regulatory variable. The proposed name is traceable to Locked R2 variable plus linked regulation; verified QUDT URI only where populated; aliases preserve the original notation.,IMO-063
VOC-0188,demonstratedOperatingDuration,Demonstrated operating duration,Unit-stripped normalized regulatory variable,Locked R2 variable plus linked regulation; verified QUDT URI only where populated,N3 - remove unit from the identifier and retain it in unit/quantity metadata,Descriptive formula token in locked requirement; Locked workbook canonical variable,demonstrated_operating_duration_days,Passed - unit separation verified,High,Unit-stripped normalized regulatory variable. The proposed name is traceable to Locked R2 variable plus linked regulation; verified QUDT URI only where populated; aliases preserve the original notation.,IMO-020; IMO-093
VOC-0189,departureAndDestinationWithinArctic,Departure and destination within arctic,Locked-workbook normalized regulatory term,LOCK-2026-08-11-R2 plus linked regulation evidence,N4 - preserve the source concept; normalize spelling to ASCII lowerCamelCase,Descriptive formula token in locked requirement; Locked workbook canonical variable,departure_and_destination_within_Arctic,Passed - transparent source normalization,Medium,Locked-workbook normalized regulatory term. The proposed name is traceable to LOCK-2026-08-11-R2 plus linked regulation evidence; aliases preserve the original notation.,IMO-123
VOC-0190,designatedOfficerBasicTrainingStatus,Designated officer basic training status,Locked-workbook normalized regulatory term,LOCK-2026-08-11-R2 plus linked regulation evidence,N4 - preserve the source concept; normalize spelling to ASCII lowerCamelCase,Locked workbook canonical variable,designated_officer_basic_training_status,Passed - transparent source normalization,Medium,Locked-workbook normalized regulatory term. The proposed name is traceable to LOCK-2026-08-11-R2 plus linked regulation evidence; aliases preserve the original notation.,IMO-103
VOC-0191,designIceBlock,Design ice block,Benchmark-coined descriptive engineering term,Meaning decomposed from the linked verified regulatory clause,"N5 - component or subject first, followed by characteristic and qualifier/state; no unsupported external mapping",Engineering decomposition of verified clause,designIceBlock,Passed - clause-anchored benchmark coinage,Medium,Benchmark-coined descriptive engineering term. The proposed name is traceable to Meaning decomposed from the linked verified regulatory clause; aliases preserve the original notation.,TRF-114
VOC-0192,designIceCondition,Design ice condition,Locked-workbook normalized regulatory term,LOCK-2026-08-11-R2 plus linked regulation evidence,N4 - preserve the source concept; normalize spelling to ASCII lowerCamelCase,Locked workbook canonical variable,design_ice_condition,Passed - transparent source normalization,Medium,Locked-workbook normalized regulatory term. The proposed name is traceable to LOCK-2026-08-11-R2 plus linked regulation evidence; aliases preserve the original notation.,IMO-001; IMO-002; IMO-003
VOC-0193,designIceLoadHeight,Design ice load height,Benchmark-coined descriptive engineering term,Meaning decomposed from the linked verified regulatory clause,"N5 - component or subject first, followed by characteristic and qualifier/state; no unsupported external mapping",Engineering decomposition of verified clause,designIceLoadHeight,Passed - clause-anchored benchmark coinage,Medium,Benchmark-coined descriptive engineering term. The proposed name is traceable to Meaning decomposed from the linked verified regulatory clause; aliases preserve the original notation.,TRF-036
VOC-0194,designLineLoad,Design line load,Unit-stripped normalized regulatory variable,Locked R2 variable plus linked regulation; verified QUDT URI only where populated,N3 - remove unit from the identifier and retain it in unit/quantity metadata,Descriptive formula token in locked requirement,design_line_load_MN_m,Passed - unit separation verified,Medium,Unit-stripped normalized regulatory variable. The proposed name is traceable to Locked R2 variable plus linked regulation; verified QUDT URI only where populated; aliases preserve the original notation.,TRF-053; TRF-054
VOC-0195,designOperationSpeedInIce,Design operation speed in ice,Unit-stripped normalized regulatory variable,Locked R2 variable plus linked regulation; verified QUDT URI only where populated,N3 - remove unit from the identifier and retain it in unit/quantity metadata,Locked workbook canonical variable,designOperationSpeedInIce_kn,Passed - unit separation verified,High,Unit-stripped normalized regulatory variable. The proposed name is traceable to Locked R2 variable plus linked regulation; verified QUDT URI only where populated; aliases preserve the original notation.,TRF-040; TRF-065
VOC-0196,designStress,Design stress,Benchmark-coined descriptive engineering term,Meaning decomposed from the linked verified regulatory clause,"N5 - component or subject first, followed by characteristic and qualifier/state; no unsupported external mapping",Engineering decomposition of verified clause,designStress,Passed - clause-anchored benchmark coinage,Medium,Benchmark-coined descriptive engineering term. The proposed name is traceable to Meaning decomposed from the linked verified regulatory clause; aliases preserve the original notation.,I2-055
VOC-0197,designVerticalIceShearForce,Design vertical ice shear force,Benchmark-coined descriptive engineering term,Meaning decomposed from the linked verified regulatory clause,"N5 - component or subject first, followed by characteristic and qualifier/state; no unsupported external mapping",Engineering decomposition of verified clause,designVerticalIceShearForce,Passed - clause-anchored benchmark coinage,Medium,Benchmark-coined descriptive engineering term. The proposed name is traceable to Meaning decomposed from the linked verified regulatory clause; aliases preserve the original notation.,I2-051; I2-053
VOC-0198,designVerticalWaveShearForce,Design vertical wave shear force,Benchmark-coined descriptive engineering term,Meaning decomposed from the linked verified regulatory clause,"N5 - component or subject first, followed by characteristic and qualifier/state; no unsupported external mapping",Engineering decomposition of verified clause,designVerticalWaveShearForce,Passed - clause-anchored benchmark coinage,Medium,Benchmark-coined descriptive engineering term. The proposed name is traceable to Meaning decomposed from the linked verified regulatory clause; aliases preserve the original notation.,I2-053
VOC-0199,detachedStrut,Detached strut,Benchmark-coined descriptive engineering term,Meaning decomposed from the linked verified regulatory clause,"N5 - component or subject first, followed by characteristic and qualifier/state; no unsupported external mapping",Engineering decomposition of verified clause,detachedStrut,Passed - clause-anchored benchmark coinage,Medium,Benchmark-coined descriptive engineering term. The proposed name is traceable to Meaning decomposed from the linked verified regulatory clause; aliases preserve the original notation.,TRF-064
VOC-0200,devicePowerSourceIndependentOfMainPower,Device power source independent of main power,Locked-workbook normalized regulatory term,LOCK-2026-08-11-R2 plus linked regulation evidence,N4 - preserve the source concept; normalize spelling to ASCII lowerCamelCase,Descriptive formula token in locked requirement; Locked workbook canonical variable,device_power_source_independent_of_main_power,Passed - transparent source normalization,Medium,Locked-workbook normalized regulatory term. The proposed name is traceable to LOCK-2026-08-11-R2 plus linked regulation evidence; aliases preserve the original notation.,IMO-069
VOC-0201,dieselEnginePlant,Diesel engine plant,Benchmark-coined descriptive engineering term,Meaning decomposed from the linked verified regulatory clause,"N5 - component or subject first, followed by characteristic and qualifier/state; no unsupported external mapping",Engineering decomposition of verified clause,dieselEnginePlant,Passed - clause-anchored benchmark coinage,Medium,Benchmark-coined descriptive engineering term. The proposed name is traceable to Meaning decomposed from the linked verified regulatory clause; aliases preserve the original notation.,TRF-093
VOC-0202,dimensioningAnalysisStatus,Dimensioning analysis status,Benchmark-coined descriptive engineering term,Meaning decomposed from the linked verified regulatory clause,"N5 - component or subject first, followed by characteristic and qualifier/state; no unsupported external mapping",Descriptive formula token in locked requirement,dimensioning_analysis_status,Passed - clause-anchored benchmark coinage,Medium,Benchmark-coined descriptive engineering term. The proposed name is traceable to Meaning decomposed from the linked verified regulatory clause; aliases preserve the original notation.,TRF-068
VOC-0203,directAnalysisApprovalStatus,Direct analysis approval status,Benchmark-coined descriptive engineering term,Meaning decomposed from the linked verified regulatory clause,"N5 - component or subject first, followed by characteristic and qualifier/state; no unsupported external mapping",Engineering decomposition of verified clause,directAnalysisApprovalStatus,Passed - clause-anchored benchmark coinage,Medium,Benchmark-coined descriptive engineering term. The proposed name is traceable to Meaning decomposed from the linked verified regulatory clause; aliases preserve the original notation.,TRF-029
VOC-0204,directAnalysisUsed,Direct analysis used,Benchmark-coined descriptive engineering term,Meaning decomposed from the linked verified regulatory clause,"N5 - component or subject first, followed by characteristic and qualifier/state; no unsupported external mapping",Engineering decomposition of verified clause,directAnalysisUsed,Passed - clause-anchored benchmark coinage,Medium,Benchmark-coined descriptive engineering term. The proposed name is traceable to Meaning decomposed from the linked verified regulatory clause; aliases preserve the original notation.,TRF-029
VOC-0205,directCalculationMethod,Direct calculation method,Benchmark-coined descriptive engineering term,Meaning decomposed from the linked verified regulatory clause,"N5 - component or subject first, followed by characteristic and qualifier/state; no unsupported external mapping",Engineering decomposition of verified clause,directCalculationMethod,Passed - clause-anchored benchmark coinage,Medium,Benchmark-coined descriptive engineering term. The proposed name is traceable to Meaning decomposed from the linked verified regulatory clause; aliases preserve the original notation.,TRF-031
VOC-0206,directCalculationUsed,Direct calculation used,Benchmark-coined descriptive engineering term,Meaning decomposed from the linked verified regulatory clause,"N5 - component or subject first, followed by characteristic and qualifier/state; no unsupported external mapping",Engineering decomposition of verified clause,directCalculationUsed,Passed - clause-anchored benchmark coinage,Medium,Benchmark-coined descriptive engineering term. The proposed name is traceable to Meaning decomposed from the linked verified regulatory clause; aliases preserve the original notation.,I2-062
VOC-0207,directEvacuationOntoIceApplicable,Direct evacuation onto ice applicable,Locked-workbook normalized regulatory term,LOCK-2026-08-11-R2 plus linked regulation evidence,N4 - preserve the source concept; normalize spelling to ASCII lowerCamelCase,Descriptive formula token in locked requirement; Locked workbook canonical variable,direct_evacuation_onto_ice_applicable,Passed - transparent source normalization,Medium,Locked-workbook normalized regulatory term. The proposed name is traceable to LOCK-2026-08-11-R2 plus linked regulation evidence; aliases preserve the original notation.,IMO-068
VOC-0208,dischargeDistanceRecords,Discharge distance records,Locked-workbook normalized regulatory term,LOCK-2026-08-11-R2 plus linked regulation evidence,N4 - preserve the source concept; normalize spelling to ASCII lowerCamelCase,Locked workbook canonical variable,discharge_distance_records,Passed - transparent source normalization,Medium,Locked-workbook normalized regulatory term. The proposed name is traceable to LOCK-2026-08-11-R2 plus linked regulation evidence; aliases preserve the original notation.,IMO-117
VOC-0209,dischargedMaterialType,Discharged material type,Locked-workbook normalized regulatory term,LOCK-2026-08-11-R2 plus linked regulation evidence,N4 - preserve the source concept; normalize spelling to ASCII lowerCamelCase,Descriptive formula token in locked requirement; Locked workbook canonical variable,discharged_material_type,Passed - transparent source normalization,Medium,Locked-workbook normalized regulatory term. The proposed name is traceable to LOCK-2026-08-11-R2 plus linked regulation evidence; aliases preserve the original notation.,IMO-106
VOC-0210,discontinuousSurfaceProjectedArea,Discontinuous surface projected area,Locked-workbook normalized regulatory term,LOCK-2026-08-11-R2 plus linked regulation evidence,N4 - preserve the source concept; normalize spelling to ASCII lowerCamelCase,Descriptive formula token in locked requirement; Locked workbook canonical variable,discontinuous_surface_projected_area,Passed - transparent source normalization,Medium,Locked-workbook normalized regulatory term. The proposed name is traceable to LOCK-2026-08-11-R2 plus linked regulation evidence; aliases preserve the original notation.,IMO-033
VOC-0211,discontinuousSurfaceStaticMoment,Discontinuous surface static moment,Locked-workbook normalized regulatory term,LOCK-2026-08-11-R2 plus linked regulation evidence,N4 - preserve the source concept; normalize spelling to ASCII lowerCamelCase,Descriptive formula token in locked requirement; Locked workbook canonical variable,discontinuous_surface_static_moment,Passed - transparent source normalization,Medium,Locked-workbook normalized regulatory term. The proposed name is traceable to LOCK-2026-08-11-R2 plus linked regulation evidence; aliases preserve the original notation.,IMO-033
VOC-0212,displacementDeltaT,Displacement delta t,Benchmark-coined descriptive engineering term,Meaning decomposed from the linked verified regulatory clause,"N5 - component or subject first, followed by characteristic and qualifier/state; no unsupported external mapping",Descriptive formula token in locked requirement,displacement_Delta_t,Passed - clause-anchored benchmark coinage,Medium,Benchmark-coined descriptive engineering term. The proposed name is traceable to Meaning decomposed from the linked verified regulatory clause; aliases preserve the original notation.,TRF-039
VOC-0213,displacementUiwlT,Displacement uiwl t,Benchmark-coined descriptive engineering term,Meaning decomposed from the linked verified regulatory clause,"N5 - component or subject first, followed by characteristic and qualifier/state; no unsupported external mapping",Descriptive formula token in locked requirement,displacement_UIWL_t,Passed - clause-anchored benchmark coinage,Medium,Benchmark-coined descriptive engineering term. The proposed name is traceable to Meaning decomposed from the linked verified regulatory clause; aliases preserve the original notation.,TRF-016
VOC-0214,displayedIceInformationStatus,Displayed ice information status,Locked-workbook normalized regulatory term,LOCK-2026-08-11-R2 plus linked regulation evidence,N4 - preserve the source concept; normalize spelling to ASCII lowerCamelCase,Descriptive formula token in locked requirement; Locked workbook canonical variable,displayed_ice_information_status,Passed - transparent source normalization,Medium,Locked-workbook normalized regulatory term. The proposed name is traceable to LOCK-2026-08-11-R2 plus linked regulation evidence; aliases preserve the original notation.,IMO-080; IMO26-006
VOC-0215,distanceToNearestFastIce,Distance to nearest fast ice,Unit-stripped normalized regulatory variable,Locked R2 variable plus linked regulation; verified QUDT URI only where populated,N3 - remove unit from the identifier and retain it in unit/quantity metadata,Descriptive formula token in locked requirement; Locked workbook canonical variable,distance_to_nearest_fast_ice_nm,Passed - unit separation verified,High,Unit-stripped normalized regulatory variable. The proposed name is traceable to Locked R2 variable plus linked regulation; verified QUDT URI only where populated; aliases preserve the original notation.,IMO-124
VOC-0216,distanceToNearestIceShelfOrFastIce,Distance to nearest ice shelf or fast ice,Unit-stripped normalized regulatory variable,Locked R2 variable plus linked regulation; verified QUDT URI only where populated,N3 - remove unit from the identifier and retain it in unit/quantity metadata,Descriptive formula token in locked requirement; Locked workbook canonical variable,distance_to_nearest_ice_shelf_or_fast_ice_nm,Passed - unit separation verified,High,Unit-stripped normalized regulatory variable. The proposed name is traceable to Locked R2 variable plus linked regulation; verified QUDT URI only where populated; aliases preserve the original notation.,IMO-115; IMO-116
VOC-0217,distanceToNearestLandIceShelfOrFastIce,Distance to nearest land ice shelf or fast ice,Unit-stripped normalized regulatory variable,Locked R2 variable plus linked regulation; verified QUDT URI only where populated,N3 - remove unit from the identifier and retain it in unit/quantity metadata,Descriptive formula token in locked requirement; Locked workbook canonical variable,distance_to_nearest_land_ice_shelf_or_fast_ice_nm,Passed - unit separation verified,High,Unit-stripped normalized regulatory variable. The proposed name is traceable to Locked R2 variable plus linked regulation; verified QUDT URI only where populated; aliases preserve the original notation.,IMO-120; IMO-123
VOC-0218,distressAlertDeviceCount,Distress alert device count,Locked-workbook normalized regulatory term,LOCK-2026-08-11-R2 plus linked regulation evidence,N4 - preserve the source concept; normalize spelling to ASCII lowerCamelCase,Locked workbook canonical variable,distress_alert_device_count,Passed - transparent source normalization,Medium,Locked-workbook normalized regulatory term. The proposed name is traceable to LOCK-2026-08-11-R2 plus linked regulation evidence; aliases preserve the original notation.,IMO-097
VOC-0219,documentedPolarOperationProcedurePresent,Documented polar operation procedure present,Locked-workbook normalized regulatory term,LOCK-2026-08-11-R2 plus linked regulation evidence,N4 - preserve the source concept; normalize spelling to ASCII lowerCamelCase,Descriptive formula token in locked requirement; Locked workbook canonical variable,documented_polar_operation_procedure_present,Passed - transparent source normalization,Medium,Locked-workbook normalized regulatory term. The proposed name is traceable to LOCK-2026-08-11-R2 plus linked regulation evidence; aliases preserve the original notation.,IMO26-018
VOC-0220,drainageMeansPresent,Drainage means present,Locked-workbook normalized regulatory term,LOCK-2026-08-11-R2 plus linked regulation evidence,N4 - preserve the source concept; normalize spelling to ASCII lowerCamelCase,Descriptive formula token in locked requirement; Locked workbook canonical variable,drainage_means_present,Passed - transparent source normalization,Medium,Locked-workbook normalized regulatory term. The proposed name is traceable to LOCK-2026-08-11-R2 plus linked regulation evidence; aliases preserve the original notation.,IMO-058
VOC-0221,draughtAmidships,Draught amidships,Unit-stripped normalized regulatory variable,Locked R2 variable plus linked regulation; verified QUDT URI only where populated,N3 - remove unit from the identifier and retain it in unit/quantity metadata,Descriptive formula token in locked requirement,draught_amidships_m,Passed - unit separation verified,High,Unit-stripped normalized regulatory variable. The proposed name is traceable to Locked R2 variable plus linked regulation; verified QUDT URI only where populated; aliases preserve the original notation.,TRF-016
VOC-0222,durationTestStatus,Duration test status,Locked-workbook normalized regulatory term,LOCK-2026-08-11-R2 plus linked regulation evidence,N4 - preserve the source concept; normalize spelling to ASCII lowerCamelCase,Descriptive formula token in locked requirement; Locked workbook canonical variable,duration_test_status,Passed - transparent source normalization,Medium,Locked-workbook normalized regulatory term. The proposed name is traceable to LOCK-2026-08-11-R2 plus linked regulation evidence; aliases preserve the original notation.,IMO-093
VOC-0223,echoSoundingDeviceCount,Echo sounding device count,Locked-workbook normalized regulatory term,LOCK-2026-08-11-R2 plus linked regulation evidence,N4 - preserve the source concept; normalize spelling to ASCII lowerCamelCase,Descriptive formula token in locked requirement; Locked workbook canonical variable,echo_sounding_device_count,Passed - transparent source normalization,Medium,Locked-workbook normalized regulatory term. The proposed name is traceable to LOCK-2026-08-11-R2 plus linked regulation evidence; aliases preserve the original notation.,IMO-081; IMO26-007
VOC-0224,elasticCouplingPresent,Elastic coupling present,Benchmark-coined descriptive engineering term,Meaning decomposed from the linked verified regulatory clause,"N5 - component or subject first, followed by characteristic and qualifier/state; no unsupported external mapping",Engineering decomposition of verified clause,elasticCouplingPresent,Passed - clause-anchored benchmark coinage,Medium,Benchmark-coined descriptive engineering term. The proposed name is traceable to Meaning decomposed from the linked verified regulatory clause; aliases preserve the original notation.,TRF-093
VOC-0225,elongationTestPercent,Elongation test percent,Benchmark-coined descriptive engineering term,Meaning decomposed from the linked verified regulatory clause,"N5 - component or subject first, followed by characteristic and qualifier/state; no unsupported external mapping",Descriptive formula token in locked requirement,elongation_test_percent,Passed - clause-anchored benchmark coinage,Medium,Benchmark-coined descriptive engineering term. The proposed name is traceable to Meaning decomposed from the linked verified regulatory clause; aliases preserve the original notation.,TRF-072
VOC-0226,emergencyPower,Emergency power,Benchmark-coined descriptive engineering term,Meaning decomposed from the linked verified regulatory clause,"N5 - component or subject first, followed by characteristic and qualifier/state; no unsupported external mapping",Descriptive formula token in locked requirement,emergency_power,Passed - clause-anchored benchmark coinage,Medium,Benchmark-coined descriptive engineering term. The proposed name is traceable to Meaning decomposed from the linked verified regulatory clause; aliases preserve the original notation.,IMO-086; IMO26-012
VOC-0227,emergencyProviderContactProcedurePresent,Emergency provider contact procedure present,Locked-workbook normalized regulatory term,LOCK-2026-08-11-R2 plus linked regulation evidence,N4 - preserve the source concept; normalize spelling to ASCII lowerCamelCase,Locked workbook canonical variable,emergency_provider_contact_procedure_present,Passed - transparent source normalization,Medium,Locked-workbook normalized regulatory term. The proposed name is traceable to LOCK-2026-08-11-R2 plus linked regulation evidence; aliases preserve the original notation.,IMO-028
VOC-0228,endorsementDates,Endorsement dates,Locked-workbook normalized regulatory term,LOCK-2026-08-11-R2 plus linked regulation evidence,N4 - preserve the source concept; normalize spelling to ASCII lowerCamelCase,Locked workbook canonical variable,endorsement_dates,Passed - transparent source normalization,Medium,Locked-workbook normalized regulatory term. The proposed name is traceable to LOCK-2026-08-11-R2 plus linked regulation evidence; aliases preserve the original notation.,IMO-017
VOC-0229,engagedInTrade,Engaged in trade,Locked-workbook normalized regulatory term,LOCK-2026-08-11-R2 plus linked regulation evidence,N4 - preserve the source concept; normalize spelling to ASCII lowerCamelCase,Descriptive formula token in locked requirement; Locked workbook canonical variable,engaged_in_trade,Passed - transparent source normalization,Medium,Locked-workbook normalized regulatory term. The proposed name is traceable to LOCK-2026-08-11-R2 plus linked regulation evidence; aliases preserve the original notation.,IMO26-002; IMO26-016
VOC-0230,engineFiringPulse,Engine firing pulse,Benchmark-coined descriptive engineering term,Meaning decomposed from the linked verified regulatory clause,"N5 - component or subject first, followed by characteristic and qualifier/state; no unsupported external mapping",Engineering decomposition of verified clause,engineFiringPulse,Passed - clause-anchored benchmark coinage,Medium,Benchmark-coined descriptive engineering term. The proposed name is traceable to Meaning decomposed from the linked verified regulatory clause; aliases preserve the original notation.,TRF-093
VOC-0231,engineOutputCoefficientKe,Engine-output coefficient Ke,Verified exact implementation term,Haitham final SSP URI plus linked regulation: https://w3id.org/mtl-requirements/ssp#KeValue,N1 - reuse only after exact URI and semantic-context verification,Engineering decomposition of verified clause,keValue,Passed - exact URI/local-name evidence,High,Verified exact implementation term. The proposed name is traceable to Haitham final SSP URI plus linked regulation: https://w3id.org/mtl-requirements/ssp#KeValue; aliases preserve the original notation.,TRF-020; TRF-028
VOC-0232,engineSpeedDrop,Engine speed drop,Benchmark-coined descriptive engineering term,Meaning decomposed from the linked verified regulatory clause,"N5 - component or subject first, followed by characteristic and qualifier/state; no unsupported external mapping",Engineering decomposition of verified clause,engineSpeedDrop,Passed - clause-anchored benchmark coinage,Medium,Benchmark-coined descriptive engineering term. The proposed name is traceable to Meaning decomposed from the linked verified regulatory clause; aliases preserve the original notation.,TRF-096
VOC-0233,engineStandstillReached,Engine standstill reached,Benchmark-coined descriptive engineering term,Meaning decomposed from the linked verified regulatory clause,"N5 - component or subject first, followed by characteristic and qualifier/state; no unsupported external mapping",Engineering decomposition of verified clause,engineStandstillReached,Passed - clause-anchored benchmark coinage,Medium,Benchmark-coined descriptive engineering term. The proposed name is traceable to Meaning decomposed from the linked verified regulatory clause; aliases preserve the original notation.,TRF-096
VOC-0234,entireCargoTankLengthDoubleBottomProtectionStatus,Entire cargo tank length double bottom protection status,Locked-workbook normalized regulatory term,LOCK-2026-08-11-R2 plus linked regulation evidence,N4 - preserve the source concept; normalize spelling to ASCII lowerCamelCase,Descriptive formula token in locked requirement; Locked workbook canonical variable,entire_cargo_tank_length_double_bottom_protection_status,Passed - transparent source normalization,Medium,Locked-workbook normalized regulatory term. The proposed name is traceable to LOCK-2026-08-11-R2 plus linked regulation evidence; aliases preserve the original notation.,IMO-110
VOC-0235,environmentalForecastArrangements,Environmental forecast arrangements,Locked-workbook normalized regulatory term,LOCK-2026-08-11-R2 plus linked regulation evidence,N4 - preserve the source concept; normalize spelling to ASCII lowerCamelCase,Locked workbook canonical variable,environmental_forecast_arrangements,Passed - transparent source normalization,Medium,Locked-workbook normalized regulatory term. The proposed name is traceable to LOCK-2026-08-11-R2 plus linked regulation evidence; aliases preserve the original notation.,IMO-027
VOC-0236,environmentalFunctionalityMeasures,Environmental functionality measures,Locked-workbook normalized regulatory term,LOCK-2026-08-11-R2 plus linked regulation evidence,N4 - preserve the source concept; normalize spelling to ASCII lowerCamelCase,Locked workbook canonical variable,environmental_functionality_measures,Passed - transparent source normalization,Medium,Locked-workbook normalized regulatory term. The proposed name is traceable to LOCK-2026-08-11-R2 plus linked regulation evidence; aliases preserve the original notation.,IMO-027
VOC-0237,environmentalFunctionalityTestStatus,Environmental functionality test status,Locked-workbook normalized regulatory term,LOCK-2026-08-11-R2 plus linked regulation evidence,N4 - preserve the source concept; normalize spelling to ASCII lowerCamelCase,Descriptive formula token in locked requirement; Locked workbook canonical variable,environmental_functionality_test_status,Passed - transparent source normalization,Medium,Locked-workbook normalized regulatory term. The proposed name is traceable to LOCK-2026-08-11-R2 plus linked regulation evidence; aliases preserve the original notation.,IMO26-004
VOC-0238,equivalentBladeFatigueStress,Equivalent blade fatigue stress,Regulatory symbol expanded from a directly verified definition,Directly inspected regulation PDF and linked locked requirement,N2 - replace formula symbol with its clause-defined engineering meaning; preserve symbol as alias,Descriptive formula token in locked requirement; Engineering decomposition of verified clause,sigma_fat,Passed - source-defined expansion,High,Regulatory symbol expanded from a directly verified definition. The proposed name is traceable to Directly inspected regulation PDF and linked locked requirement; aliases preserve the original notation.,TRF-110
VOC-0239,equivalentImpactSphereRadius,Equivalent impact sphere radius,Benchmark-coined descriptive engineering term,Meaning decomposed from the linked verified regulatory clause,"N5 - component or subject first, followed by characteristic and qualifier/state; no unsupported external mapping",Engineering decomposition of verified clause,equivalentImpactSphereRadius,Passed - clause-anchored benchmark coinage,Medium,Benchmark-coined descriptive engineering term. The proposed name is traceable to Meaning decomposed from the linked verified regulatory clause; aliases preserve the original notation.,TRF-114; TRF-116
VOC-0240,equivalentStressCycles,Equivalent stress cycles,Locked-workbook normalized regulatory term,LOCK-2026-08-11-R2 plus linked regulation evidence,N4 - preserve the source concept; normalize spelling to ASCII lowerCamelCase,Locked workbook canonical variable,equivalentStressCycles,Passed - transparent source normalization,Medium,Locked-workbook normalized regulatory term. The proposed name is traceable to LOCK-2026-08-11-R2 plus linked regulation evidence; aliases preserve the original notation.,TRF-106
VOC-0241,equivalentSupportStatusByDirectCalculation,Equivalent support status by direct calculation,Benchmark-coined descriptive engineering term,Meaning decomposed from the linked verified regulatory clause,"N5 - component or subject first, followed by characteristic and qualifier/state; no unsupported external mapping",Descriptive formula token in locked requirement,equivalent_support_status_by_direct_calculation,Passed - clause-anchored benchmark coinage,Medium,Benchmark-coined descriptive engineering term. The proposed name is traceable to Meaning decomposed from the linked verified regulatory clause; aliases preserve the original notation.,TRF-052
VOC-0242,escortedOperationLimits,Escorted operation limits,Locked-workbook normalized regulatory term,LOCK-2026-08-11-R2 plus linked regulation evidence,N4 - preserve the source concept; normalize spelling to ASCII lowerCamelCase,Locked workbook canonical variable,escorted_operation_limits,Passed - transparent source normalization,Medium,Locked-workbook normalized regulatory term. The proposed name is traceable to LOCK-2026-08-11-R2 plus linked regulation evidence; aliases preserve the original notation.,IMO-030
VOC-0243,escortRequirementsPresent,Escort requirements present,Locked-workbook normalized regulatory term,LOCK-2026-08-11-R2 plus linked regulation evidence,N4 - preserve the source concept; normalize spelling to ASCII lowerCamelCase,Locked workbook canonical variable,escort_requirements_present,Passed - transparent source normalization,Medium,Locked-workbook normalized regulatory term. The proposed name is traceable to LOCK-2026-08-11-R2 plus linked regulation evidence; aliases preserve the original notation.,IMO-030
VOC-0244,essentialEngine,Essential engine,Locked-workbook normalized regulatory term,LOCK-2026-08-11-R2 plus linked regulation evidence,N4 - preserve the source concept; normalize spelling to ASCII lowerCamelCase,Locked workbook canonical variable,essential_engine,Passed - transparent source normalization,Medium,Locked-workbook normalized regulatory term. The proposed name is traceable to LOCK-2026-08-11-R2 plus linked regulation evidence; aliases preserve the original notation.,IMO-047
VOC-0245,evacuationTestStatus,Evacuation test status,Locked-workbook normalized regulatory term,LOCK-2026-08-11-R2 plus linked regulation evidence,N4 - preserve the source concept; normalize spelling to ASCII lowerCamelCase,Descriptive formula token in locked requirement; Locked workbook canonical variable,evacuation_test_status,Passed - transparent source normalization,Medium,Locked-workbook normalized regulatory term. The proposed name is traceable to LOCK-2026-08-11-R2 plus linked regulation evidence; aliases preserve the original notation.,IMO-063
VOC-0246,exceedanceResponseProcedurePresent,Exceedance response procedure present,Locked-workbook normalized regulatory term,LOCK-2026-08-11-R2 plus linked regulation evidence,N4 - preserve the source concept; normalize spelling to ASCII lowerCamelCase,Locked workbook canonical variable,exceedance_response_procedure_present,Passed - transparent source normalization,Medium,Locked-workbook normalized regulatory term. The proposed name is traceable to LOCK-2026-08-11-R2 plus linked regulation evidence; aliases preserve the original notation.,IMO-029
VOC-0247,excitationPhaseVariation,Excitation phase variation,Benchmark-coined descriptive engineering term,Meaning decomposed from the linked verified regulatory clause,"N5 - component or subject first, followed by characteristic and qualifier/state; no unsupported external mapping",Engineering decomposition of verified clause,excitationPhaseVariation,Passed - clause-anchored benchmark coinage,Medium,Benchmark-coined descriptive engineering term. The proposed name is traceable to Meaning decomposed from the linked verified regulatory clause; aliases preserve the original notation.,TRF-100
VOC-0248,expectedEnvironmentalCondition,Expected environmental condition,Locked-workbook normalized regulatory term,LOCK-2026-08-11-R2 plus linked regulation evidence,N4 - preserve the source concept; normalize spelling to ASCII lowerCamelCase,Locked workbook canonical variable,expected_environmental_condition,Passed - transparent source normalization,Medium,Locked-workbook normalized regulatory term. The proposed name is traceable to LOCK-2026-08-11-R2 plus linked regulation evidence; aliases preserve the original notation.,IMO26-004
VOC-0249,exposedEquipment,Exposed equipment,Locked-workbook normalized regulatory term,LOCK-2026-08-11-R2 plus linked regulation evidence,N4 - preserve the source concept; normalize spelling to ASCII lowerCamelCase,Locked workbook canonical variable,exposed_equipment,Passed - transparent source normalization,Medium,Locked-workbook normalized regulatory term. The proposed name is traceable to LOCK-2026-08-11-R2 plus linked regulation evidence; aliases preserve the original notation.,IMO-046
VOC-0250,exposedEscapeRoute,Exposed escape route,Locked-workbook normalized regulatory term,LOCK-2026-08-11-R2 plus linked regulation evidence,N4 - preserve the source concept; normalize spelling to ASCII lowerCamelCase,Locked workbook canonical variable,exposed_escape_route,Passed - transparent source normalization,Medium,Locked-workbook normalized regulatory term. The proposed name is traceable to LOCK-2026-08-11-R2 plus linked regulation evidence; aliases preserve the original notation.,IMO-062; IMO-067
VOC-0251,exposedFireMainSection,Exposed fire main section,Locked-workbook normalized regulatory term,LOCK-2026-08-11-R2 plus linked regulation evidence,N4 - preserve the source concept; normalize spelling to ASCII lowerCamelCase,Locked workbook canonical variable,exposed_fire_main_section,Passed - transparent source normalization,Medium,Locked-workbook normalized regulatory term. The proposed name is traceable to LOCK-2026-08-11-R2 plus linked regulation evidence; aliases preserve the original notation.,IMO-058
VOC-0252,exposedMachineryOrFoundationMaterial,Exposed machinery or foundation material,Locked-workbook normalized regulatory term,LOCK-2026-08-11-R2 plus linked regulation evidence,N4 - preserve the source concept; normalize spelling to ASCII lowerCamelCase,Locked workbook canonical variable,exposed_machinery_or_foundation_material,Passed - transparent source normalization,Medium,Locked-workbook normalized regulatory term. The proposed name is traceable to LOCK-2026-08-11-R2 plus linked regulation evidence; aliases preserve the original notation.,IMO-048
VOC-0253,exposedStructureMaterial,Exposed structure material,Locked-workbook normalized regulatory term,LOCK-2026-08-11-R2 plus linked regulation evidence,N4 - preserve the source concept; normalize spelling to ASCII lowerCamelCase,Locked workbook canonical variable,exposed_structure_material,Passed - transparent source normalization,Medium,Locked-workbook normalized regulatory term. The proposed name is traceable to LOCK-2026-08-11-R2 plus linked regulation evidence; aliases preserve the original notation.,IMO-031
VOC-0254,extendedDarknessOperation,Extended darkness operation,Locked-workbook normalized regulatory term,LOCK-2026-08-11-R2 plus linked regulation evidence,N4 - preserve the source concept; normalize spelling to ASCII lowerCamelCase,Descriptive formula token in locked requirement; Locked workbook canonical variable,extended_darkness_operation,Passed - transparent source normalization,Medium,Locked-workbook normalized regulatory term. The proposed name is traceable to LOCK-2026-08-11-R2 plus linked regulation evidence; aliases preserve the original notation.,IMO-072
VOC-0255,extendedPeriodOperation,Extended period operation,Locked-workbook normalized regulatory term,LOCK-2026-08-11-R2 plus linked regulation evidence,N4 - preserve the source concept; normalize spelling to ASCII lowerCamelCase,Descriptive formula token in locked requirement; Locked workbook canonical variable,extended_period_operation,Passed - transparent source normalization,Medium,Locked-workbook normalized regulatory term. The proposed name is traceable to LOCK-2026-08-11-R2 plus linked regulation evidence; aliases preserve the original notation.,IMO-119
VOC-0256,extensionBeyondAdjacentDeckOrTankBoundary,Extension beyond adjacent deck or tank boundary,Unit-stripped normalized regulatory variable,Locked R2 variable plus linked regulation; verified QUDT URI only where populated,N3 - remove unit from the identifier and retain it in unit/quantity metadata,Descriptive formula token in locked requirement,extension_beyond_adjacent_deck_or_tank_boundary_mm,Passed - unit separation verified,High,Unit-stripped normalized regulatory variable. The proposed name is traceable to Locked R2 variable plus linked regulation; verified QUDT URI only where populated; aliases preserve the original notation.,TRF-043
VOC-0257,extinguisher,Extinguisher,Locked-workbook normalized regulatory term,LOCK-2026-08-11-R2 plus linked regulation evidence,N4 - preserve the source concept; normalize spelling to ASCII lowerCamelCase,Locked workbook canonical variable,extinguisher,Passed - transparent source normalization,Medium,Locked-workbook normalized regulatory term. The proposed name is traceable to LOCK-2026-08-11-R2 plus linked regulation evidence; aliases preserve the original notation.,IMO-061
VOC-0258,extinguisherOperatingTestTemperature,Extinguisher operating test temperature,Unit-stripped normalized regulatory variable,Locked R2 variable plus linked regulation; verified QUDT URI only where populated,N3 - remove unit from the identifier and retain it in unit/quantity metadata,Descriptive formula token in locked requirement; Locked workbook canonical variable,extinguisher_operating_test_temperature_degC,Passed - unit separation verified,High,Unit-stripped normalized regulatory variable. The proposed name is traceable to Locked R2 variable plus linked regulation; verified QUDT URI only where populated; aliases preserve the original notation.,IMO-061
VOC-0259,extinguishingMedium,Extinguishing medium,Locked-workbook normalized regulatory term,LOCK-2026-08-11-R2 plus linked regulation evidence,N4 - preserve the source concept; normalize spelling to ASCII lowerCamelCase,Locked workbook canonical variable,extinguishing_medium,Passed - transparent source normalization,Medium,Locked-workbook normalized regulatory term. The proposed name is traceable to LOCK-2026-08-11-R2 plus linked regulation evidence; aliases preserve the original notation.,IMO-053
VOC-0260,extremeIceForce,Extreme ice force,Unit-stripped normalized regulatory variable,Locked R2 variable plus linked regulation; verified QUDT URI only where populated,N3 - remove unit from the identifier and retain it in unit/quantity metadata,Locked workbook canonical variable,Fex_kN,Passed - unit separation verified,High,Unit-stripped normalized regulatory variable. The proposed name is traceable to Locked R2 variable plus linked regulation; verified QUDT URI only where populated; aliases preserve the original notation.,TRF-102; TRF-111
VOC-0261,extremeLoad,Extreme load,Benchmark-coined descriptive engineering term,Meaning decomposed from the linked verified regulatory clause,"N5 - component or subject first, followed by characteristic and qualifier/state; no unsupported external mapping",Engineering decomposition of verified clause,extremeLoad,Passed - clause-anchored benchmark coinage,Medium,Benchmark-coined descriptive engineering term. The proposed name is traceable to Meaning decomposed from the linked verified regulatory clause; aliases preserve the original notation.,TRF-070
VOC-0262,fatigueCoefficient,Fatigue coefficient,Benchmark-coined descriptive engineering term,Meaning decomposed from the linked verified regulatory clause,"N5 - component or subject first, followed by characteristic and qualifier/state; no unsupported external mapping",Engineering decomposition of verified clause,fatigueCoefficient,Passed - clause-anchored benchmark coinage,Medium,Benchmark-coined descriptive engineering term. The proposed name is traceable to Meaning decomposed from the linked verified regulatory clause; aliases preserve the original notation.,TRF-109
VOC-0263,fatigueFactorRho,Fatigue factor rho,Benchmark-coined descriptive engineering term,Meaning decomposed from the linked verified regulatory clause,"N5 - component or subject first, followed by characteristic and qualifier/state; no unsupported external mapping",Engineering decomposition of verified clause,fatigueFactorRho,Passed - clause-anchored benchmark coinage,Medium,Benchmark-coined descriptive engineering term. The proposed name is traceable to Meaning decomposed from the linked verified regulatory clause; aliases preserve the original notation.,TRF-109
VOC-0264,fatigueScatterReductionFactor,Fatigue scatter reduction factor,Regulatory symbol expanded from a directly verified definition,Directly inspected regulation PDF and linked locked requirement,N2 - replace formula symbol with its clause-defined engineering meaning; preserve symbol as alias,Descriptive formula token in locked requirement; Engineering decomposition of verified clause,gamma_e1,Passed - source-defined expansion,High,Regulatory symbol expanded from a directly verified definition. The proposed name is traceable to Directly inspected regulation PDF and linked locked requirement; aliases preserve the original notation.,TRF-110
VOC-0265,finiteElementAnalysisUsed,Finite element analysis used,Locked-workbook normalized regulatory term,LOCK-2026-08-11-R2 plus linked regulation evidence,N4 - preserve the source concept; normalize spelling to ASCII lowerCamelCase,Descriptive formula token in locked requirement; Locked workbook canonical variable,finiteElementAnalysisUsed; finite_element_analysis_used,Passed - transparent source normalization,Medium,Locked-workbook normalized regulatory term. The proposed name is traceable to LOCK-2026-08-11-R2 plus linked regulation evidence; aliases preserve the original notation.,TRF-106
VOC-0266,firefighterOutfit,Firefighter outfit,Locked-workbook normalized regulatory term,LOCK-2026-08-11-R2 plus linked regulation evidence,N4 - preserve the source concept; normalize spelling to ASCII lowerCamelCase,Descriptive formula token in locked requirement; Locked workbook canonical variable,firefighter_outfit,Passed - transparent source normalization,Medium,Locked-workbook normalized regulatory term. The proposed name is traceable to LOCK-2026-08-11-R2 plus linked regulation evidence; aliases preserve the original notation.,IMO-059
VOC-0267,firePump,Fire pump,Locked-workbook normalized regulatory term,LOCK-2026-08-11-R2 plus linked regulation evidence,N4 - preserve the source concept; normalize spelling to ASCII lowerCamelCase,Locked workbook canonical variable,fire_pump,Passed - transparent source normalization,Medium,Locked-workbook normalized regulatory term. The proposed name is traceable to LOCK-2026-08-11-R2 plus linked regulation evidence; aliases preserve the original notation.,IMO-057
VOC-0268,fireSafetyComponent,Fire safety component,Locked-workbook normalized regulatory term,LOCK-2026-08-11-R2 plus linked regulation evidence,N4 - preserve the source concept; normalize spelling to ASCII lowerCamelCase,Locked workbook canonical variable,fire_safety_component,Passed - transparent source normalization,Medium,Locked-workbook normalized regulatory term. The proposed name is traceable to LOCK-2026-08-11-R2 plus linked regulation evidence; aliases preserve the original notation.,IMO-050; IMO-054
VOC-0269,fireSafetyComponentExposed,Fire safety component exposed,Locked-workbook normalized regulatory term,LOCK-2026-08-11-R2 plus linked regulation evidence,N4 - preserve the source concept; normalize spelling to ASCII lowerCamelCase,Descriptive formula token in locked requirement; Locked workbook canonical variable,fire_safety_component_exposed,Passed - transparent source normalization,Medium,Locked-workbook normalized regulatory term. The proposed name is traceable to LOCK-2026-08-11-R2 plus linked regulation evidence; aliases preserve the original notation.,IMO-050
VOC-0270,fishingVessel,Fishing vessel,Benchmark-coined descriptive engineering term,Meaning decomposed from the linked verified regulatory clause,"N5 - component or subject first, followed by characteristic and qualifier/state; no unsupported external mapping",Descriptive formula token in locked requirement,fishing_vessel,Passed - clause-anchored benchmark coinage,Medium,Benchmark-coined descriptive engineering term. The proposed name is traceable to Meaning decomposed from the linked verified regulatory clause; aliases preserve the original notation.,IMO26-002; IMO26-016
VOC-0271,fixedWaterSystemSeparateFromMainFirePumps,Fixed water system separate from main fire pumps,Locked-workbook normalized regulatory term,LOCK-2026-08-11-R2 plus linked regulation evidence,N4 - preserve the source concept; normalize spelling to ASCII lowerCamelCase,Descriptive formula token in locked requirement; Locked workbook canonical variable,fixed_water_system_separate_from_main_fire_pumps,Passed - transparent source normalization,Medium,Locked-workbook normalized regulatory term. The proposed name is traceable to LOCK-2026-08-11-R2 plus linked regulation evidence; aliases preserve the original notation.,IMO-060
VOC-0272,flareAngle,Flare angle,Verified exact implementation term,Haitham final SSP URI plus linked regulation: https://w3id.org/mtl-requirements/ssp#flareAngle,N1 - reuse only after exact URI and semantic-context verification,Locked workbook canonical variable,psi,Passed - exact URI/local-name evidence,High,Verified exact implementation term. The proposed name is traceable to Haitham final SSP URI plus linked regulation: https://w3id.org/mtl-requirements/ssp#flareAngle; aliases preserve the original notation.,TRF-022; TRF-061
VOC-0273,flashingRed,Flashing red,Locked-workbook normalized regulatory term,LOCK-2026-08-11-R2 plus linked regulation evidence,N4 - preserve the source concept; normalize spelling to ASCII lowerCamelCase,Locked workbook canonical variable,flashing_red,Passed - transparent source normalization,Medium,Locked-workbook normalized regulatory term. The proposed name is traceable to LOCK-2026-08-11-R2 plus linked regulation evidence; aliases preserve the original notation.,IMO-089
VOC-0274,flotationTestStatus,Flotation test status,Locked-workbook normalized regulatory term,LOCK-2026-08-11-R2 plus linked regulation evidence,N4 - preserve the source concept; normalize spelling to ASCII lowerCamelCase,Descriptive formula token in locked requirement; Locked workbook canonical variable,flotation_test_status,Passed - transparent source normalization,Medium,Locked-workbook normalized regulatory term. The proposed name is traceable to LOCK-2026-08-11-R2 plus linked regulation evidence; aliases preserve the original notation.,IMO-076
VOC-0275,foodWasteComminutedOrGround,Food waste comminuted or ground,Locked-workbook normalized regulatory term,LOCK-2026-08-11-R2 plus linked regulation evidence,N4 - preserve the source concept; normalize spelling to ASCII lowerCamelCase,Descriptive formula token in locked requirement; Locked workbook canonical variable,food_waste_comminuted_or_ground,Passed - transparent source normalization,Medium,Locked-workbook normalized regulatory term. The proposed name is traceable to LOCK-2026-08-11-R2 plus linked regulation evidence; aliases preserve the original notation.,IMO-121
VOC-0276,foodWasteDischargeOntoIce,Food waste discharge onto ice,Locked-workbook normalized regulatory term,LOCK-2026-08-11-R2 plus linked regulation evidence,N4 - preserve the source concept; normalize spelling to ASCII lowerCamelCase,Descriptive formula token in locked requirement; Locked workbook canonical variable,food_waste_discharge_onto_ice,Passed - transparent source normalization,Medium,Locked-workbook normalized regulatory term. The proposed name is traceable to LOCK-2026-08-11-R2 plus linked regulation evidence; aliases preserve the original notation.,IMO-122; IMO-124
VOC-0277,foodWasteDischargeToSea,Food waste discharge to sea,Locked-workbook normalized regulatory term,LOCK-2026-08-11-R2 plus linked regulation evidence,N4 - preserve the source concept; normalize spelling to ASCII lowerCamelCase,Descriptive formula token in locked requirement; Locked workbook canonical variable,food_waste_discharge_to_sea,Passed - transparent source normalization,Medium,Locked-workbook normalized regulatory term. The proposed name is traceable to LOCK-2026-08-11-R2 plus linked regulation evidence; aliases preserve the original notation.,IMO-120; IMO-121
VOC-0278,forceLoadCase,Force load case,Benchmark-coined descriptive engineering term,Meaning decomposed from the linked verified regulatory clause,"N5 - component or subject first, followed by characteristic and qualifier/state; no unsupported external mapping",Engineering decomposition of verified clause,forceLoadCase,Passed - clause-anchored benchmark coinage,Medium,Benchmark-coined descriptive engineering term. The proposed name is traceable to Meaning decomposed from the linked verified regulatory clause; aliases preserve the original notation.,TRF-075
VOC-0279,forefootShellStrengtheningStatus,Forefoot shell strengthening status,Benchmark-coined descriptive engineering term,Meaning decomposed from the linked verified regulatory clause,"N5 - component or subject first, followed by characteristic and qualifier/state; no unsupported external mapping",Descriptive formula token in locked requirement,forefoot_shell_strengthening_status,Passed - clause-anchored benchmark coinage,Medium,Benchmark-coined descriptive engineering term. The proposed name is traceable to Meaning decomposed from the linked verified regulatory clause; aliases preserve the original notation.,TRF-040
VOC-0280,forwardBladeForce,Forward blade force,Unit-stripped normalized regulatory variable,Locked R2 variable plus linked regulation; verified QUDT URI only where populated,N3 - remove unit from the identifier and retain it in unit/quantity metadata,Descriptive formula token in locked requirement; Engineering decomposition of verified clause; Locked workbook canonical variable,Ff_kN; F_f_kN; forwardBladeForce,Passed - unit separation verified,High,Unit-stripped normalized regulatory variable. The proposed name is traceable to Locked R2 variable plus linked regulation; verified QUDT URI only where populated; aliases preserve the original notation.,TRF-075; TRF-081
VOC-0281,forwardDraught,Forward draught,Verified exact implementation term,Haitham final SSP URI plus linked regulation: https://w3id.org/mtl-requirements/ssp#forwardDraught,N1 - reuse only after exact URI and semantic-context verification,Descriptive formula token in locked requirement,forward_draught_m,Passed - exact URI/local-name evidence,High,Verified exact implementation term. The proposed name is traceable to Haitham final SSP URI plus linked regulation: https://w3id.org/mtl-requirements/ssp#forwardDraught; aliases preserve the original notation.,TRF-016
VOC-0282,forwardIceThrust,Forward ice thrust,Verified exact implementation term,Haitham final SSP URI plus linked regulation: https://w3id.org/mtl-requirements/ssp#ForwardIceThrust,N1 - reuse only after exact URI and semantic-context verification,Descriptive formula token in locked requirement; Locked workbook canonical variable,Tf_kN; T_f_kN,Passed - exact URI/local-name evidence,High,Verified exact implementation term. The proposed name is traceable to Haitham final SSP URI plus linked regulation: https://w3id.org/mtl-requirements/ssp#ForwardIceThrust; aliases preserve the original notation.,TRF-081
VOC-0283,forwardPropellerShaftDesignThrust,Forward propeller shaft design thrust,Unit-stripped normalized regulatory variable,Locked R2 variable plus linked regulation; verified QUDT URI only where populated,N3 - remove unit from the identifier and retain it in unit/quantity metadata,Descriptive formula token in locked requirement; Locked workbook canonical variable,forwardDesignThrust_kN; forward_design_thrust_T_r_kN,Passed - unit separation verified,High,Unit-stripped normalized regulatory variable. The proposed name is traceable to Locked R2 variable plus linked regulation; verified QUDT URI only where populated; aliases preserve the original notation.,TRF-081
VOC-0284,fractureMargin,Fracture margin,Benchmark-coined descriptive engineering term,Meaning decomposed from the linked verified regulatory clause,"N5 - component or subject first, followed by characteristic and qualifier/state; no unsupported external mapping",Engineering decomposition of verified clause,fractureMargin,Passed - clause-anchored benchmark coinage,Medium,Benchmark-coined descriptive engineering term. The proposed name is traceable to Meaning decomposed from the linked verified regulatory clause; aliases preserve the original notation.,I2-065
VOC-0285,frame,Frame,Benchmark-coined descriptive engineering term,Meaning decomposed from the linked verified regulatory clause,"N5 - component or subject first, followed by characteristic and qualifier/state; no unsupported external mapping",Engineering decomposition of verified clause,frame,Passed - clause-anchored benchmark coinage,Medium,Benchmark-coined descriptive engineering term. The proposed name is traceable to Meaning decomposed from the linked verified regulatory clause; aliases preserve the original notation.,TRF-049
VOC-0286,frameAsymmetrical,Frame asymmetrical,Benchmark-coined descriptive engineering term,Meaning decomposed from the linked verified regulatory clause,"N5 - component or subject first, followed by characteristic and qualifier/state; no unsupported external mapping",Descriptive formula token in locked requirement,frame_asymmetrical,Passed - clause-anchored benchmark coinage,Medium,Benchmark-coined descriptive engineering term. The proposed name is traceable to Meaning decomposed from the linked verified regulatory clause; aliases preserve the original notation.,TRF-052
VOC-0287,frameAttachment,Frame attachment,Benchmark-coined descriptive engineering term,Meaning decomposed from the linked verified regulatory clause,"N5 - component or subject first, followed by characteristic and qualifier/state; no unsupported external mapping",Engineering decomposition of verified clause,frameAttachment,Passed - clause-anchored benchmark coinage,Medium,Benchmark-coined descriptive engineering term. The proposed name is traceable to Meaning decomposed from the linked verified regulatory clause; aliases preserve the original notation.,TRF-049
VOC-0288,frameLowerEnd,Frame lower end,Benchmark-coined descriptive engineering term,Meaning decomposed from the linked verified regulatory clause,"N5 - component or subject first, followed by characteristic and qualifier/state; no unsupported external mapping",Engineering decomposition of verified clause,frameLowerEnd,Passed - clause-anchored benchmark coinage,Medium,Benchmark-coined descriptive engineering term. The proposed name is traceable to Meaning decomposed from the linked verified regulatory clause; aliases preserve the original notation.,TRF-047
VOC-0289,frameShellAttachment,Frame shell attachment,Benchmark-coined descriptive engineering term,Meaning decomposed from the linked verified regulatory clause,"N5 - component or subject first, followed by characteristic and qualifier/state; no unsupported external mapping",Engineering decomposition of verified clause,frameShellAttachment,Passed - clause-anchored benchmark coinage,Medium,Benchmark-coined descriptive engineering term. The proposed name is traceable to Meaning decomposed from the linked verified regulatory clause; aliases preserve the original notation.,TRF-050
VOC-0290,frameSpan,Frame span,Verified exact implementation term,Haitham final SSP URI plus linked regulation: https://w3id.org/mtl-requirements/ssp#frameSpan,N1 - reuse only after exact URI and semantic-context verification,Descriptive formula token in locked requirement,frame_span_m,Passed - exact URI/local-name evidence,High,Verified exact implementation term. The proposed name is traceable to Haitham final SSP URI plus linked regulation: https://w3id.org/mtl-requirements/ssp#frameSpan; aliases preserve the original notation.,TRF-052
VOC-0291,frameStrengthenedPart,Frame strengthened part,Benchmark-coined descriptive engineering term,Meaning decomposed from the linked verified regulatory clause,"N5 - component or subject first, followed by characteristic and qualifier/state; no unsupported external mapping",Engineering decomposition of verified clause,frameStrengthenedPart,Passed - clause-anchored benchmark coinage,Medium,Benchmark-coined descriptive engineering term. The proposed name is traceable to Meaning decomposed from the linked verified regulatory clause; aliases preserve the original notation.,TRF-046; TRF-047
VOC-0292,frameUpperEnd,Frame upper end,Benchmark-coined descriptive engineering term,Meaning decomposed from the linked verified regulatory clause,"N5 - component or subject first, followed by characteristic and qualifier/state; no unsupported external mapping",Engineering decomposition of verified clause,frameUpperEnd,Passed - clause-anchored benchmark coinage,Medium,Benchmark-coined descriptive engineering term. The proposed name is traceable to Meaning decomposed from the linked verified regulatory clause; aliases preserve the original notation.,TRF-046
VOC-0293,frameWebAngleToShell,Frame web angle to shell,Unit-stripped normalized regulatory variable,Locked R2 variable plus linked regulation; verified QUDT URI only where populated,N3 - remove unit from the identifier and retain it in unit/quantity metadata,Descriptive formula token in locked requirement,frame_web_angle_to_shell_deg,Passed - unit separation verified,High,Unit-stripped normalized regulatory variable. The proposed name is traceable to Locked R2 variable plus linked regulation; verified QUDT URI only where populated; aliases preserve the original notation.,TRF-052
VOC-0294,frameWebPlateThickness,Frame web plate thickness,Benchmark-coined descriptive engineering term,Meaning decomposed from the linked verified regulatory clause,"N5 - component or subject first, followed by characteristic and qualifier/state; no unsupported external mapping",Engineering decomposition of verified clause,frameWebPlateThickness,Passed - clause-anchored benchmark coinage,Medium,Benchmark-coined descriptive engineering term. The proposed name is traceable to Meaning decomposed from the linked verified regulatory clause; aliases preserve the original notation.,TRF-049
VOC-0295,framingAngle,Framing angle,Benchmark-coined descriptive engineering term,Meaning decomposed from the linked verified regulatory clause,"N5 - component or subject first, followed by characteristic and qualifier/state; no unsupported external mapping",Engineering decomposition of verified clause,framingAngle,Passed - clause-anchored benchmark coinage,Medium,Benchmark-coined descriptive engineering term. The proposed name is traceable to Meaning decomposed from the linked verified regulatory clause; aliases preserve the original notation.,I2-024
VOC-0296,framingIceStrengtheningExtent,Framing ice strengthening extent,Benchmark-coined descriptive engineering term,Meaning decomposed from the linked verified regulatory clause,"N5 - component or subject first, followed by characteristic and qualifier/state; no unsupported external mapping",Engineering decomposition of verified clause,framingIceStrengtheningExtent,Passed - clause-anchored benchmark coinage,Medium,Benchmark-coined descriptive engineering term. The proposed name is traceable to Meaning decomposed from the linked verified regulatory clause; aliases preserve the original notation.,TRF-063
VOC-0297,framingIceStrengtheningUpperExtent,Framing ice strengthening upper extent,Benchmark-coined descriptive engineering term,Meaning decomposed from the linked verified regulatory clause,"N5 - component or subject first, followed by characteristic and qualifier/state; no unsupported external mapping",Descriptive formula token in locked requirement,framing_ice_strengthening_upper_extent,Passed - clause-anchored benchmark coinage,Medium,Benchmark-coined descriptive engineering term. The proposed name is traceable to Meaning decomposed from the linked verified regulatory clause; aliases preserve the original notation.,TRF-043
VOC-0298,framingMember,Framing member,Benchmark-coined descriptive engineering term,Meaning decomposed from the linked verified regulatory clause,"N5 - component or subject first, followed by characteristic and qualifier/state; no unsupported external mapping",Engineering decomposition of verified clause,framingMember,Passed - clause-anchored benchmark coinage,Medium,Benchmark-coined descriptive engineering term. The proposed name is traceable to Meaning decomposed from the linked verified regulatory clause; aliases preserve the original notation.,I2-026
VOC-0299,freeingPortStrengthStatus,Freeing port strength status,Benchmark-coined descriptive engineering term,Meaning decomposed from the linked verified regulatory clause,"N5 - component or subject first, followed by characteristic and qualifier/state; no unsupported external mapping",Descriptive formula token in locked requirement,freeing_port_strength_status,Passed - clause-anchored benchmark coinage,Medium,Benchmark-coined descriptive engineering term. The proposed name is traceable to Meaning decomposed from the linked verified regulatory clause; aliases preserve the original notation.,TRF-040
VOC-0300,freezingPreventionPresent,Freezing prevention present,Benchmark-coined descriptive engineering term,Meaning decomposed from the linked verified regulatory clause,"N5 - component or subject first, followed by characteristic and qualifier/state; no unsupported external mapping",Descriptive formula token in locked requirement,freezing_prevention_present,Passed - clause-anchored benchmark coinage,Medium,Benchmark-coined descriptive engineering term. The proposed name is traceable to Meaning decomposed from the linked verified regulatory clause; aliases preserve the original notation.,TRF-016
VOC-0301,freezingProtectionPresent,Freezing protection present,Locked-workbook normalized regulatory term,LOCK-2026-08-11-R2 plus linked regulation evidence,N4 - preserve the source concept; normalize spelling to ASCII lowerCamelCase,Locked workbook canonical variable,freezing_protection_present,Passed - transparent source normalization,Medium,Locked-workbook normalized regulatory term. The proposed name is traceable to LOCK-2026-08-11-R2 plus linked regulation evidence; aliases preserve the original notation.,IMO-061
VOC-0302,freezingSnowIceProtectionPresent,Freezing snow ice protection present,Locked-workbook normalized regulatory term,LOCK-2026-08-11-R2 plus linked regulation evidence,N4 - preserve the source concept; normalize spelling to ASCII lowerCamelCase,Descriptive formula token in locked requirement; Locked workbook canonical variable,freezing_snow_ice_protection_present,Passed - transparent source normalization,Medium,Locked-workbook normalized regulatory term. The proposed name is traceable to LOCK-2026-08-11-R2 plus linked regulation evidence; aliases preserve the original notation.,IMO-051
VOC-0303,frequencyDomainAnalysis,Frequency domain analysis,Benchmark-coined descriptive engineering term,Meaning decomposed from the linked verified regulatory clause,"N5 - component or subject first, followed by characteristic and qualifier/state; no unsupported external mapping",Engineering decomposition of verified clause,frequencyDomainAnalysis,Passed - clause-anchored benchmark coinage,Medium,Benchmark-coined descriptive engineering term. The proposed name is traceable to Meaning decomposed from the linked verified regulatory clause; aliases preserve the original notation.,TRF-100
VOC-0304,frequencyDomainMethod,Frequency domain method,Benchmark-coined descriptive engineering term,Meaning decomposed from the linked verified regulatory clause,"N5 - component or subject first, followed by characteristic and qualifier/state; no unsupported external mapping",Engineering decomposition of verified clause,frequencyDomainMethod,Passed - clause-anchored benchmark coinage,Medium,Benchmark-coined descriptive engineering term. The proposed name is traceable to Meaning decomposed from the linked verified regulatory clause; aliases preserve the original notation.,TRF-089
VOC-0305,fullCapacityDischargePipeConnected,Full capacity discharge pipe connected,Benchmark-coined descriptive engineering term,Meaning decomposed from the linked verified regulatory clause,"N5 - component or subject first, followed by characteristic and qualifier/state; no unsupported external mapping",Descriptive formula token in locked requirement,full_capacity_discharge_pipe_connected,Passed - clause-anchored benchmark coinage,Medium,Benchmark-coined descriptive engineering term. The proposed name is traceable to Meaning decomposed from the linked verified regulatory clause; aliases preserve the original notation.,TRF-130
VOC-0306,functionalTestStatus,Functional test status,Locked-workbook normalized regulatory term,LOCK-2026-08-11-R2 plus linked regulation evidence,N4 - preserve the source concept; normalize spelling to ASCII lowerCamelCase,Descriptive formula token in locked requirement; Locked workbook canonical variable,functional_test_status,Passed - transparent source normalization,Medium,Locked-workbook normalized regulatory term. The proposed name is traceable to LOCK-2026-08-11-R2 plus linked regulation evidence; aliases preserve the original notation.,IMO-046
VOC-0307,functionalTestTemperature,Functional test temperature,Unit-stripped normalized regulatory variable,Locked R2 variable plus linked regulation; verified QUDT URI only where populated,N3 - remove unit from the identifier and retain it in unit/quantity metadata,Descriptive formula token in locked requirement; Locked workbook canonical variable,functional_test_temperature_degC,Passed - unit separation verified,High,Unit-stripped normalized regulatory variable. The proposed name is traceable to Locked R2 variable plus linked regulation; verified QUDT URI only where populated; aliases preserve the original notation.,IMO-046
VOC-0308,garbageManagementPlanPolarCoverage,Garbage management plan polar coverage,Locked-workbook normalized regulatory term,LOCK-2026-08-11-R2 plus linked regulation evidence,N4 - preserve the source concept; normalize spelling to ASCII lowerCamelCase,Locked workbook canonical variable,Garbage_Management_Plan_polar_coverage,Passed - transparent source normalization,Medium,Locked-workbook normalized regulatory term. The proposed name is traceable to LOCK-2026-08-11-R2 plus linked regulation evidence; aliases preserve the original notation.,IMO-125
VOC-0309,garbagePlacardPolarCoverage,Garbage placard polar coverage,Locked-workbook normalized regulatory term,LOCK-2026-08-11-R2 plus linked regulation evidence,N4 - preserve the source concept; normalize spelling to ASCII lowerCamelCase,Locked workbook canonical variable,garbage_placard_polar_coverage,Passed - transparent source normalization,Medium,Locked-workbook normalized regulatory term. The proposed name is traceable to LOCK-2026-08-11-R2 plus linked regulation evidence; aliases preserve the original notation.,IMO-125
VOC-0310,garbageRecordBookPolarCoverage,Garbage record book polar coverage,Locked-workbook normalized regulatory term,LOCK-2026-08-11-R2 plus linked regulation evidence,N4 - preserve the source concept; normalize spelling to ASCII lowerCamelCase,Locked workbook canonical variable,Garbage_Record_Book_polar_coverage,Passed - transparent source normalization,Medium,Locked-workbook normalized regulatory term. The proposed name is traceable to LOCK-2026-08-11-R2 plus linked regulation evidence; aliases preserve the original notation.,IMO-125
VOC-0311,gaugedThickness,Gauged thickness,Benchmark-coined descriptive engineering term,Meaning decomposed from the linked verified regulatory clause,"N5 - component or subject first, followed by characteristic and qualifier/state; no unsupported external mapping",Engineering decomposition of verified clause,gaugedThickness,Passed - clause-anchored benchmark coinage,Medium,Benchmark-coined descriptive engineering term. The proposed name is traceable to Meaning decomposed from the linked verified regulatory clause; aliases preserve the original notation.,I2-047
VOC-0312,gaugeLength,Gauge length,Benchmark-coined descriptive engineering term,Meaning decomposed from the linked verified regulatory clause,"N5 - component or subject first, followed by characteristic and qualifier/state; no unsupported external mapping",Descriptive formula token in locked requirement,gauge_length,Passed - clause-anchored benchmark coinage,Medium,Benchmark-coined descriptive engineering term. The proposed name is traceable to Meaning decomposed from the linked verified regulatory clause; aliases preserve the original notation.,TRF-072
VOC-0313,globalBladeOrderResonance,Global blade order resonance,Benchmark-coined descriptive engineering term,Meaning decomposed from the linked verified regulatory clause,"N5 - component or subject first, followed by characteristic and qualifier/state; no unsupported external mapping",Engineering decomposition of verified clause,globalBladeOrderResonance,Passed - clause-anchored benchmark coinage,Medium,Benchmark-coined descriptive engineering term. The proposed name is traceable to Meaning decomposed from the linked verified regulatory clause; aliases preserve the original notation.,TRF-119
VOC-0314,gnssCompassOrEquivalentCount,GNSS compass or equivalent count,Locked-workbook normalized regulatory term,LOCK-2026-08-11-R2 plus linked regulation evidence,N4 - preserve the source concept; normalize spelling to ASCII lowerCamelCase,Descriptive formula token in locked requirement; Locked workbook canonical variable,GNSS_compass_or_equivalent_count,Passed - transparent source normalization,Medium,Locked-workbook normalized regulatory term. The proposed name is traceable to LOCK-2026-08-11-R2 plus linked regulation evidence; aliases preserve the original notation.,IMO-087; IMO26-013
VOC-0315,grillageSystem,Grillage system,Benchmark-coined descriptive engineering term,Meaning decomposed from the linked verified regulatory clause,"N5 - component or subject first, followed by characteristic and qualifier/state; no unsupported external mapping",Engineering decomposition of verified clause,grillageSystem,Passed - clause-anchored benchmark coinage,Medium,Benchmark-coined descriptive engineering term. The proposed name is traceable to Meaning decomposed from the linked verified regulatory clause; aliases preserve the original notation.,I2-062
VOC-0316,grossTonnage,Gross tonnage,Locked-workbook normalized regulatory term,LOCK-2026-08-11-R2 plus linked regulation evidence,N4 - preserve the source concept; normalize spelling to ASCII lowerCamelCase,Descriptive formula token in locked requirement; Locked workbook canonical variable,gross_tonnage,Passed - transparent source normalization,Medium,Locked-workbook normalized regulatory term. The proposed name is traceable to LOCK-2026-08-11-R2 plus linked regulation evidence; aliases preserve the original notation.,IMO26-002; IMO26-012; IMO26-016
VOC-0317,groupSurvivalEquipmentCarried,Group survival equipment carried,Locked-workbook normalized regulatory term,LOCK-2026-08-11-R2 plus linked regulation evidence,N4 - preserve the source concept; normalize spelling to ASCII lowerCamelCase,Descriptive formula token in locked requirement; Locked workbook canonical variable,group_survival_equipment_carried,Passed - transparent source normalization,Medium,Locked-workbook normalized regulatory term. The proposed name is traceable to LOCK-2026-08-11-R2 plus linked regulation evidence; aliases preserve the original notation.,IMO-074
VOC-0318,groupSurvivalEquipmentContainer,Group survival equipment container,Locked-workbook normalized regulatory term,LOCK-2026-08-11-R2 plus linked regulation evidence,N4 - preserve the source concept; normalize spelling to ASCII lowerCamelCase,Locked workbook canonical variable,group_survival_equipment_container,Passed - transparent source normalization,Medium,Locked-workbook normalized regulatory term. The proposed name is traceable to LOCK-2026-08-11-R2 plus linked regulation evidence; aliases preserve the original notation.,IMO-076
VOC-0319,habitableEnvironmentPresent,Habitable environment present,Locked-workbook normalized regulatory term,LOCK-2026-08-11-R2 plus linked regulation evidence,N4 - preserve the source concept; normalize spelling to ASCII lowerCamelCase,Locked workbook canonical variable,habitable_environment_present,Passed - transparent source normalization,Medium,Locked-workbook normalized regulatory term. The proposed name is traceable to LOCK-2026-08-11-R2 plus linked regulation evidence; aliases preserve the original notation.,IMO-065
VOC-0320,harmfulSubstancePresent,Harmful substance present,Locked-workbook normalized regulatory term,LOCK-2026-08-11-R2 plus linked regulation evidence,N4 - preserve the source concept; normalize spelling to ASCII lowerCamelCase,Descriptive formula token in locked requirement; Locked workbook canonical variable,harmful_substance_present,Passed - transparent source normalization,Medium,Locked-workbook normalized regulatory term. The proposed name is traceable to LOCK-2026-08-11-R2 plus linked regulation evidence; aliases preserve the original notation.,IMO-123
VOC-0321,harmfulTorsionalResonance,Harmful torsional resonance,Benchmark-coined descriptive engineering term,Meaning decomposed from the linked verified regulatory clause,"N5 - component or subject first, followed by characteristic and qualifier/state; no unsupported external mapping",Engineering decomposition of verified clause,harmfulTorsionalResonance,Passed - clause-anchored benchmark coinage,Medium,Benchmark-coined descriptive engineering term. The proposed name is traceable to Meaning decomposed from the linked verified regulatory clause; aliases preserve the original notation.,TRF-125
VOC-0322,hatchCoverDesignEvidence,Hatch cover design evidence,Benchmark-coined descriptive engineering term,Meaning decomposed from the linked verified regulatory clause,"N5 - component or subject first, followed by characteristic and qualifier/state; no unsupported external mapping",Engineering decomposition of verified clause,hatchCoverDesignEvidence,Passed - clause-anchored benchmark coinage,Medium,Benchmark-coined descriptive engineering term. The proposed name is traceable to Meaning decomposed from the linked verified regulatory clause; aliases preserve the original notation.,TRF-056
VOC-0323,hatchFittingDesignEvidence,Hatch fitting design evidence,Benchmark-coined descriptive engineering term,Meaning decomposed from the linked verified regulatory clause,"N5 - component or subject first, followed by characteristic and qualifier/state; no unsupported external mapping",Engineering decomposition of verified clause,hatchFittingDesignEvidence,Passed - clause-anchored benchmark coinage,Medium,Benchmark-coined descriptive engineering term. The proposed name is traceable to Meaning decomposed from the linked verified regulatory clause; aliases preserve the original notation.,TRF-056
VOC-0324,hatchOpeningLength,Hatch opening length,Benchmark-coined descriptive engineering term,Meaning decomposed from the linked verified regulatory clause,"N5 - component or subject first, followed by characteristic and qualifier/state; no unsupported external mapping",Engineering decomposition of verified clause,hatchOpeningLength,Passed - clause-anchored benchmark coinage,Medium,Benchmark-coined descriptive engineering term. The proposed name is traceable to Meaning decomposed from the linked verified regulatory clause; aliases preserve the original notation.,TRF-056
VOC-0325,hazardProtectionCoverage,Hazard protection coverage,Locked-workbook normalized regulatory term,LOCK-2026-08-11-R2 plus linked regulation evidence,N4 - preserve the source concept; normalize spelling to ASCII lowerCamelCase,Locked workbook canonical variable,hazard_protection_coverage,Passed - transparent source normalization,Medium,Locked-workbook normalized regulatory term. The proposed name is traceable to LOCK-2026-08-11-R2 plus linked regulation evidence; aliases preserve the original notation.,IMO-043
VOC-0326,headingMeansIndependent,Heading means independent,Locked-workbook normalized regulatory term,LOCK-2026-08-11-R2 plus linked regulation evidence,N4 - preserve the source concept; normalize spelling to ASCII lowerCamelCase,Locked workbook canonical variable,heading_means_independent,Passed - transparent source normalization,Medium,Locked-workbook normalized regulatory term. The proposed name is traceable to LOCK-2026-08-11-R2 plus linked regulation evidence; aliases preserve the original notation.,IMO-086; IMO26-012
VOC-0327,headingOrPositionSystem,Heading or position system,Locked-workbook normalized regulatory term,LOCK-2026-08-11-R2 plus linked regulation evidence,N4 - preserve the source concept; normalize spelling to ASCII lowerCamelCase,Locked workbook canonical variable,heading_or_position_system,Passed - transparent source normalization,Medium,Locked-workbook normalized regulatory term. The proposed name is traceable to LOCK-2026-08-11-R2 plus linked regulation evidence; aliases preserve the original notation.,IMO26-005
VOC-0328,hullArea,Hull area,Benchmark-coined descriptive engineering term,Meaning decomposed from the linked verified regulatory clause,"N5 - component or subject first, followed by characteristic and qualifier/state; no unsupported external mapping",Engineering decomposition of verified clause,hullArea,Passed - clause-anchored benchmark coinage,Medium,Benchmark-coined descriptive engineering term. The proposed name is traceable to Meaning decomposed from the linked verified regulatory clause; aliases preserve the original notation.,I2-008; I2-009
VOC-0329,hullAreaBoundary,Hull area boundary,Benchmark-coined descriptive engineering term,Meaning decomposed from the linked verified regulatory clause,"N5 - component or subject first, followed by characteristic and qualifier/state; no unsupported external mapping",Engineering decomposition of verified clause,hullAreaBoundary,Passed - clause-anchored benchmark coinage,Medium,Benchmark-coined descriptive engineering term. The proposed name is traceable to Meaning decomposed from the linked verified regulatory clause; aliases preserve the original notation.,I2-019
VOC-0330,hullAreaFactor,Hull area factor,Benchmark-coined descriptive engineering term,Meaning decomposed from the linked verified regulatory clause,"N5 - component or subject first, followed by characteristic and qualifier/state; no unsupported external mapping",Engineering decomposition of verified clause,hullAreaFactor,Passed - clause-anchored benchmark coinage,Medium,Benchmark-coined descriptive engineering term. The proposed name is traceable to Meaning decomposed from the linked verified regulatory clause; aliases preserve the original notation.,I2-019
VOC-0331,hullAreaRequirementSet,Hull area requirement set,Benchmark-coined descriptive engineering term,Meaning decomposed from the linked verified regulatory clause,"N5 - component or subject first, followed by characteristic and qualifier/state; no unsupported external mapping",Engineering decomposition of verified clause,hullAreaRequirementSet,Passed - clause-anchored benchmark coinage,Medium,Benchmark-coined descriptive engineering term. The proposed name is traceable to Meaning decomposed from the linked verified regulatory clause; aliases preserve the original notation.,I2-006
VOC-0332,hullGirder,Hull girder,Benchmark-coined descriptive engineering term,Meaning decomposed from the linked verified regulatory clause,"N5 - component or subject first, followed by characteristic and qualifier/state; no unsupported external mapping",Engineering decomposition of verified clause,hullGirder,Passed - clause-anchored benchmark coinage,Medium,Benchmark-coined descriptive engineering term. The proposed name is traceable to Meaning decomposed from the linked verified regulatory clause; aliases preserve the original notation.,I2-053
VOC-0333,hullGirderPosition,Hull girder position,Benchmark-coined descriptive engineering term,Meaning decomposed from the linked verified regulatory clause,"N5 - component or subject first, followed by characteristic and qualifier/state; no unsupported external mapping",Engineering decomposition of verified clause,hullGirderPosition,Passed - clause-anchored benchmark coinage,Medium,Benchmark-coined descriptive engineering term. The proposed name is traceable to Meaning decomposed from the linked verified regulatory clause; aliases preserve the original notation.,I2-051
VOC-0334,hydraulicFluidFreezingOrViscosityControlPresent,Hydraulic fluid freezing or viscosity control present,Locked-workbook normalized regulatory term,LOCK-2026-08-11-R2 plus linked regulation evidence,N4 - preserve the source concept; normalize spelling to ASCII lowerCamelCase,Descriptive formula token in locked requirement; Locked workbook canonical variable,hydraulic_fluid_freezing_or_viscosity_control_present,Passed - transparent source normalization,Medium,Locked-workbook normalized regulatory term. The proposed name is traceable to LOCK-2026-08-11-R2 plus linked regulation evidence; aliases preserve the original notation.,IMO-041
VOC-0335,hydraulicRudderReliefValvePresent,Hydraulic rudder relief valve present,Benchmark-coined descriptive engineering term,Meaning decomposed from the linked verified regulatory clause,"N5 - component or subject first, followed by characteristic and qualifier/state; no unsupported external mapping",Descriptive formula token in locked requirement,hydraulic_rudder_relief_valve_present,Passed - clause-anchored benchmark coinage,Medium,Benchmark-coined descriptive engineering term. The proposed name is traceable to Meaning decomposed from the linked verified regulatory clause; aliases preserve the original notation.,TRF-068
VOC-0336,hydrodynamicBollardThrust,Hydrodynamic bollard thrust,Verified exact implementation term,Haitham final SSP URI plus linked regulation: https://w3id.org/mtl-requirements/ssp#hydrodynamicBollardThrust,N1 - reuse only after exact URI and semantic-context verification,Descriptive formula token in locked requirement; Engineering decomposition of verified clause; Locked workbook canonical variable,hydrodynamicBollardThrust; hydrodynamicBollardThrust_kN; hydrodynamic_bollard_thrust_T_kN,Passed - exact URI/local-name evidence,High,Verified exact implementation term. The proposed name is traceable to Haitham final SSP URI plus linked regulation: https://w3id.org/mtl-requirements/ssp#hydrodynamicBollardThrust; aliases preserve the original notation.,TRF-081; TRF-082
VOC-0337,hydrodynamicPropellerMeanTorque,Hydrodynamic propeller mean torque,Benchmark-coined descriptive engineering term,Meaning decomposed from the linked verified regulatory clause,"N5 - component or subject first, followed by characteristic and qualifier/state; no unsupported external mapping",Engineering decomposition of verified clause,hydrodynamicPropellerMeanTorque,Passed - clause-anchored benchmark coinage,Medium,Benchmark-coined descriptive engineering term. The proposed name is traceable to Meaning decomposed from the linked verified regulatory clause; aliases preserve the original notation.,TRF-100
VOC-0338,iceAccretionLikely,Ice accretion likely,Locked-workbook normalized regulatory term,LOCK-2026-08-11-R2 plus linked regulation evidence,N4 - preserve the source concept; normalize spelling to ASCII lowerCamelCase,Descriptive formula token in locked requirement; Locked workbook canonical variable,ice_accretion_likely,Passed - transparent source normalization,Medium,Locked-workbook normalized regulatory term. The proposed name is traceable to LOCK-2026-08-11-R2 plus linked regulation evidence; aliases preserve the original notation.,IMO-033; IMO-034; IMO-040; IMO-083; IMO26-009
VOC-0339,iceAccretionMinimizationDesignPresent,Ice accretion minimization design present,Locked-workbook normalized regulatory term,LOCK-2026-08-11-R2 plus linked regulation evidence,N4 - preserve the source concept; normalize spelling to ASCII lowerCamelCase,Descriptive formula token in locked requirement; Locked workbook canonical variable,ice_accretion_minimization_design_present,Passed - transparent source normalization,Medium,Locked-workbook normalized regulatory term. The proposed name is traceable to LOCK-2026-08-11-R2 plus linked regulation evidence; aliases preserve the original notation.,IMO-034
VOC-0340,iceAccretionMonitoringActive,Ice accretion monitoring active,Locked-workbook normalized regulatory term,LOCK-2026-08-11-R2 plus linked regulation evidence,N4 - preserve the source concept; normalize spelling to ASCII lowerCamelCase,Descriptive formula token in locked requirement; Locked workbook canonical variable,ice_accretion_monitoring_active,Passed - transparent source normalization,Medium,Locked-workbook normalized regulatory term. The proposed name is traceable to LOCK-2026-08-11-R2 plus linked regulation evidence; aliases preserve the original notation.,IMO-036
VOC-0341,iceAccretionProtectionPresent,Ice accretion protection present,Locked-workbook normalized regulatory term,LOCK-2026-08-11-R2 plus linked regulation evidence,N4 - preserve the source concept; normalize spelling to ASCII lowerCamelCase,Descriptive formula token in locked requirement; Locked workbook canonical variable,ice_accretion_protection_present,Passed - transparent source normalization,Medium,Locked-workbook normalized regulatory term. The proposed name is traceable to LOCK-2026-08-11-R2 plus linked regulation evidence; aliases preserve the original notation.,IMO-055
VOC-0342,iceAccumulationPreventionMeansPresent,Ice accumulation prevention means present,Locked-workbook normalized regulatory term,LOCK-2026-08-11-R2 plus linked regulation evidence,N4 - preserve the source concept; normalize spelling to ASCII lowerCamelCase,Descriptive formula token in locked requirement; Locked workbook canonical variable,ice_accumulation_prevention_means_present,Passed - transparent source normalization,Medium,Locked-workbook normalized regulatory term. The proposed name is traceable to LOCK-2026-08-11-R2 plus linked regulation evidence; aliases preserve the original notation.,IMO-083; IMO26-009
VOC-0343,iceAccumulationSpaceAboveInlet,Ice accumulation space above inlet,Benchmark-coined descriptive engineering term,Meaning decomposed from the linked verified regulatory clause,"N5 - component or subject first, followed by characteristic and qualifier/state; no unsupported external mapping",Descriptive formula token in locked requirement,ice_accumulation_space_above_inlet,Passed - clause-anchored benchmark coinage,Medium,Benchmark-coined descriptive engineering term. The proposed name is traceable to Meaning decomposed from the linked verified regulatory clause; aliases preserve the original notation.,TRF-130
VOC-0344,iceAndSnowProtectionPresent,Ice and snow protection present,Locked-workbook normalized regulatory term,LOCK-2026-08-11-R2 plus linked regulation evidence,N4 - preserve the source concept; normalize spelling to ASCII lowerCamelCase,Descriptive formula token in locked requirement; Locked workbook canonical variable,ice_and_snow_protection_present,Passed - transparent source normalization,Medium,Locked-workbook normalized regulatory term. The proposed name is traceable to LOCK-2026-08-11-R2 plus linked regulation evidence; aliases preserve the original notation.,IMO-050
VOC-0345,iceBeltLowerLimit,Ice belt lower limit,Benchmark-coined descriptive engineering term,Meaning decomposed from the linked verified regulatory clause,"N5 - component or subject first, followed by characteristic and qualifier/state; no unsupported external mapping",Engineering decomposition of verified clause,iceBeltLowerLimit,Passed - clause-anchored benchmark coinage,Medium,Benchmark-coined descriptive engineering term. The proposed name is traceable to Meaning decomposed from the linked verified regulatory clause; aliases preserve the original notation.,TRF-047
VOC-0346,iceBeltUpperLimit,Ice belt upper limit,Benchmark-coined descriptive engineering term,Meaning decomposed from the linked verified regulatory clause,"N5 - component or subject first, followed by characteristic and qualifier/state; no unsupported external mapping",Engineering decomposition of verified clause,iceBeltUpperLimit,Passed - clause-anchored benchmark coinage,Medium,Benchmark-coined descriptive engineering term. The proposed name is traceable to Meaning decomposed from the linked verified regulatory clause; aliases preserve the original notation.,TRF-046
VOC-0347,iceBlock,Ice block,Benchmark-coined descriptive engineering term,Meaning decomposed from the linked verified regulatory clause,"N5 - component or subject first, followed by characteristic and qualifier/state; no unsupported external mapping",Engineering decomposition of verified clause,iceBlock,Passed - clause-anchored benchmark coinage,Medium,Benchmark-coined descriptive engineering term. The proposed name is traceable to Meaning decomposed from the linked verified regulatory clause; aliases preserve the original notation.,TRF-075
VOC-0348,icebreakerEscortOperation,Icebreaker escort operation,Locked-workbook normalized regulatory term,LOCK-2026-08-11-R2 plus linked regulation evidence,N4 - preserve the source concept; normalize spelling to ASCII lowerCamelCase,Descriptive formula token in locked requirement; Locked workbook canonical variable,icebreaker_escort_operation,Passed - transparent source normalization,Medium,Locked-workbook normalized regulatory term. The proposed name is traceable to LOCK-2026-08-11-R2 plus linked regulation evidence; aliases preserve the original notation.,IMO-089
VOC-0349,iceCapabilityMethodologyApplicable,Ice capability methodology applicable,Locked-workbook normalized regulatory term,LOCK-2026-08-11-R2 plus linked regulation evidence,N4 - preserve the source concept; normalize spelling to ASCII lowerCamelCase,Descriptive formula token in locked requirement; Locked workbook canonical variable,ice_capability_methodology_applicable,Passed - transparent source normalization,Medium,Locked-workbook normalized regulatory term. The proposed name is traceable to LOCK-2026-08-11-R2 plus linked regulation evidence; aliases preserve the original notation.,IMO-018; IMO-026
VOC-0350,iceClass,Ice class,Verified exact implementation term,Haitham final SSP URI plus linked regulation: https://w3id.org/mtl-requirements/ssp#iceClass,N1 - reuse only after exact URI and semantic-context verification,Engineering decomposition of verified clause; Locked workbook canonical variable,iceClass,Passed - exact URI/local-name evidence,High,Verified exact implementation term. The proposed name is traceable to Haitham final SSP URI plus linked regulation: https://w3id.org/mtl-requirements/ssp#iceClass; aliases preserve the original notation.,TRF-001; TRF-002; TRF-003; TRF-004; TRF-005; TRF-006; TRF-007; TRF-009; TRF-010; TRF-013; TRF-014; TRF-018; TRF-020; TRF-023; TRF-024; TRF-025; TRF-026; TRF-036; TRF-039; TRF-040; TRF-052; TRF-066; TRF-067; TRF-069; TRF-074; TRF-121; TRF-128; TRF-132; TRF-133
VOC-0351,iceClassDraught,Ice class draught,Benchmark-coined descriptive engineering term,Meaning decomposed from the linked verified regulatory clause,"N5 - component or subject first, followed by characteristic and qualifier/state; no unsupported external mapping",Engineering decomposition of verified clause,iceClassDraught,Passed - clause-anchored benchmark coinage,Medium,Benchmark-coined descriptive engineering term. The proposed name is traceable to Meaning decomposed from the linked verified regulatory clause; aliases preserve the original notation.,TRF-027
VOC-0352,iceConcentration,Ice concentration,Unit-stripped normalized regulatory variable,Locked R2 variable plus linked regulation; verified QUDT URI only where populated,N3 - remove unit from the identifier and retain it in unit/quantity metadata,Descriptive formula token in locked requirement; Locked workbook canonical variable,ice_concentration_tenths,Passed - unit separation verified,Medium,Unit-stripped normalized regulatory variable. The proposed name is traceable to Locked R2 variable plus linked regulation; verified QUDT URI only where populated; aliases preserve the original notation.,IMO-103; IMO-115; IMO-116; IMO-119; IMO-120; IMO-124
VOC-0353,iceCondition,Ice condition,Locked-workbook normalized regulatory term,LOCK-2026-08-11-R2 plus linked regulation evidence,N4 - preserve the source concept; normalize spelling to ASCII lowerCamelCase,Descriptive formula token in locked requirement; Locked workbook canonical variable,ice_condition,Passed - transparent source normalization,Medium,Locked-workbook normalized regulatory term. The proposed name is traceable to LOCK-2026-08-11-R2 plus linked regulation evidence; aliases preserve the original notation.,IMO-005; IMO-007; IMO-009; IMO-102; IMO-103
VOC-0354,iceEngineExcitationPhaseAngle,Ice engine excitation phase angle,Benchmark-coined descriptive engineering term,Meaning decomposed from the linked verified regulatory clause,"N5 - component or subject first, followed by characteristic and qualifier/state; no unsupported external mapping",Engineering decomposition of verified clause,iceEngineExcitationPhaseAngle,Passed - clause-anchored benchmark coinage,Medium,Benchmark-coined descriptive engineering term. The proposed name is traceable to Meaning decomposed from the linked verified regulatory clause; aliases preserve the original notation.,TRF-093
VOC-0355,iceForce,Ice force,Benchmark-coined descriptive engineering term,Meaning decomposed from the linked verified regulatory clause,"N5 - component or subject first, followed by characteristic and qualifier/state; no unsupported external mapping",Engineering decomposition of verified clause,iceForce,Passed - clause-anchored benchmark coinage,Medium,Benchmark-coined descriptive engineering term. The proposed name is traceable to Meaning decomposed from the linked verified regulatory clause; aliases preserve the original notation.,I2-018
VOC-0356,iceInformationDisplayPresent,Ice information display present,Locked-workbook normalized regulatory term,LOCK-2026-08-11-R2 plus linked regulation evidence,N4 - preserve the source concept; normalize spelling to ASCII lowerCamelCase,Descriptive formula token in locked requirement; Locked workbook canonical variable,ice_information_display_present,Passed - transparent source normalization,Medium,Locked-workbook normalized regulatory term. The proposed name is traceable to LOCK-2026-08-11-R2 plus linked regulation evidence; aliases preserve the original notation.,IMO-080; IMO26-006
VOC-0357,iceInformationReceiverPresent,Ice information receiver present,Locked-workbook normalized regulatory term,LOCK-2026-08-11-R2 plus linked regulation evidence,N4 - preserve the source concept; normalize spelling to ASCII lowerCamelCase,Descriptive formula token in locked requirement; Locked workbook canonical variable,ice_information_receiver_present,Passed - transparent source normalization,Medium,Locked-workbook normalized regulatory term. The proposed name is traceable to LOCK-2026-08-11-R2 plus linked regulation evidence; aliases preserve the original notation.,IMO-080; IMO26-006
VOC-0358,iceIngestionPreventionPresent,Ice ingestion prevention present,Locked-workbook normalized regulatory term,LOCK-2026-08-11-R2 plus linked regulation evidence,N4 - preserve the source concept; normalize spelling to ASCII lowerCamelCase,Descriptive formula token in locked requirement; Locked workbook canonical variable,ice_ingestion_prevention_present,Passed - transparent source normalization,Medium,Locked-workbook normalized regulatory term. The proposed name is traceable to LOCK-2026-08-11-R2 plus linked regulation evidence; aliases preserve the original notation.,IMO-045
VOC-0359,iceLoadCycleCoefficientK1,Ice load cycle coefficient k1,Locked-workbook normalized regulatory term,LOCK-2026-08-11-R2 plus linked regulation evidence,N4 - preserve the source concept; normalize spelling to ASCII lowerCamelCase,Locked workbook canonical variable,k1,Passed - transparent source normalization,Medium,Locked-workbook normalized regulatory term. The proposed name is traceable to LOCK-2026-08-11-R2 plus linked regulation evidence; aliases preserve the original notation.,TRF-078
VOC-0360,iceLoadCycleCoefficientK2,Ice load cycle coefficient k2,Locked-workbook normalized regulatory term,LOCK-2026-08-11-R2 plus linked regulation evidence,N4 - preserve the source concept; normalize spelling to ASCII lowerCamelCase,Locked workbook canonical variable,k2,Passed - transparent source normalization,Medium,Locked-workbook normalized regulatory term. The proposed name is traceable to LOCK-2026-08-11-R2 plus linked regulation evidence; aliases preserve the original notation.,TRF-078; TRF-079
VOC-0361,iceLoadCycleCoefficientK3,Ice load cycle coefficient k3,Locked-workbook normalized regulatory term,LOCK-2026-08-11-R2 plus linked regulation evidence,N4 - preserve the source concept; normalize spelling to ASCII lowerCamelCase,Locked workbook canonical variable,k3,Passed - transparent source normalization,Medium,Locked-workbook normalized regulatory term. The proposed name is traceable to LOCK-2026-08-11-R2 plus linked regulation evidence; aliases preserve the original notation.,TRF-078
VOC-0362,iceLoadCycleCount,Ice load cycle count,Locked-workbook normalized regulatory term,LOCK-2026-08-11-R2 plus linked regulation evidence,N4 - preserve the source concept; normalize spelling to ASCII lowerCamelCase,Engineering decomposition of verified clause; Locked workbook canonical variable,Nice; iceLoadCycleCount,Passed - transparent source normalization,Medium,Locked-workbook normalized regulatory term. The proposed name is traceable to LOCK-2026-08-11-R2 plus linked regulation evidence; aliases preserve the original notation.,TRF-077; TRF-078; TRF-080; TRF-109
VOC-0363,iceLoadForce,Ice load force,Benchmark-coined descriptive engineering term,Meaning decomposed from the linked verified regulatory clause,"N5 - component or subject first, followed by characteristic and qualifier/state; no unsupported external mapping",Engineering decomposition of verified clause,iceLoadForce,Passed - clause-anchored benchmark coinage,Medium,Benchmark-coined descriptive engineering term. The proposed name is traceable to Meaning decomposed from the linked verified regulatory clause; aliases preserve the original notation.,TRF-058
VOC-0364,iceLoadHeight,Ice load height,Benchmark-coined descriptive engineering term,Meaning decomposed from the linked verified regulatory clause,"N5 - component or subject first, followed by characteristic and qualifier/state; no unsupported external mapping",Engineering decomposition of verified clause,iceLoadHeight,Passed - clause-anchored benchmark coinage,Medium,Benchmark-coined descriptive engineering term. The proposed name is traceable to Meaning decomposed from the linked verified regulatory clause; aliases preserve the original notation.,TRF-057
VOC-0365,iceLoadPatch,Ice load patch,Benchmark-coined descriptive engineering term,Meaning decomposed from the linked verified regulatory clause,"N5 - component or subject first, followed by characteristic and qualifier/state; no unsupported external mapping",Engineering decomposition of verified clause,iceLoadPatch,Passed - clause-anchored benchmark coinage,Medium,Benchmark-coined descriptive engineering term. The proposed name is traceable to Meaning decomposed from the linked verified regulatory clause; aliases preserve the original notation.,I2-037
VOC-0366,iceMobilityTestStatus,Ice mobility test status,Locked-workbook normalized regulatory term,LOCK-2026-08-11-R2 plus linked regulation evidence,N4 - preserve the source concept; normalize spelling to ASCII lowerCamelCase,Descriptive formula token in locked requirement; Locked workbook canonical variable,ice_mobility_test_status,Passed - transparent source normalization,Medium,Locked-workbook normalized regulatory term. The proposed name is traceable to LOCK-2026-08-11-R2 plus linked regulation evidence; aliases preserve the original notation.,IMO-076
VOC-0367,iceNavigationCondition,Ice navigation condition,Benchmark-coined descriptive engineering term,Meaning decomposed from the linked verified regulatory clause,"N5 - component or subject first, followed by characteristic and qualifier/state; no unsupported external mapping",Engineering decomposition of verified clause,iceNavigationCondition,Passed - clause-anchored benchmark coinage,Medium,Benchmark-coined descriptive engineering term. The proposed name is traceable to Meaning decomposed from the linked verified regulatory clause; aliases preserve the original notation.,TRF-129
VOC-0368,iceOfLandOriginPresent,Ice of land origin present,Locked-workbook normalized regulatory term,LOCK-2026-08-11-R2 plus linked regulation evidence,N4 - preserve the source concept; normalize spelling to ASCII lowerCamelCase,Descriptive formula token in locked requirement; Locked workbook canonical variable,ice_of_land_origin_present,Passed - transparent source normalization,Medium,Locked-workbook normalized regulatory term. The proposed name is traceable to LOCK-2026-08-11-R2 plus linked regulation evidence; aliases preserve the original notation.,IMO-007
VOC-0369,iceOperatingSpeed,Ice operating speed,Benchmark-coined descriptive engineering term,Meaning decomposed from the linked verified regulatory clause,"N5 - component or subject first, followed by characteristic and qualifier/state; no unsupported external mapping",Engineering decomposition of verified clause,iceOperatingSpeed,Passed - clause-anchored benchmark coinage,Medium,Benchmark-coined descriptive engineering term. The proposed name is traceable to Meaning decomposed from the linked verified regulatory clause; aliases preserve the original notation.,TRF-114
VOC-0370,iceOperationApplicable,Ice operation applicable,Locked-workbook normalized regulatory term,LOCK-2026-08-11-R2 plus linked regulation evidence,N4 - preserve the source concept; normalize spelling to ASCII lowerCamelCase,Descriptive formula token in locked requirement; Locked workbook canonical variable,ice_operation_applicable,Passed - transparent source normalization,Medium,Locked-workbook normalized regulatory term. The proposed name is traceable to LOCK-2026-08-11-R2 plus linked regulation evidence; aliases preserve the original notation.,IMO-030
VOC-0371,iceOrigin,Ice origin,Locked-workbook normalized regulatory term,LOCK-2026-08-11-R2 plus linked regulation evidence,N4 - preserve the source concept; normalize spelling to ASCII lowerCamelCase,Descriptive formula token in locked requirement; Locked workbook canonical variable,ice_origin,Passed - transparent source normalization,Medium,Locked-workbook normalized regulatory term. The proposed name is traceable to LOCK-2026-08-11-R2 plus linked regulation evidence; aliases preserve the original notation.,IMO-004
VOC-0372,iceOrSnowRemovalOrPreventionMeans,Ice or snow removal or prevention means,Locked-workbook normalized regulatory term,LOCK-2026-08-11-R2 plus linked regulation evidence,N4 - preserve the source concept; normalize spelling to ASCII lowerCamelCase,Descriptive formula token in locked requirement; Locked workbook canonical variable,ice_or_snow_removal_or_prevention_means,Passed - transparent source normalization,Medium,Locked-workbook normalized regulatory term. The proposed name is traceable to LOCK-2026-08-11-R2 plus linked regulation evidence; aliases preserve the original notation.,IMO-040; IMO-052; IMO-066
VOC-0373,icePressure,Ice pressure,Verified exact implementation term,Haitham final SSP URI plus linked regulation: https://w3id.org/mtl-requirements/ssp#icePressure,N1 - reuse only after exact URI and semantic-context verification,Engineering decomposition of verified clause,icePressure,Passed - exact URI/local-name evidence,High,Verified exact implementation term. The proposed name is traceable to Haitham final SSP URI plus linked regulation: https://w3id.org/mtl-requirements/ssp#icePressure; aliases preserve the original notation.,TRF-057
VOC-0374,iceSafetyMonitoringProcedurePresent,Ice safety monitoring procedure present,Locked-workbook normalized regulatory term,LOCK-2026-08-11-R2 plus linked regulation evidence,N4 - preserve the source concept; normalize spelling to ASCII lowerCamelCase,Locked workbook canonical variable,ice_safety_monitoring_procedure_present,Passed - transparent source normalization,Medium,Locked-workbook normalized regulatory term. The proposed name is traceable to LOCK-2026-08-11-R2 plus linked regulation evidence; aliases preserve the original notation.,IMO-030
VOC-0375,iceSnowMitigationCoverage,Ice snow mitigation coverage,Locked-workbook normalized regulatory term,LOCK-2026-08-11-R2 plus linked regulation evidence,N4 - preserve the source concept; normalize spelling to ASCII lowerCamelCase,Locked workbook canonical variable,ice_snow_mitigation_coverage,Passed - transparent source normalization,Medium,Locked-workbook normalized regulatory term. The proposed name is traceable to LOCK-2026-08-11-R2 plus linked regulation evidence; aliases preserve the original notation.,IMO-062
VOC-0376,iceStrengthenedArea,Ice strengthened area,Benchmark-coined descriptive engineering term,Meaning decomposed from the linked verified regulatory clause,"N5 - component or subject first, followed by characteristic and qualifier/state; no unsupported external mapping",Engineering decomposition of verified clause,iceStrengthenedArea,Passed - clause-anchored benchmark coinage,Medium,Benchmark-coined descriptive engineering term. The proposed name is traceable to Meaning decomposed from the linked verified regulatory clause; aliases preserve the original notation.,I2-026; I2-066
VOC-0377,iceStrengthenedHullArea,Ice strengthened hull area,Benchmark-coined descriptive engineering term,Meaning decomposed from the linked verified regulatory clause,"N5 - component or subject first, followed by characteristic and qualifier/state; no unsupported external mapping",Engineering decomposition of verified clause,iceStrengthenedHullArea,Passed - clause-anchored benchmark coinage,Medium,Benchmark-coined descriptive engineering term. The proposed name is traceable to Meaning decomposed from the linked verified regulatory clause; aliases preserve the original notation.,I2-046
VOC-0378,iceStrengtheningStatus,Ice strengthening status,Benchmark-coined descriptive engineering term,Meaning decomposed from the linked verified regulatory clause,"N5 - component or subject first, followed by characteristic and qualifier/state; no unsupported external mapping",Engineering decomposition of verified clause,iceStrengtheningStatus,Passed - clause-anchored benchmark coinage,Medium,Benchmark-coined descriptive engineering term. The proposed name is traceable to Meaning decomposed from the linked verified regulatory clause; aliases preserve the original notation.,TRF-032
VOC-0379,iceStrengtheningTerminationAtAdjacentBoundaryPermitted,Ice strengthening termination at adjacent boundary permitted,Benchmark-coined descriptive engineering term,Meaning decomposed from the linked verified regulatory clause,"N5 - component or subject first, followed by characteristic and qualifier/state; no unsupported external mapping",Descriptive formula token in locked requirement,termination_at_that_boundary,Passed - clause-anchored benchmark coinage,Medium,Benchmark-coined descriptive engineering term. The proposed name is traceable to Meaning decomposed from the linked verified regulatory clause; aliases preserve the original notation.,TRF-043
VOC-0380,iceThickness,Ice thickness,Unit-stripped normalized regulatory variable,Locked R2 variable plus linked regulation; verified QUDT URI only where populated,N3 - remove unit from the identifier and retain it in unit/quantity metadata,Descriptive formula token in locked requirement; Locked workbook canonical variable,ice_thickness_m,Passed - unit separation verified,High,Unit-stripped normalized regulatory variable. The proposed name is traceable to Locked R2 variable plus linked regulation; verified QUDT URI only where populated; aliases preserve the original notation.,IMO-004; IMO-006; IMO-008
VOC-0381,iceType,Ice type,Locked-workbook normalized regulatory term,LOCK-2026-08-11-R2 plus linked regulation evidence,N4 - preserve the source concept; normalize spelling to ASCII lowerCamelCase,Descriptive formula token in locked requirement; Locked workbook canonical variable,ice_type,Passed - transparent source normalization,Medium,Locked-workbook normalized regulatory term. The proposed name is traceable to LOCK-2026-08-11-R2 plus linked regulation evidence; aliases preserve the original notation.,IMO-004; IMO-006; IMO-008
VOC-0382,identifiedIntendedVoyageHazard,Identified intended voyage hazard,Locked-workbook normalized regulatory term,LOCK-2026-08-11-R2 plus linked regulation evidence,N4 - preserve the source concept; normalize spelling to ASCII lowerCamelCase,Descriptive formula token in locked requirement; Locked workbook canonical variable,identified_intended_voyage_hazard,Passed - transparent source normalization,Medium,Locked-workbook normalized regulatory term. The proposed name is traceable to LOCK-2026-08-11-R2 plus linked regulation evidence; aliases preserve the original notation.,IMO-100
VOC-0383,immersionPotential,Immersion potential,Locked-workbook normalized regulatory term,LOCK-2026-08-11-R2 plus linked regulation evidence,N4 - preserve the source concept; normalize spelling to ASCII lowerCamelCase,Locked workbook canonical variable,immersion_potential,Passed - transparent source normalization,Medium,Locked-workbook normalized regulatory term. The proposed name is traceable to LOCK-2026-08-11-R2 plus linked regulation evidence; aliases preserve the original notation.,IMO-064
VOC-0384,immersionSuitRequired,Immersion suit required,Locked-workbook normalized regulatory term,LOCK-2026-08-11-R2 plus linked regulation evidence,N4 - preserve the source concept; normalize spelling to ASCII lowerCamelCase,Descriptive formula token in locked requirement; Locked workbook canonical variable,immersion_suit_required,Passed - transparent source normalization,Medium,Locked-workbook normalized regulatory term. The proposed name is traceable to LOCK-2026-08-11-R2 plus linked regulation evidence; aliases preserve the original notation.,IMO-071
VOC-0385,immersionSuitType,Immersion suit type,Locked-workbook normalized regulatory term,LOCK-2026-08-11-R2 plus linked regulation evidence,N4 - preserve the source concept; normalize spelling to ASCII lowerCamelCase,Descriptive formula token in locked requirement; Locked workbook canonical variable,immersion_suit_type,Passed - transparent source normalization,Medium,Locked-workbook normalized regulatory term. The proposed name is traceable to LOCK-2026-08-11-R2 plus linked regulation evidence; aliases preserve the original notation.,IMO-071
VOC-0386,impactLoadCase,Impact load case,Benchmark-coined descriptive engineering term,Meaning decomposed from the linked verified regulatory clause,"N5 - component or subject first, followed by characteristic and qualifier/state; no unsupported external mapping",Engineering decomposition of verified clause,impactLoadCase,Passed - clause-anchored benchmark coinage,Medium,Benchmark-coined descriptive engineering term. The proposed name is traceable to Meaning decomposed from the linked verified regulatory clause; aliases preserve the original notation.,TRF-114
VOC-0387,independentEchoSoundingDeviceCount,Independent echo sounding device count,Locked-workbook normalized regulatory term,LOCK-2026-08-11-R2 plus linked regulation evidence,N4 - preserve the source concept; normalize spelling to ASCII lowerCamelCase,Descriptive formula token in locked requirement; Locked workbook canonical variable,independent_echo_sounding_device_count,Passed - transparent source normalization,Medium,Locked-workbook normalized regulatory term. The proposed name is traceable to LOCK-2026-08-11-R2 plus linked regulation evidence; aliases preserve the original notation.,IMO-081; IMO26-007
VOC-0388,independentOperationLimits,Independent operation limits,Locked-workbook normalized regulatory term,LOCK-2026-08-11-R2 plus linked regulation evidence,N4 - preserve the source concept; normalize spelling to ASCII lowerCamelCase,Locked workbook canonical variable,independent_operation_limits,Passed - transparent source normalization,Medium,Locked-workbook normalized regulatory term. The proposed name is traceable to LOCK-2026-08-11-R2 plus linked regulation evidence; aliases preserve the original notation.,IMO-030
VOC-0389,independentSeaSuctionUsed,Independent sea suction used,Locked-workbook normalized regulatory term,LOCK-2026-08-11-R2 plus linked regulation evidence,N4 - preserve the source concept; normalize spelling to ASCII lowerCamelCase,Descriptive formula token in locked requirement; Locked workbook canonical variable,independent_sea_suction_used,Passed - transparent source normalization,Medium,Locked-workbook normalized regulatory term. The proposed name is traceable to LOCK-2026-08-11-R2 plus linked regulation evidence; aliases preserve the original notation.,IMO-060
VOC-0390,independentTransducerCount,Independent transducer count,Locked-workbook normalized regulatory term,LOCK-2026-08-11-R2 plus linked regulation evidence,N4 - preserve the source concept; normalize spelling to ASCII lowerCamelCase,Descriptive formula token in locked requirement; Locked workbook canonical variable,independent_transducer_count,Passed - transparent source normalization,Medium,Locked-workbook normalized regulatory term. The proposed name is traceable to LOCK-2026-08-11-R2 plus linked regulation evidence; aliases preserve the original notation.,IMO-081; IMO26-007
VOC-0391,individualOilFuelTankCapacity,Individual oil fuel tank capacity,Unit-stripped normalized regulatory variable,Locked R2 variable plus linked regulation; verified QUDT URI only where populated,N3 - remove unit from the identifier and retain it in unit/quantity metadata,Descriptive formula token in locked requirement; Locked workbook canonical variable,individual_oil_fuel_tank_capacity_m3,Passed - unit separation verified,High,Unit-stripped normalized regulatory variable. The proposed name is traceable to Locked R2 variable plus linked regulation; verified QUDT URI only where populated; aliases preserve the original notation.,IMO-108
VOC-0392,individualTankCapacity,Individual tank capacity,Unit-stripped normalized regulatory variable,Locked R2 variable plus linked regulation; verified QUDT URI only where populated,N3 - remove unit from the identifier and retain it in unit/quantity metadata,Descriptive formula token in locked requirement; Locked workbook canonical variable,individual_tank_capacity_m3,Passed - unit separation verified,High,Unit-stripped normalized regulatory variable. The proposed name is traceable to Locked R2 variable plus linked regulation; verified QUDT URI only where populated; aliases preserve the original notation.,IMO-111
VOC-0393,inertiaRatioIeIt,Inertia ratio ie it,Locked-workbook normalized regulatory term,LOCK-2026-08-11-R2 plus linked regulation evidence,N4 - preserve the source concept; normalize spelling to ASCII lowerCamelCase,Locked workbook canonical variable,inertiaRatio_Ie_It,Passed - transparent source normalization,Medium,Locked-workbook normalized regulatory term. The proposed name is traceable to LOCK-2026-08-11-R2 plus linked regulation evidence; aliases preserve the original notation.,I2-013; TRF-087; TRF-099
VOC-0394,informationLimitationMeasures,Information limitation measures,Locked-workbook normalized regulatory term,LOCK-2026-08-11-R2 plus linked regulation evidence,N4 - preserve the source concept; normalize spelling to ASCII lowerCamelCase,Locked workbook canonical variable,information_limitation_measures,Passed - transparent source normalization,Medium,Locked-workbook normalized regulatory term. The proposed name is traceable to LOCK-2026-08-11-R2 plus linked regulation evidence; aliases preserve the original notation.,IMO-027
VOC-0395,inletChest,Inlet chest,Benchmark-coined descriptive engineering term,Meaning decomposed from the linked verified regulatory clause,"N5 - component or subject first, followed by characteristic and qualifier/state; no unsupported external mapping",Engineering decomposition of verified clause,inletChest,Passed - clause-anchored benchmark coinage,Medium,Benchmark-coined descriptive engineering term. The proposed name is traceable to Meaning decomposed from the linked verified regulatory clause; aliases preserve the original notation.,TRF-131
VOC-0396,inletPipeArea,Inlet pipe area,Unit-stripped normalized regulatory variable,Locked R2 variable plus linked regulation; verified QUDT URI only where populated,N3 - remove unit from the identifier and retain it in unit/quantity metadata,Descriptive formula token in locked requirement,inlet_pipe_area_m2,Passed - unit separation verified,High,Unit-stripped normalized regulatory variable. The proposed name is traceable to Locked R2 variable plus linked regulation; verified QUDT URI only where populated; aliases preserve the original notation.,TRF-130
VOC-0397,instructionStatus,Instruction status,Benchmark-coined descriptive engineering term,Meaning decomposed from the linked verified regulatory clause,"N5 - component or subject first, followed by characteristic and qualifier/state; no unsupported external mapping",Descriptive formula token in locked requirement,instruction_status,Passed - clause-anchored benchmark coinage,Medium,Benchmark-coined descriptive engineering term. The proposed name is traceable to Meaning decomposed from the linked verified regulatory clause; aliases preserve the original notation.,IMO-078
VOC-0398,intendedArea,Intended area,Locked-workbook normalized regulatory term,LOCK-2026-08-11-R2 plus linked regulation evidence,N4 - preserve the source concept; normalize spelling to ASCII lowerCamelCase,Locked workbook canonical variable,intended_area,Passed - transparent source normalization,Medium,Locked-workbook normalized regulatory term. The proposed name is traceable to LOCK-2026-08-11-R2 plus linked regulation evidence; aliases preserve the original notation.,IMO26-005
VOC-0399,intendedAreaSuitabilityApprovalStatus,Intended area suitability approval status,Locked-workbook normalized regulatory term,LOCK-2026-08-11-R2 plus linked regulation evidence,N4 - preserve the source concept; normalize spelling to ASCII lowerCamelCase,Descriptive formula token in locked requirement; Locked workbook canonical variable,intended_area_suitability_approval_status,Passed - transparent source normalization,Medium,Locked-workbook normalized regulatory term. The proposed name is traceable to LOCK-2026-08-11-R2 plus linked regulation evidence; aliases preserve the original notation.,IMO26-005
VOC-0400,intendedOperationCompatibilityStatus,Intended operation compatibility status,Locked-workbook normalized regulatory term,LOCK-2026-08-11-R2 plus linked regulation evidence,N4 - preserve the source concept; normalize spelling to ASCII lowerCamelCase,Descriptive formula token in locked requirement; Locked workbook canonical variable,intended_operation_compatibility_status,Passed - transparent source normalization,Medium,Locked-workbook normalized regulatory term. The proposed name is traceable to LOCK-2026-08-11-R2 plus linked regulation evidence; aliases preserve the original notation.,IMO-053
VOC-0401,intendedServicePowerAdequacy,Intended service power adequacy,Benchmark-coined descriptive engineering term,Meaning decomposed from the linked verified regulatory clause,"N5 - component or subject first, followed by characteristic and qualifier/state; no unsupported external mapping",Engineering decomposition of verified clause,intendedServicePowerAdequacy,Passed - clause-anchored benchmark coinage,Medium,Benchmark-coined descriptive engineering term. The proposed name is traceable to Meaning decomposed from the linked verified regulatory clause; aliases preserve the original notation.,TRF-096
VOC-0402,intendedVoyage,Intended voyage,Locked-workbook normalized regulatory term,LOCK-2026-08-11-R2 plus linked regulation evidence,N4 - preserve the source concept; normalize spelling to ASCII lowerCamelCase,Locked workbook canonical variable,intended_voyage,Passed - transparent source normalization,Medium,Locked-workbook normalized regulatory term. The proposed name is traceable to LOCK-2026-08-11-R2 plus linked regulation evidence; aliases preserve the original notation.,IMO-064
VOC-0403,intendedVoyageHazard,Intended voyage hazard,Locked-workbook normalized regulatory term,LOCK-2026-08-11-R2 plus linked regulation evidence,N4 - preserve the source concept; normalize spelling to ASCII lowerCamelCase,Descriptive formula token in locked requirement; Locked workbook canonical variable,intended_voyage_hazard,Passed - transparent source normalization,Medium,Locked-workbook normalized regulatory term. The proposed name is traceable to LOCK-2026-08-11-R2 plus linked regulation evidence; aliases preserve the original notation.,IMO26-017
VOC-0404,internalStructure,Internal structure,Benchmark-coined descriptive engineering term,Meaning decomposed from the linked verified regulatory clause,"N5 - component or subject first, followed by characteristic and qualifier/state; no unsupported external mapping",Engineering decomposition of verified clause,internalStructure,Passed - clause-anchored benchmark coinage,Medium,Benchmark-coined descriptive engineering term. The proposed name is traceable to Meaning decomposed from the linked verified regulatory clause; aliases preserve the original notation.,I2-046
VOC-0405,internationalCodeOfSignalsComplianceStatus,International code of signals compliance status,Locked-workbook normalized regulatory term,LOCK-2026-08-11-R2 plus linked regulation evidence,N4 - preserve the source concept; normalize spelling to ASCII lowerCamelCase,Descriptive formula token in locked requirement; Locked workbook canonical variable,International_Code_of_Signals_compliance_status,Passed - transparent source normalization,Medium,Locked-workbook normalized regulatory term. The proposed name is traceable to LOCK-2026-08-11-R2 plus linked regulation evidence; aliases preserve the original notation.,IMO-094
VOC-0406,interpolatedShellPlateRequirement,Interpolated shell plate requirement,Benchmark-coined descriptive engineering term,Meaning decomposed from the linked verified regulatory clause,"N5 - component or subject first, followed by characteristic and qualifier/state; no unsupported external mapping",Engineering decomposition of verified clause,interpolatedShellPlateRequirement,Passed - clause-anchored benchmark coinage,Medium,Benchmark-coined descriptive engineering term. The proposed name is traceable to Meaning decomposed from the linked verified regulatory clause; aliases preserve the original notation.,I2-024
VOC-0407,interpolatedValue,Interpolated value,Benchmark-coined descriptive engineering term,Meaning decomposed from the linked verified regulatory clause,"N5 - component or subject first, followed by characteristic and qualifier/state; no unsupported external mapping",Engineering decomposition of verified clause,interpolatedValue,Passed - clause-anchored benchmark coinage,Medium,Benchmark-coined descriptive engineering term. The proposed name is traceable to Meaning decomposed from the linked verified regulatory clause; aliases preserve the original notation.,I2-052
VOC-0408,interpolationInput,Interpolation input,Benchmark-coined descriptive engineering term,Meaning decomposed from the linked verified regulatory clause,"N5 - component or subject first, followed by characteristic and qualifier/state; no unsupported external mapping",Engineering decomposition of verified clause,interpolationInput,Passed - clause-anchored benchmark coinage,Medium,Benchmark-coined descriptive engineering term. The proposed name is traceable to Meaning decomposed from the linked verified regulatory clause; aliases preserve the original notation.,I2-052
VOC-0409,isolationCapability,Isolation capability,Locked-workbook normalized regulatory term,LOCK-2026-08-11-R2 plus linked regulation evidence,N4 - preserve the source concept; normalize spelling to ASCII lowerCamelCase,Descriptive formula token in locked requirement; Locked workbook canonical variable,isolation_capability,Passed - transparent source normalization,Medium,Locked-workbook normalized regulatory term. The proposed name is traceable to LOCK-2026-08-11-R2 plus linked regulation evidence; aliases preserve the original notation.,IMO-058
VOC-0410,landOriginIceConcentration,Land origin ice concentration,Unit-stripped normalized regulatory variable,Locked R2 variable plus linked regulation; verified QUDT URI only where populated,N3 - remove unit from the identifier and retain it in unit/quantity metadata,Descriptive formula token in locked requirement; Locked workbook canonical variable,land_origin_ice_concentration_tenths,Passed - unit separation verified,Medium,Unit-stripped normalized regulatory variable. The proposed name is traceable to Locked R2 variable plus linked regulation; verified QUDT URI only where populated; aliases preserve the original notation.,IMO-009
VOC-0411,launchingApplianceCapacity,Launching appliance capacity,Locked-workbook normalized regulatory term,LOCK-2026-08-11-R2 plus linked regulation evidence,N4 - preserve the source concept; normalize spelling to ASCII lowerCamelCase,Descriptive formula token in locked requirement; Locked workbook canonical variable,launching_appliance_capacity,Passed - transparent source normalization,Medium,Locked-workbook normalized regulatory term. The proposed name is traceable to LOCK-2026-08-11-R2 plus linked regulation evidence; aliases preserve the original notation.,IMO-077
VOC-0412,lengthOverall,Length overall,Unit-stripped normalized regulatory variable,Locked R2 variable plus linked regulation; verified QUDT URI only where populated,N3 - remove unit from the identifier and retain it in unit/quantity metadata,Descriptive formula token in locked requirement; Locked workbook canonical variable,length_overall_m,Passed - unit separation verified,High,Unit-stripped normalized regulatory variable. The proposed name is traceable to Locked R2 variable plus linked regulation; verified QUDT URI only where populated; aliases preserve the original notation.,IMO26-002; IMO26-016
VOC-0413,levelIceThickness,Level ice thickness,Verified exact implementation term,Haitham final SSP URI plus linked regulation: https://w3id.org/mtl-requirements/ssp#levelIceThickness,N1 - reuse only after exact URI and semantic-context verification,Descriptive formula token in locked requirement; Engineering decomposition of verified clause,levelIceThickness; level_ice_thickness_m,Passed - exact URI/local-name evidence,High,Verified exact implementation term. The proposed name is traceable to Haitham final SSP URI plus linked regulation: https://w3id.org/mtl-requirements/ssp#levelIceThickness; aliases preserve the original notation.,TRF-016; TRF-036
VOC-0414,lifeboat,Lifeboat,Locked-workbook normalized regulatory term,LOCK-2026-08-11-R2 plus linked regulation evidence,N4 - preserve the source concept; normalize spelling to ASCII lowerCamelCase,Locked workbook canonical variable,lifeboat,Passed - transparent source normalization,Medium,Locked-workbook normalized regulatory term. The proposed name is traceable to LOCK-2026-08-11-R2 plus linked regulation evidence; aliases preserve the original notation.,IMO-072; IMO-073
VOC-0415,lifeboatType,Lifeboat type,Locked-workbook normalized regulatory term,LOCK-2026-08-11-R2 plus linked regulation evidence,N4 - preserve the source concept; normalize spelling to ASCII lowerCamelCase,Descriptive formula token in locked requirement; Locked workbook canonical variable,lifeboat_type,Passed - transparent source normalization,Medium,Locked-workbook normalized regulatory term. The proposed name is traceable to LOCK-2026-08-11-R2 plus linked regulation evidence; aliases preserve the original notation.,IMO-073
VOC-0416,lifeSavingAppliance,Life saving appliance,Locked-workbook normalized regulatory term,LOCK-2026-08-11-R2 plus linked regulation evidence,N4 - preserve the source concept; normalize spelling to ASCII lowerCamelCase,Locked workbook canonical variable,life_saving_appliance,Passed - transparent source normalization,Medium,Locked-workbook normalized regulatory term. The proposed name is traceable to LOCK-2026-08-11-R2 plus linked regulation evidence; aliases preserve the original notation.,IMO-063
VOC-0417,lightVisibleFromAstern,Light visible from astern,Benchmark-coined descriptive engineering term,Meaning decomposed from the linked verified regulatory clause,"N5 - component or subject first, followed by characteristic and qualifier/state; no unsupported external mapping",Descriptive formula token in locked requirement,light_visible_from_astern,Passed - clause-anchored benchmark coinage,Medium,Benchmark-coined descriptive engineering term. The proposed name is traceable to Meaning decomposed from the linked verified regulatory clause; aliases preserve the original notation.,IMO-089
VOC-0418,limitationsSectionPresent,Limitations section present,Locked-workbook normalized regulatory term,LOCK-2026-08-11-R2 plus linked regulation evidence,N4 - preserve the source concept; normalize spelling to ASCII lowerCamelCase,Locked workbook canonical variable,limitations_section_present,Passed - transparent source normalization,Medium,Locked-workbook normalized regulatory term. The proposed name is traceable to LOCK-2026-08-11-R2 plus linked regulation evidence; aliases preserve the original notation.,IMO-022
VOC-0419,lineLoad,Line load,Benchmark-coined descriptive engineering term,Meaning decomposed from the linked verified regulatory clause,"N5 - component or subject first, followed by characteristic and qualifier/state; no unsupported external mapping",Engineering decomposition of verified clause,lineLoad,Passed - clause-anchored benchmark coinage,Medium,Benchmark-coined descriptive engineering term. The proposed name is traceable to Meaning decomposed from the linked verified regulatory clause; aliases preserve the original notation.,I2-008
VOC-0420,liwlDraughtAmidships,LIWL draught amidships,Unit-stripped normalized regulatory variable,Locked R2 variable plus linked regulation; verified QUDT URI only where populated,N3 - remove unit from the identifier and retain it in unit/quantity metadata,Descriptive formula token in locked requirement,LIWL_draught_amidships_m,Passed - unit separation verified,High,Unit-stripped normalized regulatory variable. The proposed name is traceable to Locked R2 variable plus linked regulation; verified QUDT URI only where populated; aliases preserve the original notation.,TRF-016
VOC-0421,loadCarryingStringer,Load carrying stringer,Benchmark-coined descriptive engineering term,Meaning decomposed from the linked verified regulatory clause,"N5 - component or subject first, followed by characteristic and qualifier/state; no unsupported external mapping",Engineering decomposition of verified clause,loadCarryingStringer,Passed - clause-anchored benchmark coinage,Medium,Benchmark-coined descriptive engineering term. The proposed name is traceable to Meaning decomposed from the linked verified regulatory clause; aliases preserve the original notation.,I2-037; I2-062
VOC-0422,loadedSurvivalCraftRequirement,Loaded survival craft requirement,Locked-workbook normalized regulatory term,LOCK-2026-08-11-R2 plus linked regulation evidence,N4 - preserve the source concept; normalize spelling to ASCII lowerCamelCase,Descriptive formula token in locked requirement; Locked workbook canonical variable,loaded_survival_craft_requirement,Passed - transparent source normalization,Medium,Locked-workbook normalized regulatory term. The proposed name is traceable to LOCK-2026-08-11-R2 plus linked regulation evidence; aliases preserve the original notation.,IMO-077
VOC-0423,loadingCondition,Loading condition,Locked-workbook normalized regulatory term,LOCK-2026-08-11-R2 plus linked regulation evidence,N4 - preserve the source concept; normalize spelling to ASCII lowerCamelCase,Locked workbook canonical variable,loading_condition,Passed - transparent source normalization,Medium,Locked-workbook normalized regulatory term. The proposed name is traceable to LOCK-2026-08-11-R2 plus linked regulation evidence; aliases preserve the original notation.,IMO-037
VOC-0424,loadLengthParameter,Load length parameter,Benchmark-coined descriptive engineering term,Meaning decomposed from the linked verified regulatory clause,"N5 - component or subject first, followed by characteristic and qualifier/state; no unsupported external mapping",Engineering decomposition of verified clause,loadLengthParameter,Passed - clause-anchored benchmark coinage,Medium,Benchmark-coined descriptive engineering term. The proposed name is traceable to Meaning decomposed from the linked verified regulatory clause; aliases preserve the original notation.,TRF-057
VOC-0425,loadPatchApplicationLocation,Load patch application location,Benchmark-coined descriptive engineering term,Meaning decomposed from the linked verified regulatory clause,"N5 - component or subject first, followed by characteristic and qualifier/state; no unsupported external mapping",Engineering decomposition of verified clause,loadPatchApplicationLocation,Passed - clause-anchored benchmark coinage,Medium,Benchmark-coined descriptive engineering term. The proposed name is traceable to Meaning decomposed from the linked verified regulatory clause; aliases preserve the original notation.,I2-037
VOC-0426,loadPatchAspectRatio,Load patch aspect ratio,Benchmark-coined descriptive engineering term,Meaning decomposed from the linked verified regulatory clause,"N5 - component or subject first, followed by characteristic and qualifier/state; no unsupported external mapping",Engineering decomposition of verified clause,loadPatchAspectRatio,Passed - clause-anchored benchmark coinage,Medium,Benchmark-coined descriptive engineering term. The proposed name is traceable to Meaning decomposed from the linked verified regulatory clause; aliases preserve the original notation.,I2-009; I2-011
VOC-0427,loadPatchHeight,Load patch height,Benchmark-coined descriptive engineering term,Meaning decomposed from the linked verified regulatory clause,"N5 - component or subject first, followed by characteristic and qualifier/state; no unsupported external mapping",Engineering decomposition of verified clause,loadPatchHeight,Passed - clause-anchored benchmark coinage,Medium,Benchmark-coined descriptive engineering term. The proposed name is traceable to Meaning decomposed from the linked verified regulatory clause; aliases preserve the original notation.,I2-008; I2-018
VOC-0428,loadPatchLength,Load patch length,Benchmark-coined descriptive engineering term,Meaning decomposed from the linked verified regulatory clause,"N5 - component or subject first, followed by characteristic and qualifier/state; no unsupported external mapping",Engineering decomposition of verified clause,loadPatchLength,Passed - clause-anchored benchmark coinage,Medium,Benchmark-coined descriptive engineering term. The proposed name is traceable to Meaning decomposed from the linked verified regulatory clause; aliases preserve the original notation.,I2-008; I2-018
VOC-0429,loadSpectrumShapeParameter,Load spectrum shape parameter,Benchmark-coined descriptive engineering term,Meaning decomposed from the linked verified regulatory clause,"N5 - component or subject first, followed by characteristic and qualifier/state; no unsupported external mapping",Engineering decomposition of verified clause,loadSpectrumShapeParameter,Passed - clause-anchored benchmark coinage,Medium,Benchmark-coined descriptive engineering term. The proposed name is traceable to Meaning decomposed from the linked verified regulatory clause; aliases preserve the original notation.,TRF-077
VOC-0430,localControl,Local control,Locked-workbook normalized regulatory term,LOCK-2026-08-11-R2 plus linked regulation evidence,N4 - preserve the source concept; normalize spelling to ASCII lowerCamelCase,Locked workbook canonical variable,local_control,Passed - transparent source normalization,Medium,Locked-workbook normalized regulatory term. The proposed name is traceable to LOCK-2026-08-11-R2 plus linked regulation evidence; aliases preserve the original notation.,IMO-051
VOC-0431,localFrame,Local frame,Benchmark-coined descriptive engineering term,Meaning decomposed from the linked verified regulatory clause,"N5 - component or subject first, followed by characteristic and qualifier/state; no unsupported external mapping",Engineering decomposition of verified clause,localFrame,Passed - clause-anchored benchmark coinage,Medium,Benchmark-coined descriptive engineering term. The proposed name is traceable to Meaning decomposed from the linked verified regulatory clause; aliases preserve the original notation.,I2-031
VOC-0432,localIcePressure,Local ice pressure,Benchmark-coined descriptive engineering term,Meaning decomposed from the linked verified regulatory clause,"N5 - component or subject first, followed by characteristic and qualifier/state; no unsupported external mapping",Engineering decomposition of verified clause,localIcePressure,Passed - clause-anchored benchmark coinage,Medium,Benchmark-coined descriptive engineering term. The proposed name is traceable to Meaning decomposed from the linked verified regulatory clause; aliases preserve the original notation.,I2-008; TRF-070
VOC-0433,localStressConcentration,Local stress concentration,Benchmark-coined descriptive engineering term,Meaning decomposed from the linked verified regulatory clause,"N5 - component or subject first, followed by characteristic and qualifier/state; no unsupported external mapping",Engineering decomposition of verified clause,localStressConcentration,Passed - clause-anchored benchmark coinage,Medium,Benchmark-coined descriptive engineering term. The proposed name is traceable to Meaning decomposed from the linked verified regulatory clause; aliases preserve the original notation.,TRF-118
VOC-0434,locationSignalDeviceCount,Location signal device count,Locked-workbook normalized regulatory term,LOCK-2026-08-11-R2 plus linked regulation evidence,N4 - preserve the source concept; normalize spelling to ASCII lowerCamelCase,Locked workbook canonical variable,location_signal_device_count,Passed - transparent source normalization,Medium,Locked-workbook normalized regulatory term. The proposed name is traceable to LOCK-2026-08-11-R2 plus linked regulation evidence; aliases preserve the original notation.,IMO-097; IMO-098
VOC-0435,longitudinalDamageExtent,Longitudinal damage extent,Locked-workbook normalized regulatory term,LOCK-2026-08-11-R2 plus linked regulation evidence,N4 - preserve the source concept; normalize spelling to ASCII lowerCamelCase,Descriptive formula token in locked requirement; Locked workbook canonical variable,longitudinal_damage_extent,Passed - transparent source normalization,Medium,Locked-workbook normalized regulatory term. The proposed name is traceable to LOCK-2026-08-11-R2 plus linked regulation evidence; aliases preserve the original notation.,IMO-038
VOC-0436,longitudinalDistributionFactor,Longitudinal distribution factor,Benchmark-coined descriptive engineering term,Meaning decomposed from the linked verified regulatory clause,"N5 - component or subject first, followed by characteristic and qualifier/state; no unsupported external mapping",Engineering decomposition of verified clause,longitudinalDistributionFactor,Passed - clause-anchored benchmark coinage,Medium,Benchmark-coined descriptive engineering term. The proposed name is traceable to Meaning decomposed from the linked verified regulatory clause; aliases preserve the original notation.,I2-051
VOC-0437,longitudinalLocalFrame,Longitudinal local frame,Benchmark-coined descriptive engineering term,Meaning decomposed from the linked verified regulatory clause,"N5 - component or subject first, followed by characteristic and qualifier/state; no unsupported external mapping",Engineering decomposition of verified clause,longitudinalLocalFrame,Passed - clause-anchored benchmark coinage,Medium,Benchmark-coined descriptive engineering term. The proposed name is traceable to Meaning decomposed from the linked verified regulatory clause; aliases preserve the original notation.,I2-034
VOC-0438,lowerIceWaterline,Lower ice waterline,Verified exact implementation term,Haitham final SSP URI plus linked regulation: https://w3id.org/mtl-requirements/ssp#LIWL,N1 - reuse only after exact URI and semantic-context verification,Locked workbook canonical variable,LIWL,Passed - exact URI/local-name evidence,High,Verified exact implementation term. The proposed name is traceable to Haitham final SSP URI plus linked regulation: https://w3id.org/mtl-requirements/ssp#LIWL; aliases preserve the original notation.,TRF-012; TRF-016; TRF-020; TRF-030; TRF-066
VOC-0439,lowestMdlt,Lowest mdlt,Unit-stripped normalized regulatory variable,Locked R2 variable plus linked regulation; verified QUDT URI only where populated,N3 - remove unit from the identifier and retain it in unit/quantity metadata,Descriptive formula token in locked requirement; Locked workbook canonical variable,lowest_MDLT_degC,Passed - unit separation verified,High,Unit-stripped normalized regulatory variable. The proposed name is traceable to Locked R2 variable plus linked regulation; verified QUDT URI only where populated; aliases preserve the original notation.,IMO-012; IMO-013; IMO-019
VOC-0440,machineryComponentType,Machinery component type,Locked-workbook normalized regulatory term,LOCK-2026-08-11-R2 plus linked regulation evidence,N4 - preserve the source concept; normalize spelling to ASCII lowerCamelCase,Locked workbook canonical variable,machinery_component_type,Passed - transparent source normalization,Medium,Locked-workbook normalized regulatory term. The proposed name is traceable to LOCK-2026-08-11-R2 plus linked regulation evidence; aliases preserve the original notation.,IMO-049
VOC-0441,machineryInstallation,Machinery installation,Locked-workbook normalized regulatory term,LOCK-2026-08-11-R2 plus linked regulation evidence,N4 - preserve the source concept; normalize spelling to ASCII lowerCamelCase,Locked workbook canonical variable,machinery_installation,Passed - transparent source normalization,Medium,Locked-workbook normalized regulatory term. The proposed name is traceable to LOCK-2026-08-11-R2 plus linked regulation evidence; aliases preserve the original notation.,IMO-043
VOC-0442,machinerySeawaterSupply,Machinery seawater supply,Locked-workbook normalized regulatory term,LOCK-2026-08-11-R2 plus linked regulation evidence,N4 - preserve the source concept; normalize spelling to ASCII lowerCamelCase,Locked workbook canonical variable,machinery_seawater_supply,Passed - transparent source normalization,Medium,Locked-workbook normalized regulatory term. The proposed name is traceable to LOCK-2026-08-11-R2 plus linked regulation evidence; aliases preserve the original notation.,IMO-045
VOC-0443,mainPower,Main power,Benchmark-coined descriptive engineering term,Meaning decomposed from the linked verified regulatory clause,"N5 - component or subject first, followed by characteristic and qualifier/state; no unsupported external mapping",Descriptive formula token in locked requirement,main_power,Passed - clause-anchored benchmark coinage,Medium,Benchmark-coined descriptive engineering term. The proposed name is traceable to Meaning decomposed from the linked verified regulatory clause; aliases preserve the original notation.,IMO-086; IMO26-012
VOC-0444,maintainedTemperature,Maintained temperature,Unit-stripped normalized regulatory variable,Locked R2 variable plus linked regulation; verified QUDT URI only where populated,N3 - remove unit from the identifier and retain it in unit/quantity metadata,Descriptive formula token in locked requirement; Locked workbook canonical variable,maintained_temperature_degC,Passed - unit separation verified,High,Unit-stripped normalized regulatory variable. The proposed name is traceable to Locked R2 variable plus linked regulation; verified QUDT URI only where populated; aliases preserve the original notation.,IMO-057
VOC-0445,majorBucklingMargin,Major buckling margin,Benchmark-coined descriptive engineering term,Meaning decomposed from the linked verified regulatory clause,"N5 - component or subject first, followed by characteristic and qualifier/state; no unsupported external mapping",Engineering decomposition of verified clause,majorBucklingMargin,Passed - clause-anchored benchmark coinage,Medium,Benchmark-coined descriptive engineering term. The proposed name is traceable to Meaning decomposed from the linked verified regulatory clause; aliases preserve the original notation.,I2-065
VOC-0446,manualInitiation,Manual initiation,Locked-workbook normalized regulatory term,LOCK-2026-08-11-R2 plus linked regulation evidence,N4 - preserve the source concept; normalize spelling to ASCII lowerCamelCase,Locked workbook canonical variable,manual_initiation,Passed - transparent source normalization,Medium,Locked-workbook normalized regulatory term. The proposed name is traceable to LOCK-2026-08-11-R2 plus linked regulation evidence; aliases preserve the original notation.,IMO-089
VOC-0447,manuallyInitiatedFlashingRedStoppedLightPresent,Manually initiated flashing red stopped light present,Benchmark-coined descriptive engineering term,Meaning decomposed from the linked verified regulatory clause,"N5 - component or subject first, followed by characteristic and qualifier/state; no unsupported external mapping",Descriptive formula token in locked requirement,manually_initiated_flashing_red_stopped_light_present,Passed - clause-anchored benchmark coinage,Medium,Benchmark-coined descriptive engineering term. The proposed name is traceable to Meaning decomposed from the linked verified regulatory clause; aliases preserve the original notation.,IMO-089
VOC-0448,manualPolarCoverage,Manual polar coverage,Locked-workbook normalized regulatory term,LOCK-2026-08-11-R2 plus linked regulation evidence,N4 - preserve the source concept; normalize spelling to ASCII lowerCamelCase,Locked workbook canonical variable,Manual_polar_coverage; manual_polar_coverage,Passed - transparent source normalization,Medium,Locked-workbook normalized regulatory term. The proposed name is traceable to LOCK-2026-08-11-R2 plus linked regulation evidence; aliases preserve the original notation.,IMO-107; IMO-113
VOC-0449,manufacturerMaxAirTemperature,Manufacturer max air temperature,Unit-stripped normalized regulatory variable,Locked R2 variable plus linked regulation; verified QUDT URI only where populated,N3 - remove unit from the identifier and retain it in unit/quantity metadata,Locked workbook canonical variable,manufacturer_max_air_temperature_degC,Passed - unit separation verified,High,Unit-stripped normalized regulatory variable. The proposed name is traceable to Locked R2 variable plus linked regulation; verified QUDT URI only where populated; aliases preserve the original notation.,IMO-047
VOC-0450,manufacturerMaxViscosity,Manufacturer max viscosity,Locked-workbook normalized regulatory term,LOCK-2026-08-11-R2 plus linked regulation evidence,N4 - preserve the source concept; normalize spelling to ASCII lowerCamelCase,Descriptive formula token in locked requirement; Locked workbook canonical variable,manufacturer_max_viscosity,Passed - transparent source normalization,Medium,Locked-workbook normalized regulatory term. The proposed name is traceable to LOCK-2026-08-11-R2 plus linked regulation evidence; aliases preserve the original notation.,IMO-044
VOC-0451,manufacturerMinAirTemperature,Manufacturer min air temperature,Unit-stripped normalized regulatory variable,Locked R2 variable plus linked regulation; verified QUDT URI only where populated,N3 - remove unit from the identifier and retain it in unit/quantity metadata,Locked workbook canonical variable,manufacturer_min_air_temperature_degC,Passed - unit separation verified,High,Unit-stripped normalized regulatory variable. The proposed name is traceable to Locked R2 variable plus linked regulation; verified QUDT URI only where populated; aliases preserve the original notation.,IMO-047
VOC-0452,manufacturerMinViscosity,Manufacturer min viscosity,Locked-workbook normalized regulatory term,LOCK-2026-08-11-R2 plus linked regulation evidence,N4 - preserve the source concept; normalize spelling to ASCII lowerCamelCase,Descriptive formula token in locked requirement; Locked workbook canonical variable,manufacturer_min_viscosity,Passed - transparent source normalization,Medium,Locked-workbook normalized regulatory term. The proposed name is traceable to LOCK-2026-08-11-R2 plus linked regulation evidence; aliases preserve the original notation.,IMO-044
VOC-0453,marpolAnnexIvRegulation11Point1Point1ComplianceStatus,MARPOL Annex IV regulation 11.1.1 compliance status,Explicit regulation-reference transcription,Governing-instrument reference in the locked variable and linked regulation,N6 - spell separators as Point or Dash and identify the governing instrument,Descriptive formula token in locked requirement; Locked workbook canonical variable,MARPOL_IV_11_1_1_compliance_status,Passed - unambiguous regulation reference,High,Explicit regulation-reference transcription. The proposed name is traceable to Governing-instrument reference in the locked variable and linked regulation; aliases preserve the original notation.,IMO-115; IMO-116
VOC-0454,marpolAnnexIvRegulation11Point1Point2DischargeComplianceStatus,MARPOL Annex IV regulation 11.1.2 discharge compliance status,Explicit regulation-reference transcription,Governing-instrument reference in the locked variable and linked regulation,N6 - spell separators as Point or Dash and identify the governing instrument,Descriptive formula token in locked requirement,MARPOL_IV_11_1_2_discharge_status,Passed - unambiguous regulation reference,High,Explicit regulation-reference transcription. The proposed name is traceable to Governing-instrument reference in the locked variable and linked regulation; aliases preserve the original notation.,IMO-117
VOC-0455,marpolAnnexIvRegulation9Point1Point1Or9Point2Point1CertificationStatus,MARPOL Annex IV regulation 9.1.1 or 9.2.1 certification status,Explicit regulation-reference transcription,Governing-instrument reference in the locked variable and linked regulation,N6 - spell separators as Point or Dash and identify the governing instrument,Descriptive formula token in locked requirement,MARPOL_IV_9_1_1_or_9_2_1_certification_status,Passed - unambiguous regulation reference,High,Explicit regulation-reference transcription. The proposed name is traceable to Governing-instrument reference in the locked variable and linked regulation; aliases preserve the original notation.,IMO-117; IMO-119
VOC-0456,marpolAnnexVRegulation6Point1DischargeOccurs,MARPOL Annex V regulation 6.1 discharge occurs,Explicit regulation-reference transcription,Governing-instrument reference in the locked variable and linked regulation,N6 - spell separators as Point or Dash and identify the governing instrument,Descriptive formula token in locked requirement; Locked workbook canonical variable,MARPOL_V_6_1_discharge,Passed - unambiguous regulation reference,High,Explicit regulation-reference transcription. The proposed name is traceable to Governing-instrument reference in the locked variable and linked regulation; aliases preserve the original notation.,IMO-124
VOC-0457,marpolCertificationStatus,MARPOL certification status,Locked-workbook normalized regulatory term,LOCK-2026-08-11-R2 plus linked regulation evidence,N4 - preserve the source concept; normalize spelling to ASCII lowerCamelCase,Locked workbook canonical variable,MARPOL_certification_status,Passed - transparent source normalization,Medium,Locked-workbook normalized regulatory term. The proposed name is traceable to LOCK-2026-08-11-R2 plus linked regulation evidence; aliases preserve the original notation.,IMO-117; IMO-119
VOC-0458,marpolDischargeStatus,MARPOL discharge status,Locked-workbook normalized regulatory term,LOCK-2026-08-11-R2 plus linked regulation evidence,N4 - preserve the source concept; normalize spelling to ASCII lowerCamelCase,Locked workbook canonical variable,MARPOL_discharge_status,Passed - transparent source normalization,Medium,Locked-workbook normalized regulatory term. The proposed name is traceable to LOCK-2026-08-11-R2 plus linked regulation evidence; aliases preserve the original notation.,IMO-117
VOC-0459,materialApprovalStatus,Material approval status,Locked-workbook normalized regulatory term,LOCK-2026-08-11-R2 plus linked regulation evidence,N4 - preserve the source concept; normalize spelling to ASCII lowerCamelCase,Locked workbook canonical variable,material_approval_status,Passed - transparent source normalization,Medium,Locked-workbook normalized regulatory term. The proposed name is traceable to LOCK-2026-08-11-R2 plus linked regulation evidence; aliases preserve the original notation.,IMO-031; IMO-048
VOC-0460,materialClass,Material class,Benchmark-coined descriptive engineering term,Meaning decomposed from the linked verified regulatory clause,"N5 - component or subject first, followed by characteristic and qualifier/state; no unsupported external mapping",Engineering decomposition of verified clause,materialClass,Passed - clause-anchored benchmark coinage,Medium,Benchmark-coined descriptive engineering term. The proposed name is traceable to Meaning decomposed from the linked verified regulatory clause; aliases preserve the original notation.,I2-048
VOC-0461,materialType,Material type,Benchmark-coined descriptive engineering term,Meaning decomposed from the linked verified regulatory clause,"N5 - component or subject first, followed by characteristic and qualifier/state; no unsupported external mapping",Descriptive formula token in locked requirement,material_type,Passed - clause-anchored benchmark coinage,Medium,Benchmark-coined descriptive engineering term. The proposed name is traceable to Meaning decomposed from the linked verified regulatory clause; aliases preserve the original notation.,TRF-072
VOC-0462,maximumContinuousRatingPower,Maximum continuous rating power,Unit-stripped normalized regulatory variable,Locked R2 variable plus linked regulation; verified QUDT URI only where populated,N3 - remove unit from the identifier and retain it in unit/quantity metadata,Descriptive formula token in locked requirement; Locked workbook canonical variable,mcrPower_kW,Passed - unit separation verified,High,Unit-stripped normalized regulatory variable. The proposed name is traceable to Locked R2 variable plus linked regulation; verified QUDT URI only where populated; aliases preserve the original notation.,TRF-006; TRF-017; TRF-018; TRF-020; TRF-023; TRF-037; TRF-039; TRF-130; TRF-132
VOC-0463,maximumEngineTorque,Maximum engine torque,Benchmark-coined descriptive engineering term,Meaning decomposed from the linked verified regulatory clause,"N5 - component or subject first, followed by characteristic and qualifier/state; no unsupported external mapping",Engineering decomposition of verified clause,maximumEngineTorque,Passed - clause-anchored benchmark coinage,Medium,Benchmark-coined descriptive engineering term. The proposed name is traceable to Meaning decomposed from the linked verified regulatory clause; aliases preserve the original notation.,TRF-088
VOC-0464,maximumEngineTorqueKnown,Maximum engine torque known,Benchmark-coined descriptive engineering term,Meaning decomposed from the linked verified regulatory clause,"N5 - component or subject first, followed by characteristic and qualifier/state; no unsupported external mapping",Engineering decomposition of verified clause,maximumEngineTorqueKnown,Passed - clause-anchored benchmark coinage,Medium,Benchmark-coined descriptive engineering term. The proposed name is traceable to Meaning decomposed from the linked verified regulatory clause; aliases preserve the original notation.,TRF-088
VOC-0465,maximumExpectedRescueTime,Maximum expected rescue time,Unit-stripped normalized regulatory variable,Locked R2 variable plus linked regulation; verified QUDT URI only where populated,N3 - remove unit from the identifier and retain it in unit/quantity metadata,Descriptive formula token in locked requirement; Locked workbook canonical variable,maximum_expected_rescue_time_days,Passed - unit separation verified,High,Unit-stripped normalized regulatory variable. The proposed name is traceable to Locked R2 variable plus linked regulation; verified QUDT URI only where populated; aliases preserve the original notation.,IMO-010; IMO-020; IMO-063; IMO-065; IMO-079; IMO-093; IMO-099
VOC-0466,maximumIceTorque,Maximum ice torque,Unit-stripped normalized regulatory variable,Locked R2 variable plus linked regulation; verified QUDT URI only where populated,N3 - remove unit from the identifier and retain it in unit/quantity metadata,Engineering decomposition of verified clause; Locked workbook canonical variable,Qmax_kNm; maximumIceTorque,Passed - unit separation verified,High,Unit-stripped normalized regulatory variable. The proposed name is traceable to Locked R2 variable plus linked regulation; verified QUDT URI only where populated; aliases preserve the original notation.,TRF-069; TRF-092; TRF-095; TRF-098
VOC-0467,maximumOperatingSpeed,Maximum operating speed,Benchmark-coined descriptive engineering term,Meaning decomposed from the linked verified regulatory clause,"N5 - component or subject first, followed by characteristic and qualifier/state; no unsupported external mapping",Engineering decomposition of verified clause,maximumOperatingSpeed,Passed - clause-anchored benchmark coinage,Medium,Benchmark-coined descriptive engineering term. The proposed name is traceable to Meaning decomposed from the linked verified regulatory clause; aliases preserve the original notation.,TRF-089
VOC-0468,maximumSpindleTorque,Maximum spindle torque,Unit-stripped normalized regulatory variable,Locked R2 variable plus linked regulation; verified QUDT URI only where populated,N3 - remove unit from the identifier and retain it in unit/quantity metadata,Locked workbook canonical variable,Qsmax_kNm,Passed - unit separation verified,High,Unit-stripped normalized regulatory variable. The proposed name is traceable to Locked R2 variable plus linked regulation; verified QUDT URI only where populated; aliases preserve the original notation.,TRF-102; TRF-103
VOC-0469,maximumTorqueDuringSpeedDrop,Maximum torque during speed drop,Benchmark-coined descriptive engineering term,Meaning decomposed from the linked verified regulatory clause,"N5 - component or subject first, followed by characteristic and qualifier/state; no unsupported external mapping",Engineering decomposition of verified clause,maximumTorqueDuringSpeedDrop,Passed - clause-anchored benchmark coinage,Medium,Benchmark-coined descriptive engineering term. The proposed name is traceable to Meaning decomposed from the linked verified regulatory clause; aliases preserve the original notation.,TRF-096
VOC-0470,mcrBollardCondition,MCR bollard condition,Benchmark-coined descriptive engineering term,Meaning decomposed from the linked verified regulatory clause,"N5 - component or subject first, followed by characteristic and qualifier/state; no unsupported external mapping",Engineering decomposition of verified clause,mcrBollardCondition,Passed - clause-anchored benchmark coinage,Medium,Benchmark-coined descriptive engineering term. The proposed name is traceable to Meaning decomposed from the linked verified regulatory clause; aliases preserve the original notation.,TRF-090
VOC-0471,mcrCondition,MCR condition,Benchmark-coined descriptive engineering term,Meaning decomposed from the linked verified regulatory clause,"N5 - component or subject first, followed by characteristic and qualifier/state; no unsupported external mapping",Engineering decomposition of verified clause,mcrCondition,Passed - clause-anchored benchmark coinage,Medium,Benchmark-coined descriptive engineering term. The proposed name is traceable to Meaning decomposed from the linked verified regulatory clause; aliases preserve the original notation.,TRF-090
VOC-0472,mcrSpeed,MCR speed,Benchmark-coined descriptive engineering term,Meaning decomposed from the linked verified regulatory clause,"N5 - component or subject first, followed by characteristic and qualifier/state; no unsupported external mapping",Engineering decomposition of verified clause,mcrSpeed,Passed - clause-anchored benchmark coinage,Medium,Benchmark-coined descriptive engineering term. The proposed name is traceable to Meaning decomposed from the linked verified regulatory clause; aliases preserve the original notation.,TRF-094
VOC-0473,meanBladeMaterialFatigueStrengthInSeawater,Mean blade material fatigue strength in seawater,Regulatory symbol expanded from a directly verified definition,Directly inspected regulation PDF and linked locked requirement,N2 - replace formula symbol with its clause-defined engineering meaning; preserve symbol as alias,Engineering decomposition of verified clause,sigma_exp,Passed - source-defined expansion,High,Regulatory symbol expanded from a directly verified definition. The proposed name is traceable to Directly inspected regulation PDF and linked locked requirement; aliases preserve the original notation.,TRF-110
VOC-0474,meanDailyLowTemperature,Mean daily low temperature,Unit-stripped normalized regulatory variable,Locked R2 variable plus linked regulation; verified QUDT URI only where populated,N3 - remove unit from the identifier and retain it in unit/quantity metadata,Descriptive formula token in locked requirement; Locked workbook canonical variable,MDLT_degC,Passed - unit separation verified,High,Unit-stripped normalized regulatory variable. The proposed name is traceable to Locked R2 variable plus linked regulation; verified QUDT URI only where populated; aliases preserve the original notation.,IMO-011
VOC-0475,meanStressReductionFactor,Mean stress reduction factor,Regulatory symbol expanded from a directly verified definition,Directly inspected regulation PDF and linked locked requirement,N2 - replace formula symbol with its clause-defined engineering meaning; preserve symbol as alias,Descriptive formula token in locked requirement; Engineering decomposition of verified clause,gamma_m,Passed - source-defined expansion,High,Regulatory symbol expanded from a directly verified definition. The proposed name is traceable to Directly inspected regulation PDF and linked locked requirement; aliases preserve the original notation.,TRF-110
VOC-0476,memberCapacity,Member capacity,Benchmark-coined descriptive engineering term,Meaning decomposed from the linked verified regulatory clause,"N5 - component or subject first, followed by characteristic and qualifier/state; no unsupported external mapping",Engineering decomposition of verified clause,memberCapacity,Passed - clause-anchored benchmark coinage,Medium,Benchmark-coined descriptive engineering term. The proposed name is traceable to Meaning decomposed from the linked verified regulatory clause; aliases preserve the original notation.,I2-037
VOC-0477,memberInstability,Member instability,Benchmark-coined descriptive engineering term,Meaning decomposed from the linked verified regulatory clause,"N5 - component or subject first, followed by characteristic and qualifier/state; no unsupported external mapping",Engineering decomposition of verified clause,memberInstability,Passed - clause-anchored benchmark coinage,Medium,Benchmark-coined descriptive engineering term. The proposed name is traceable to Meaning decomposed from the linked verified regulatory clause; aliases preserve the original notation.,I2-060
VOC-0478,midbodyEquivalent,Midbody equivalent,Benchmark-coined descriptive engineering term,Meaning decomposed from the linked verified regulatory clause,"N5 - component or subject first, followed by characteristic and qualifier/state; no unsupported external mapping",Descriptive formula token in locked requirement,midbody_equivalent,Passed - clause-anchored benchmark coinage,Medium,Benchmark-coined descriptive engineering term. The proposed name is traceable to Meaning decomposed from the linked verified regulatory clause; aliases preserve the original notation.,TRF-040
VOC-0479,minimumClearance,Minimum clearance,Benchmark-coined descriptive engineering term,Meaning decomposed from the linked verified regulatory clause,"N5 - component or subject first, followed by characteristic and qualifier/state; no unsupported external mapping",Engineering decomposition of verified clause,minimumClearance,Passed - clause-anchored benchmark coinage,Medium,Benchmark-coined descriptive engineering term. The proposed name is traceable to Meaning decomposed from the linked verified regulatory clause; aliases preserve the original notation.,TRF-062
VOC-0480,minimumLineLoad,Minimum line load,Benchmark-coined descriptive engineering term,Meaning decomposed from the linked verified regulatory clause,"N5 - component or subject first, followed by characteristic and qualifier/state; no unsupported external mapping",Engineering decomposition of verified clause,minimumLineLoad,Passed - clause-anchored benchmark coinage,Medium,Benchmark-coined descriptive engineering term. The proposed name is traceable to Meaning decomposed from the linked verified regulatory clause; aliases preserve the original notation.,TRF-057
VOC-0481,minimumRequiredPowerAtLowerIceWaterline,Minimum required power at lower ice waterline,Unit-stripped normalized regulatory variable,Locked R2 variable plus linked regulation; verified QUDT URI only where populated,N3 - remove unit from the identifier and retain it in unit/quantity metadata,Descriptive formula token in locked requirement,P_min_LIWL_kW,Passed - unit separation verified,High,Unit-stripped normalized regulatory variable. The proposed name is traceable to Locked R2 variable plus linked regulation; verified QUDT URI only where populated; aliases preserve the original notation.,TRF-020
VOC-0482,minimumRequiredPowerAtUpperIceWaterline,Minimum required power at upper ice waterline,Unit-stripped normalized regulatory variable,Locked R2 variable plus linked regulation; verified QUDT URI only where populated,N3 - remove unit from the identifier and retain it in unit/quantity metadata,Descriptive formula token in locked requirement,P_min_UIWL_kW,Passed - unit separation verified,High,Unit-stripped normalized regulatory variable. The proposed name is traceable to Locked R2 variable plus linked regulation; verified QUDT URI only where populated; aliases preserve the original notation.,TRF-020
VOC-0483,modelTestEvidence,Model test evidence,Benchmark-coined descriptive engineering term,Meaning decomposed from the linked verified regulatory clause,"N5 - component or subject first, followed by characteristic and qualifier/state; no unsupported external mapping",Engineering decomposition of verified clause,modelTestEvidence,Passed - clause-anchored benchmark coinage,Medium,Benchmark-coined descriptive engineering term. The proposed name is traceable to Meaning decomposed from the linked verified regulatory clause; aliases preserve the original notation.,TRF-028
VOC-0484,navigationEquipmentItem,Navigation equipment item,Locked-workbook normalized regulatory term,LOCK-2026-08-11-R2 plus linked regulation evidence,N4 - preserve the source concept; normalize spelling to ASCII lowerCamelCase,Locked workbook canonical variable,navigation_equipment_item,Passed - transparent source normalization,Medium,Locked-workbook normalized regulatory term. The proposed name is traceable to LOCK-2026-08-11-R2 plus linked regulation evidence; aliases preserve the original notation.,IMO26-004
VOC-0485,nearbyIceConcentration,Nearby ice concentration,Unit-stripped normalized regulatory variable,Locked R2 variable plus linked regulation; verified QUDT URI only where populated,N3 - remove unit from the identifier and retain it in unit/quantity metadata,Locked workbook canonical variable,nearby_ice_concentration_tenths,Passed - unit separation verified,Medium,Unit-stripped normalized regulatory variable. The proposed name is traceable to Locked R2 variable plus linked regulation; verified QUDT URI only where populated; aliases preserve the original notation.,IMO-115; IMO-116; IMO-120; IMO-123; IMO-124
VOC-0486,nearCentrelineAndWellAftIfPossible,Near centreline and well aft if possible,Benchmark-coined descriptive engineering term,Meaning decomposed from the linked verified regulatory clause,"N5 - component or subject first, followed by characteristic and qualifier/state; no unsupported external mapping",Descriptive formula token in locked requirement,near_centreline_and_well_aft_if_possible,Passed - clause-anchored benchmark coinage,Medium,Benchmark-coined descriptive engineering term. The proposed name is traceable to Meaning decomposed from the linked verified regulatory clause; aliases preserve the original notation.,TRF-130
VOC-0487,netThickness,Net thickness,Benchmark-coined descriptive engineering term,Meaning decomposed from the linked verified regulatory clause,"N5 - component or subject first, followed by characteristic and qualifier/state; no unsupported external mapping",Engineering decomposition of verified clause,netThickness,Passed - clause-anchored benchmark coinage,Medium,Benchmark-coined descriptive engineering term. The proposed name is traceable to Meaning decomposed from the linked verified regulatory clause; aliases preserve the original notation.,I2-047
VOC-0488,nominalIcePressureP0,Nominal ice pressure p0,Unit-stripped normalized regulatory variable,Locked R2 variable plus linked regulation; verified QUDT URI only where populated,N3 - remove unit from the identifier and retain it in unit/quantity metadata,Descriptive formula token in locked requirement,nominal_ice_pressure_p_0_MPa,Passed - unit separation verified,High,Unit-stripped normalized regulatory variable. The proposed name is traceable to Locked R2 variable plus linked regulation; verified QUDT URI only where populated; aliases preserve the original notation.,TRF-039
VOC-0489,nominalVonMisesStress,Nominal von mises stress,Benchmark-coined descriptive engineering term,Meaning decomposed from the linked verified regulatory clause,"N5 - component or subject first, followed by characteristic and qualifier/state; no unsupported external mapping",Engineering decomposition of verified clause,nominalVonMisesStress,Passed - clause-anchored benchmark coinage,Medium,Benchmark-coined descriptive engineering term. The proposed name is traceable to Meaning decomposed from the linked verified regulatory clause; aliases preserve the original notation.,TRF-118
VOC-0490,nonBowIceForce,Non bow ice force,Benchmark-coined descriptive engineering term,Meaning decomposed from the linked verified regulatory clause,"N5 - component or subject first, followed by characteristic and qualifier/state; no unsupported external mapping",Engineering decomposition of verified clause,nonBowIceForce,Passed - clause-anchored benchmark coinage,Medium,Benchmark-coined descriptive engineering term. The proposed name is traceable to Meaning decomposed from the linked verified regulatory clause; aliases preserve the original notation.,I2-017
VOC-0491,nonBowLineLoad,Non bow line load,Benchmark-coined descriptive engineering term,Meaning decomposed from the linked verified regulatory clause,"N5 - component or subject first, followed by characteristic and qualifier/state; no unsupported external mapping",Engineering decomposition of verified clause,nonBowLineLoad,Passed - clause-anchored benchmark coinage,Medium,Benchmark-coined descriptive engineering term. The proposed name is traceable to Meaning decomposed from the linked verified regulatory clause; aliases preserve the original notation.,I2-017
VOC-0492,nonBowLoadPatchHeight,Non bow load patch height,Benchmark-coined descriptive engineering term,Meaning decomposed from the linked verified regulatory clause,"N5 - component or subject first, followed by characteristic and qualifier/state; no unsupported external mapping",Engineering decomposition of verified clause,nonBowLoadPatchHeight,Passed - clause-anchored benchmark coinage,Medium,Benchmark-coined descriptive engineering term. The proposed name is traceable to Meaning decomposed from the linked verified regulatory clause; aliases preserve the original notation.,I2-009; I2-017
VOC-0493,nonBowLoadPatchLength,Non bow load patch length,Benchmark-coined descriptive engineering term,Meaning decomposed from the linked verified regulatory clause,"N5 - component or subject first, followed by characteristic and qualifier/state; no unsupported external mapping",Engineering decomposition of verified clause,nonBowLoadPatchLength,Passed - clause-anchored benchmark coinage,Medium,Benchmark-coined descriptive engineering term. The proposed name is traceable to Meaning decomposed from the linked verified regulatory clause; aliases preserve the original notation.,I2-009; I2-017
VOC-0494,nonHemisphericalImpactArea,Non hemispherical impact area,Benchmark-coined descriptive engineering term,Meaning decomposed from the linked verified regulatory clause,"N5 - component or subject first, followed by characteristic and qualifier/state; no unsupported external mapping",Engineering decomposition of verified clause,nonHemisphericalImpactArea,Passed - clause-anchored benchmark coinage,Medium,Benchmark-coined descriptive engineering term. The proposed name is traceable to Meaning decomposed from the linked verified regulatory clause; aliases preserve the original notation.,TRF-116
VOC-0495,nonlinearCalculationMethod,Nonlinear calculation method,Benchmark-coined descriptive engineering term,Meaning decomposed from the linked verified regulatory clause,"N5 - component or subject first, followed by characteristic and qualifier/state; no unsupported external mapping",Engineering decomposition of verified clause,nonlinearCalculationMethod,Passed - clause-anchored benchmark coinage,Medium,Benchmark-coined descriptive engineering term. The proposed name is traceable to Meaning decomposed from the linked verified regulatory clause; aliases preserve the original notation.,I2-065
VOC-0496,nonMagneticHeadingMeansCount,Non magnetic heading means count,Locked-workbook normalized regulatory term,LOCK-2026-08-11-R2 plus linked regulation evidence,N4 - preserve the source concept; normalize spelling to ASCII lowerCamelCase,Descriptive formula token in locked requirement; Locked workbook canonical variable,non_magnetic_heading_means_count,Passed - transparent source normalization,Medium,Locked-workbook normalized regulatory term. The proposed name is traceable to LOCK-2026-08-11-R2 plus linked regulation evidence; aliases preserve the original notation.,IMO-086; IMO26-012
VOC-0497,normalFrameAngle,Normal frame angle,Benchmark-coined descriptive engineering term,Meaning decomposed from the linked verified regulatory clause,"N5 - component or subject first, followed by characteristic and qualifier/state; no unsupported external mapping",Engineering decomposition of verified clause,normalFrameAngle,Passed - clause-anchored benchmark coinage,Medium,Benchmark-coined descriptive engineering term. The proposed name is traceable to Meaning decomposed from the linked verified regulatory clause; aliases preserve the original notation.,I2-009; I2-010
VOC-0498,normalLifeSavingEquivalentFunctionalityApprovalStatus,Normal life saving equivalent functionality approval status,Locked-workbook normalized regulatory term,LOCK-2026-08-11-R2 plus linked regulation evidence,N4 - preserve the source concept; normalize spelling to ASCII lowerCamelCase,Descriptive formula token in locked requirement; Locked workbook canonical variable,normal_life_saving_equivalent_functionality_approval_status,Passed - transparent source normalization,Medium,Locked-workbook normalized regulatory term. The proposed name is traceable to LOCK-2026-08-11-R2 plus linked regulation evidence; aliases preserve the original notation.,IMO-074
VOC-0499,normalOperationProcedurePresent,Normal operation procedure present,Locked-workbook normalized regulatory term,LOCK-2026-08-11-R2 plus linked regulation evidence,N4 - preserve the source concept; normalize spelling to ASCII lowerCamelCase,Locked workbook canonical variable,normal_operation_procedure_present,Passed - transparent source normalization,Medium,Locked-workbook normalized regulatory term. The proposed name is traceable to LOCK-2026-08-11-R2 plus linked regulation evidence; aliases preserve the original notation.,IMO-023
VOC-0500,notComminutedOrDisinfected,Not comminuted or disinfected,Benchmark-coined descriptive engineering term,Meaning decomposed from the linked verified regulatory clause,"N5 - component or subject first, followed by characteristic and qualifier/state; no unsupported external mapping",Descriptive formula token in locked requirement,not_comminuted_or_disinfected,Passed - clause-anchored benchmark coinage,Medium,Benchmark-coined descriptive engineering term. The proposed name is traceable to Meaning decomposed from the linked verified regulatory clause; aliases preserve the original notation.,IMO-116
VOC-0501,noxiousLiquidSubstanceEmergencyPlanPolarCoverage,Noxious liquid substance emergency plan polar coverage,Locked-workbook normalized regulatory term,LOCK-2026-08-11-R2 plus linked regulation evidence,N4 - preserve the source concept; normalize spelling to ASCII lowerCamelCase,Locked workbook canonical variable,NLS_emergency_plan_polar_coverage,Passed - transparent source normalization,Medium,Locked-workbook normalized regulatory term. The proposed name is traceable to LOCK-2026-08-11-R2 plus linked regulation evidence; aliases preserve the original notation.,IMO-113
VOC-0502,noxiousLiquidSubstanceOrNoxiousLiquidSubstanceMixtureDischargeToSea,Noxious liquid substance or noxious liquid substance mixture discharge to sea,Locked-workbook normalized regulatory term,LOCK-2026-08-11-R2 plus linked regulation evidence,N4 - preserve the source concept; normalize spelling to ASCII lowerCamelCase,Descriptive formula token in locked requirement; Locked workbook canonical variable,NLS_or_NLS_mixture_discharge_to_sea,Passed - transparent source normalization,Medium,Locked-workbook normalized regulatory term. The proposed name is traceable to LOCK-2026-08-11-R2 plus linked regulation evidence; aliases preserve the original notation.,IMO-112
VOC-0503,observationTime,Observation time,Locked-workbook normalized regulatory term,LOCK-2026-08-11-R2 plus linked regulation evidence,N4 - preserve the source concept; normalize spelling to ASCII lowerCamelCase,Locked workbook canonical variable,observation_time,Passed - transparent source normalization,Medium,Locked-workbook normalized regulatory term. The proposed name is traceable to LOCK-2026-08-11-R2 plus linked regulation evidence; aliases preserve the original notation.,IMO-044
VOC-0504,observedIceAccretion,Observed ice accretion,Locked-workbook normalized regulatory term,LOCK-2026-08-11-R2 plus linked regulation evidence,N4 - preserve the source concept; normalize spelling to ASCII lowerCamelCase,Descriptive formula token in locked requirement; Locked workbook canonical variable,observed_ice_accretion,Passed - transparent source normalization,Medium,Locked-workbook normalized regulatory term. The proposed name is traceable to LOCK-2026-08-11-R2 plus linked regulation evidence; aliases preserve the original notation.,IMO-036
VOC-0505,observedViscosity,Observed viscosity,Locked-workbook normalized regulatory term,LOCK-2026-08-11-R2 plus linked regulation evidence,N4 - preserve the source concept; normalize spelling to ASCII lowerCamelCase,Descriptive formula token in locked requirement; Locked workbook canonical variable,observed_viscosity,Passed - transparent source normalization,Medium,Locked-workbook normalized regulatory term. The proposed name is traceable to LOCK-2026-08-11-R2 plus linked regulation evidence; aliases preserve the original notation.,IMO-044
VOC-0506,oilFuelTankOuterShellSeparation,Oil fuel tank outer shell separation,Unit-stripped normalized regulatory variable,Locked R2 variable plus linked regulation; verified QUDT URI only where populated,N3 - remove unit from the identifier and retain it in unit/quantity metadata,Descriptive formula token in locked requirement; Locked workbook canonical variable,oil_fuel_tank_outer_shell_separation_m,Passed - unit separation verified,High,Unit-stripped normalized regulatory variable. The proposed name is traceable to Locked R2 variable plus linked regulation; verified QUDT URI only where populated; aliases preserve the original notation.,IMO-108
VOC-0507,oilOrOilyMixtureDischargeToSea,Oil or oily mixture discharge to sea,Locked-workbook normalized regulatory term,LOCK-2026-08-11-R2 plus linked regulation evidence,N4 - preserve the source concept; normalize spelling to ASCII lowerCamelCase,Descriptive formula token in locked requirement; Locked workbook canonical variable,oil_or_oily_mixture_discharge_to_sea,Passed - transparent source normalization,Medium,Locked-workbook normalized regulatory term. The proposed name is traceable to LOCK-2026-08-11-R2 plus linked regulation evidence; aliases preserve the original notation.,IMO-105
VOC-0508,oilRecordBookPolarCoverage,Oil record book polar coverage,Locked-workbook normalized regulatory term,LOCK-2026-08-11-R2 plus linked regulation evidence,N4 - preserve the source concept; normalize spelling to ASCII lowerCamelCase,Locked workbook canonical variable,Oil_Record_Book_polar_coverage,Passed - transparent source normalization,Medium,Locked-workbook normalized regulatory term. The proposed name is traceable to LOCK-2026-08-11-R2 plus linked regulation evidence; aliases preserve the original notation.,IMO-107
VOC-0509,oilResidueTank,Oil residue tank,Benchmark-coined descriptive engineering term,Meaning decomposed from the linked verified regulatory clause,"N5 - component or subject first, followed by characteristic and qualifier/state; no unsupported external mapping",Descriptive formula token in locked requirement,oil_residue_tank,Passed - clause-anchored benchmark coinage,Medium,Benchmark-coined descriptive engineering term. The proposed name is traceable to Meaning decomposed from the linked verified regulatory clause; aliases preserve the original notation.,IMO-111
VOC-0510,oilTanker,Oil tanker,Benchmark-coined descriptive engineering term,Meaning decomposed from the linked verified regulatory clause,"N5 - component or subject first, followed by characteristic and qualifier/state; no unsupported external mapping",Descriptive formula token in locked requirement,oil_tanker,Passed - clause-anchored benchmark coinage,Medium,Benchmark-coined descriptive engineering term. The proposed name is traceable to Meaning decomposed from the linked verified regulatory clause; aliases preserve the original notation.,IMO-109; IMO-110
VOC-0511,oilyBilgeWaterHoldingTank,Oily bilge water holding tank,Benchmark-coined descriptive engineering term,Meaning decomposed from the linked verified regulatory clause,"N5 - component or subject first, followed by characteristic and qualifier/state; no unsupported external mapping",Descriptive formula token in locked requirement,oily_bilge_water_holding_tank,Passed - clause-anchored benchmark coinage,Medium,Benchmark-coined descriptive engineering term. The proposed name is traceable to Meaning decomposed from the linked verified regulatory clause; aliases preserve the original notation.,IMO-111
VOC-0512,onSceneTransmitReceiveDeviceCount,On scene transmit receive device count,Locked-workbook normalized regulatory term,LOCK-2026-08-11-R2 plus linked regulation evidence,N4 - preserve the source concept; normalize spelling to ASCII lowerCamelCase,Locked workbook canonical variable,on_scene_transmit_receive_device_count,Passed - transparent source normalization,Medium,Locked-workbook normalized regulatory term. The proposed name is traceable to LOCK-2026-08-11-R2 plus linked regulation evidence; aliases preserve the original notation.,IMO-097; IMO-098
VOC-0513,openingActuationType,Opening actuation type,Locked-workbook normalized regulatory term,LOCK-2026-08-11-R2 plus linked regulation evidence,N4 - preserve the source concept; normalize spelling to ASCII lowerCamelCase,Descriptive formula token in locked requirement; Locked workbook canonical variable,opening_actuation_type,Passed - transparent source normalization,Medium,Locked-workbook normalized regulatory term. The proposed name is traceable to LOCK-2026-08-11-R2 plus linked regulation evidence; aliases preserve the original notation.,IMO-041
VOC-0514,openWaterServiceSpeed,Open water service speed,Unit-stripped normalized regulatory variable,Locked R2 variable plus linked regulation; verified QUDT URI only where populated,N3 - remove unit from the identifier and retain it in unit/quantity metadata,Descriptive formula token in locked requirement,open_water_service_speed_kn,Passed - unit separation verified,High,Unit-stripped normalized regulatory variable. The proposed name is traceable to Locked R2 variable plus linked regulation; verified QUDT URI only where populated; aliases preserve the original notation.,TRF-040
VOC-0515,operabilityTestStatus,Operability test status,Locked-workbook normalized regulatory term,LOCK-2026-08-11-R2 plus linked regulation evidence,N4 - preserve the source concept; normalize spelling to ASCII lowerCamelCase,Descriptive formula token in locked requirement; Locked workbook canonical variable,operability_test_status,Passed - transparent source normalization,Medium,Locked-workbook normalized regulatory term. The proposed name is traceable to LOCK-2026-08-11-R2 plus linked regulation evidence; aliases preserve the original notation.,IMO-039
VOC-0516,operatingArea,Operating area,Locked-workbook normalized regulatory term,LOCK-2026-08-11-R2 plus linked regulation evidence,N4 - preserve the source concept; normalize spelling to ASCII lowerCamelCase,Descriptive formula token in locked requirement; Locked workbook canonical variable,operating_area,Passed - transparent source normalization,Medium,Locked-workbook normalized regulatory term. The proposed name is traceable to LOCK-2026-08-11-R2 plus linked regulation evidence; aliases preserve the original notation.,IMO-080; IMO-105; IMO-112; IMO-120; IMO-124; IMO26-006
VOC-0517,operatingIceConcentration,Operating ice concentration,Locked-workbook normalized regulatory term,LOCK-2026-08-11-R2 plus linked regulation evidence,N4 - preserve the source concept; normalize spelling to ASCII lowerCamelCase,Locked workbook canonical variable,operating_ice_concentration,Passed - transparent source normalization,Medium,Locked-workbook normalized regulatory term. The proposed name is traceable to LOCK-2026-08-11-R2 plus linked regulation evidence; aliases preserve the original notation.,IMO-032; IMO-049
VOC-0518,operatingIceType,Operating ice type,Locked-workbook normalized regulatory term,LOCK-2026-08-11-R2 plus linked regulation evidence,N4 - preserve the source concept; normalize spelling to ASCII lowerCamelCase,Locked workbook canonical variable,operating_ice_type,Passed - transparent source normalization,Medium,Locked-workbook normalized regulatory term. The proposed name is traceable to LOCK-2026-08-11-R2 plus linked regulation evidence; aliases preserve the original notation.,IMO-032; IMO-049
VOC-0519,operatingTestStatus,Operating test status,Locked-workbook normalized regulatory term,LOCK-2026-08-11-R2 plus linked regulation evidence,N4 - preserve the source concept; normalize spelling to ASCII lowerCamelCase,Descriptive formula token in locked requirement; Locked workbook canonical variable,operating_test_status,Passed - transparent source normalization,Medium,Locked-workbook normalized regulatory term. The proposed name is traceable to LOCK-2026-08-11-R2 plus linked regulation evidence; aliases preserve the original notation.,IMO-056; IMO-061
VOC-0520,operatingTestTemperature,Operating test temperature,Unit-stripped normalized regulatory variable,Locked R2 variable plus linked regulation; verified QUDT URI only where populated,N3 - remove unit from the identifier and retain it in unit/quantity metadata,Descriptive formula token in locked requirement; Locked workbook canonical variable,operating_test_temperature_degC,Passed - unit separation verified,High,Unit-stripped normalized regulatory variable. The proposed name is traceable to Locked R2 variable plus linked regulation; verified QUDT URI only where populated; aliases preserve the original notation.,IMO-056
VOC-0521,operationalAssessmentPresent,Operational assessment present,Locked-workbook normalized regulatory term,LOCK-2026-08-11-R2 plus linked regulation evidence,N4 - preserve the source concept; normalize spelling to ASCII lowerCamelCase,Locked workbook canonical variable,operational_assessment_present,Passed - transparent source normalization,Medium,Locked-workbook normalized regulatory term. The proposed name is traceable to LOCK-2026-08-11-R2 plus linked regulation evidence; aliases preserve the original notation.,IMO-021
VOC-0522,operationalAssessmentReference,Operational assessment reference,Locked-workbook normalized regulatory term,LOCK-2026-08-11-R2 plus linked regulation evidence,N4 - preserve the source concept; normalize spelling to ASCII lowerCamelCase,Locked workbook canonical variable,operational_assessment_reference,Passed - transparent source normalization,Medium,Locked-workbook normalized regulatory term. The proposed name is traceable to LOCK-2026-08-11-R2 plus linked regulation evidence; aliases preserve the original notation.,IMO-022
VOC-0523,operationalSpeedRange,Operational speed range,Benchmark-coined descriptive engineering term,Meaning decomposed from the linked verified regulatory clause,"N5 - component or subject first, followed by characteristic and qualifier/state; no unsupported external mapping",Engineering decomposition of verified clause,operationalSpeedRange,Passed - clause-anchored benchmark coinage,Medium,Benchmark-coined descriptive engineering term. The proposed name is traceable to Meaning decomposed from the linked verified regulatory clause; aliases preserve the original notation.,TRF-089
VOC-0524,otherSurvivalCraft,Other survival craft,Locked-workbook normalized regulatory term,LOCK-2026-08-11-R2 plus linked regulation evidence,N4 - preserve the source concept; normalize spelling to ASCII lowerCamelCase,Locked workbook canonical variable,other_survival_craft,Passed - transparent source normalization,Medium,Locked-workbook normalized regulatory term. The proposed name is traceable to LOCK-2026-08-11-R2 plus linked regulation evidence; aliases preserve the original notation.,IMO-098
VOC-0525,outsideIceBeltFactor,Outside ice belt factor,Benchmark-coined descriptive engineering term,Meaning decomposed from the linked verified regulatory clause,"N5 - component or subject first, followed by characteristic and qualifier/state; no unsupported external mapping",Descriptive formula token in locked requirement,outside_ice_belt_factor,Passed - clause-anchored benchmark coinage,Medium,Benchmark-coined descriptive engineering term. The proposed name is traceable to Meaning decomposed from the linked verified regulatory clause; aliases preserve the original notation.,TRF-054
VOC-0526,passenger,Passenger,Locked-workbook normalized regulatory term,LOCK-2026-08-11-R2 plus linked regulation evidence,N4 - preserve the source concept; normalize spelling to ASCII lowerCamelCase,Locked workbook canonical variable,passenger,Passed - transparent source normalization,Medium,Locked-workbook normalized regulatory term. The proposed name is traceable to LOCK-2026-08-11-R2 plus linked regulation evidence; aliases preserve the original notation.,IMO-078
VOC-0527,passengerInstructionStatus,Passenger instruction status,Locked-workbook normalized regulatory term,LOCK-2026-08-11-R2 plus linked regulation evidence,N4 - preserve the source concept; normalize spelling to ASCII lowerCamelCase,Locked workbook canonical variable,passenger_instruction_status,Passed - transparent source normalization,Medium,Locked-workbook normalized regulatory term. The proposed name is traceable to LOCK-2026-08-11-R2 plus linked regulation evidence; aliases preserve the original notation.,IMO-078
VOC-0528,passengerShip,Passenger ship,Benchmark-coined descriptive engineering term,Meaning decomposed from the linked verified regulatory clause,"N5 - component or subject first, followed by characteristic and qualifier/state; no unsupported external mapping",Descriptive formula token in locked requirement,passenger_ship,Passed - clause-anchored benchmark coinage,Medium,Benchmark-coined descriptive engineering term. The proposed name is traceable to Meaning decomposed from the linked verified regulatory clause; aliases preserve the original notation.,IMO-070; IMO-118
VOC-0529,patchLoad,Patch load,Benchmark-coined descriptive engineering term,Meaning decomposed from the linked verified regulatory clause,"N5 - component or subject first, followed by characteristic and qualifier/state; no unsupported external mapping",Engineering decomposition of verified clause,patchLoad,Passed - clause-anchored benchmark coinage,Medium,Benchmark-coined descriptive engineering term. The proposed name is traceable to Meaning decomposed from the linked verified regulatory clause; aliases preserve the original notation.,I2-031
VOC-0530,peakPressureFactor,Peak pressure factor,Benchmark-coined descriptive engineering term,Meaning decomposed from the linked verified regulatory clause,"N5 - component or subject first, followed by characteristic and qualifier/state; no unsupported external mapping",Engineering decomposition of verified clause,peakPressureFactor,Passed - clause-anchored benchmark coinage,Medium,Benchmark-coined descriptive engineering term. The proposed name is traceable to Meaning decomposed from the linked verified regulatory clause; aliases preserve the original notation.,I2-018
VOC-0531,permanentDeformation,Permanent deformation,Benchmark-coined descriptive engineering term,Meaning decomposed from the linked verified regulatory clause,"N5 - component or subject first, followed by characteristic and qualifier/state; no unsupported external mapping",Engineering decomposition of verified clause,permanentDeformation,Passed - clause-anchored benchmark coinage,Medium,Benchmark-coined descriptive engineering term. The proposed name is traceable to Meaning decomposed from the linked verified regulatory clause; aliases preserve the original notation.,I2-065
VOC-0532,permissibleStress,Permissible stress,Benchmark-coined descriptive engineering term,Meaning decomposed from the linked verified regulatory clause,"N5 - component or subject first, followed by characteristic and qualifier/state; no unsupported external mapping",Engineering decomposition of verified clause,permissibleStress,Passed - clause-anchored benchmark coinage,Medium,Benchmark-coined descriptive engineering term. The proposed name is traceable to Meaning decomposed from the linked verified regulatory clause; aliases preserve the original notation.,I2-055
VOC-0533,personalAndGroupSurvivalEquipmentTrainingStatus,Personal and group survival equipment training status,Benchmark-coined descriptive engineering term,Meaning decomposed from the linked verified regulatory clause,"N5 - component or subject first, followed by characteristic and qualifier/state; no unsupported external mapping",Descriptive formula token in locked requirement,personal_and_group_survival_equipment_training_status,Passed - clause-anchored benchmark coinage,Medium,Benchmark-coined descriptive engineering term. The proposed name is traceable to Meaning decomposed from the linked verified regulatory clause; aliases preserve the original notation.,IMO-078
VOC-0534,personalOrGroupSurvivalEquipmentRequired,Personal or group survival equipment required,Locked-workbook normalized regulatory term,LOCK-2026-08-11-R2 plus linked regulation evidence,N4 - preserve the source concept; normalize spelling to ASCII lowerCamelCase,Descriptive formula token in locked requirement; Locked workbook canonical variable,personal_or_group_survival_equipment_required,Passed - transparent source normalization,Medium,Locked-workbook normalized regulatory term. The proposed name is traceable to LOCK-2026-08-11-R2 plus linked regulation evidence; aliases preserve the original notation.,IMO-075
VOC-0535,personOnBoard,Person on board,Locked-workbook normalized regulatory term,LOCK-2026-08-11-R2 plus linked regulation evidence,N4 - preserve the source concept; normalize spelling to ASCII lowerCamelCase,Locked workbook canonical variable,person_on_board,Passed - transparent source normalization,Medium,Locked-workbook normalized regulatory term. The proposed name is traceable to LOCK-2026-08-11-R2 plus linked regulation evidence; aliases preserve the original notation.,IMO-064; IMO-070
VOC-0536,personsCapacityRequirement,Persons capacity requirement,Locked-workbook normalized regulatory term,LOCK-2026-08-11-R2 plus linked regulation evidence,N4 - preserve the source concept; normalize spelling to ASCII lowerCamelCase,Descriptive formula token in locked requirement; Locked workbook canonical variable,persons_capacity_requirement,Passed - transparent source normalization,Medium,Locked-workbook normalized regulatory term. The proposed name is traceable to LOCK-2026-08-11-R2 plus linked regulation evidence; aliases preserve the original notation.,IMO-077
VOC-0537,personsOnBoard,Persons on board,Locked-workbook normalized regulatory term,LOCK-2026-08-11-R2 plus linked regulation evidence,N4 - preserve the source concept; normalize spelling to ASCII lowerCamelCase,Descriptive formula token in locked requirement; Locked workbook canonical variable,persons_on_board,Passed - transparent source normalization,Medium,Locked-workbook normalized regulatory term. The proposed name is traceable to LOCK-2026-08-11-R2 plus linked regulation evidence; aliases preserve the original notation.,IMO-075; IMO-079
VOC-0538,pitchType,Pitch type,Benchmark-coined descriptive engineering term,Meaning decomposed from the linked verified regulatory clause,"N5 - component or subject first, followed by characteristic and qualifier/state; no unsupported external mapping",Descriptive formula token in locked requirement,pitch_type,Passed - clause-anchored benchmark coinage,Medium,Benchmark-coined descriptive engineering term. The proposed name is traceable to Meaning decomposed from the linked verified regulatory clause; aliases preserve the original notation.,TRF-069
VOC-0539,pitchValueKnown,Pitch value known,Benchmark-coined descriptive engineering term,Meaning decomposed from the linked verified regulatory clause,"N5 - component or subject first, followed by characteristic and qualifier/state; no unsupported external mapping",Engineering decomposition of verified clause,pitchValueKnown,Passed - clause-anchored benchmark coinage,Medium,Benchmark-coined descriptive engineering term. The proposed name is traceable to Meaning decomposed from the linked verified regulatory clause; aliases preserve the original notation.,TRF-084; TRF-086
VOC-0540,plannedOrActualLatitude,Planned or actual latitude,Unit-stripped normalized regulatory variable,Locked R2 variable plus linked regulation; verified QUDT URI only where populated,N3 - remove unit from the identifier and retain it in unit/quantity metadata,Descriptive formula token in locked requirement; Locked workbook canonical variable,planned_or_actual_latitude_deg,Passed - unit separation verified,High,Unit-stripped normalized regulatory variable. The proposed name is traceable to Locked R2 variable plus linked regulation; verified QUDT URI only where populated; aliases preserve the original notation.,IMO-087; IMO26-013
VOC-0541,plasticCollapseMechanism,Plastic collapse mechanism,Benchmark-coined descriptive engineering term,Meaning decomposed from the linked verified regulatory clause,"N5 - component or subject first, followed by characteristic and qualifier/state; no unsupported external mapping",Engineering decomposition of verified clause,plasticCollapseMechanism,Passed - clause-anchored benchmark coinage,Medium,Benchmark-coined descriptive engineering term. The proposed name is traceable to Meaning decomposed from the linked verified regulatory clause; aliases preserve the original notation.,I2-031; I2-034
VOC-0542,plasticDeformation,Plastic deformation,Benchmark-coined descriptive engineering term,Meaning decomposed from the linked verified regulatory clause,"N5 - component or subject first, followed by characteristic and qualifier/state; no unsupported external mapping",Engineering decomposition of verified clause,plasticDeformation,Passed - clause-anchored benchmark coinage,Medium,Benchmark-coined descriptive engineering term. The proposed name is traceable to Meaning decomposed from the linked verified regulatory clause; aliases preserve the original notation.,I2-065
VOC-0543,plasticStrength,Plastic strength,Benchmark-coined descriptive engineering term,Meaning decomposed from the linked verified regulatory clause,"N5 - component or subject first, followed by characteristic and qualifier/state; no unsupported external mapping",Engineering decomposition of verified clause,plasticStrength,Passed - clause-anchored benchmark coinage,Medium,Benchmark-coined descriptive engineering term. The proposed name is traceable to Meaning decomposed from the linked verified regulatory clause; aliases preserve the original notation.,I2-031; I2-034
VOC-0544,platedBossing,Plated bossing,Benchmark-coined descriptive engineering term,Meaning decomposed from the linked verified regulatory clause,"N5 - component or subject first, followed by characteristic and qualifier/state; no unsupported external mapping",Engineering decomposition of verified clause,platedBossing,Passed - clause-anchored benchmark coinage,Medium,Benchmark-coined descriptive engineering term. The proposed name is traceable to Meaning decomposed from the linked verified regulatory clause; aliases preserve the original notation.,TRF-064
VOC-0545,plating,Plating,Benchmark-coined descriptive engineering term,Meaning decomposed from the linked verified regulatory clause,"N5 - component or subject first, followed by characteristic and qualifier/state; no unsupported external mapping",Engineering decomposition of verified clause,plating,Passed - clause-anchored benchmark coinage,Medium,Benchmark-coined descriptive engineering term. The proposed name is traceable to Meaning decomposed from the linked verified regulatory clause; aliases preserve the original notation.,I2-048
VOC-0546,pleasureYacht,Pleasure yacht,Benchmark-coined descriptive engineering term,Meaning decomposed from the linked verified regulatory clause,"N5 - component or subject first, followed by characteristic and qualifier/state; no unsupported external mapping",Descriptive formula token in locked requirement,pleasure_yacht,Passed - clause-anchored benchmark coinage,Medium,Benchmark-coined descriptive engineering term. The proposed name is traceable to Meaning decomposed from the linked verified regulatory clause; aliases preserve the original notation.,IMO26-002; IMO26-016
VOC-0547,polarCertificateSupplementPresent,Polar certificate supplement present,Locked-workbook normalized regulatory term,LOCK-2026-08-11-R2 plus linked regulation evidence,N4 - preserve the source concept; normalize spelling to ASCII lowerCamelCase,Descriptive formula token in locked requirement; Locked workbook canonical variable,polar_certificate_supplement_present,Passed - transparent source normalization,Medium,Locked-workbook normalized regulatory term. The proposed name is traceable to LOCK-2026-08-11-R2 plus linked regulation evidence; aliases preserve the original notation.,IMO-017
VOC-0548,polarCertificateValidityDates,Polar certificate validity dates,Locked-workbook normalized regulatory term,LOCK-2026-08-11-R2 plus linked regulation evidence,N4 - preserve the source concept; normalize spelling to ASCII lowerCamelCase,Locked workbook canonical variable,polar_certificate_validity_dates,Passed - transparent source normalization,Medium,Locked-workbook normalized regulatory term. The proposed name is traceable to LOCK-2026-08-11-R2 plus linked regulation evidence; aliases preserve the original notation.,IMO-017
VOC-0549,polarClass,Polar class,Benchmark-coined descriptive engineering term,Meaning decomposed from the linked verified regulatory clause,"N5 - component or subject first, followed by characteristic and qualifier/state; no unsupported external mapping",Engineering decomposition of verified clause,polarClass,Passed - clause-anchored benchmark coinage,Medium,Benchmark-coined descriptive engineering term. The proposed name is traceable to Meaning decomposed from the linked verified regulatory clause; aliases preserve the original notation.,I2-002; I2-008; I2-010; I2-011; I2-048
VOC-0550,polarClothingPassageTestStatus,Polar clothing passage test status,Locked-workbook normalized regulatory term,LOCK-2026-08-11-R2 plus linked regulation evidence,N4 - preserve the source concept; normalize spelling to ASCII lowerCamelCase,Descriptive formula token in locked requirement; Locked workbook canonical variable,polar_clothing_passage_test_status,Passed - transparent source normalization,Medium,Locked-workbook normalized regulatory term. The proposed name is traceable to LOCK-2026-08-11-R2 plus linked regulation evidence; aliases preserve the original notation.,IMO-067
VOC-0551,polarCodeApplies,Polar code applies,Locked-workbook normalized regulatory term,LOCK-2026-08-11-R2 plus linked regulation evidence,N4 - preserve the source concept; normalize spelling to ASCII lowerCamelCase,Descriptive formula token in locked requirement; Locked workbook canonical variable,polar_code_applies,Passed - transparent source normalization,Medium,Locked-workbook normalized regulatory term. The proposed name is traceable to LOCK-2026-08-11-R2 plus linked regulation evidence; aliases preserve the original notation.,IMO-014
VOC-0552,polarCodeChapter11Applicable,Polar Code chapter 11 applicable,Locked-workbook normalized regulatory term,LOCK-2026-08-11-R2 plus linked regulation evidence,N4 - preserve the source concept; normalize spelling to ASCII lowerCamelCase,Locked workbook canonical variable,chapter_11_applicable,Passed - transparent source normalization,Medium,Locked-workbook normalized regulatory term. The proposed name is traceable to LOCK-2026-08-11-R2 plus linked regulation evidence; aliases preserve the original notation.,IMO26-015
VOC-0553,polarCodeChapter11Dash1Applicable,Polar Code chapter 11-1 applicable,Explicit regulation-reference transcription,Governing-instrument reference in the locked variable and linked regulation,N6 - spell separators as Point or Dash and identify the governing instrument,Descriptive formula token in locked requirement; Locked workbook canonical variable,chapter_11_1_applicable,Passed - unambiguous regulation reference,High,Explicit regulation-reference transcription. The proposed name is traceable to Governing-instrument reference in the locked variable and linked regulation; aliases preserve the original notation.,IMO26-016; IMO26-017; IMO26-018
VOC-0554,polarCodeChapter9Applicable,Polar Code chapter 9 applicable,Locked-workbook normalized regulatory term,LOCK-2026-08-11-R2 plus linked regulation evidence,N4 - preserve the source concept; normalize spelling to ASCII lowerCamelCase,Locked workbook canonical variable,chapter_9_applicable,Passed - transparent source normalization,Medium,Locked-workbook normalized regulatory term. The proposed name is traceable to LOCK-2026-08-11-R2 plus linked regulation evidence; aliases preserve the original notation.,IMO26-001
VOC-0555,polarCodeChapter9Dash1Applicable,Polar Code chapter 9-1 applicable,Explicit regulation-reference transcription,Governing-instrument reference in the locked variable and linked regulation,N6 - spell separators as Point or Dash and identify the governing instrument,Descriptive formula token in locked requirement; Locked workbook canonical variable,chapter_9_1_applicable,Passed - unambiguous regulation reference,High,Explicit regulation-reference transcription. The proposed name is traceable to Governing-instrument reference in the locked variable and linked regulation; aliases preserve the original notation.,IMO26-002; IMO26-003; IMO26-004; IMO26-006
VOC-0556,polarCodeOilDischargeParagraph1Point1Point1Applicable,Polar Code oil-discharge paragraph 1.1.1 applicable,Explicit regulation-reference transcription,Governing-instrument reference in the locked variable and linked regulation,N6 - spell separators as Point or Dash and identify the governing instrument,Descriptive formula token in locked requirement; Locked workbook canonical variable,clause_1_1_1_oil_discharge_prohibition_applicable,Passed - unambiguous regulation reference,High,Explicit regulation-reference transcription. The proposed name is traceable to Governing-instrument reference in the locked variable and linked regulation; aliases preserve the original notation.,IMO-106
VOC-0557,polarCodeSewageParagraph4Point2Point1Point3ComplianceStatus,Polar Code sewage paragraph 4.2.1.3 compliance status,Explicit regulation-reference transcription,Governing-instrument reference in the locked variable and linked regulation,N6 - spell separators as Point or Dash and identify the governing instrument,Descriptive formula token in locked requirement; Locked workbook canonical variable,clause_4_2_1_3_compliance_status,Passed - unambiguous regulation reference,High,Explicit regulation-reference transcription. The proposed name is traceable to Governing-instrument reference in the locked variable and linked regulation; aliases preserve the original notation.,IMO-118
VOC-0558,polarIncidentProcedurePresent,Polar incident procedure present,Locked-workbook normalized regulatory term,LOCK-2026-08-11-R2 plus linked regulation evidence,N4 - preserve the source concept; normalize spelling to ASCII lowerCamelCase,Locked workbook canonical variable,polar_incident_procedure_present,Passed - transparent source normalization,Medium,Locked-workbook normalized regulatory term. The proposed name is traceable to LOCK-2026-08-11-R2 plus linked regulation evidence; aliases preserve the original notation.,IMO-024
VOC-0559,polarOperationCoverage,Polar operation coverage,Benchmark-coined descriptive engineering term,Meaning decomposed from the linked verified regulatory clause,"N5 - component or subject first, followed by characteristic and qualifier/state; no unsupported external mapping",Descriptive formula token in locked requirement,polar_operation_coverage,Passed - clause-anchored benchmark coinage,Medium,Benchmark-coined descriptive engineering term. The proposed name is traceable to Meaning decomposed from the linked verified regulatory clause; aliases preserve the original notation.,IMO-107; IMO-113; IMO-125
VOC-0560,polarRoutePlan,Polar route plan,Locked-workbook normalized regulatory term,LOCK-2026-08-11-R2 plus linked regulation evidence,N4 - preserve the source concept; normalize spelling to ASCII lowerCamelCase,Locked workbook canonical variable,polar_route_plan,Passed - transparent source normalization,Medium,Locked-workbook normalized regulatory term. The proposed name is traceable to LOCK-2026-08-11-R2 plus linked regulation evidence; aliases preserve the original notation.,IMO-101
VOC-0561,polarServiceTemperature,Polar service temperature,Unit-stripped normalized regulatory variable,Locked R2 variable plus linked regulation; verified QUDT URI only where populated,N3 - remove unit from the identifier and retain it in unit/quantity metadata,Descriptive formula token in locked requirement; Locked workbook canonical variable,PST_degC,Passed - unit separation verified,High,Unit-stripped normalized regulatory variable. The proposed name is traceable to Locked R2 variable plus linked regulation; verified QUDT URI only where populated; aliases preserve the original notation.,IMO-012; IMO-019; IMO-020; IMO-031; IMO-046; IMO-048; IMO-054; IMO-056; IMO-061
VOC-0562,polarShipCertificateForm,Polar ship certificate form,Locked-workbook normalized regulatory term,LOCK-2026-08-11-R2 plus linked regulation evidence,N4 - preserve the source concept; normalize spelling to ASCII lowerCamelCase,Descriptive formula token in locked requirement; Locked workbook canonical variable,polar_ship_certificate_form,Passed - transparent source normalization,Medium,Locked-workbook normalized regulatory term. The proposed name is traceable to LOCK-2026-08-11-R2 plus linked regulation evidence; aliases preserve the original notation.,IMO-016
VOC-0563,polarShipCertificateParagraph1Point3Point3ExceptionApplies,Polar Ship Certificate paragraph 1.3.3 exception applies,Explicit regulation-reference transcription,Governing-instrument reference in the locked variable and linked regulation,N6 - spell separators as Point or Dash and identify the governing instrument,Locked workbook canonical variable,clause_1_3_3_exception,Passed - unambiguous regulation reference,High,Explicit regulation-reference transcription. The proposed name is traceable to Governing-instrument reference in the locked variable and linked regulation; aliases preserve the original notation.,IMO-015
VOC-0564,polarShipCertificatePresent,Polar ship certificate present,Locked-workbook normalized regulatory term,LOCK-2026-08-11-R2 plus linked regulation evidence,N4 - preserve the source concept; normalize spelling to ASCII lowerCamelCase,Descriptive formula token in locked requirement; Locked workbook canonical variable,polar_ship_certificate_present,Passed - transparent source normalization,Medium,Locked-workbook normalized regulatory term. The proposed name is traceable to LOCK-2026-08-11-R2 plus linked regulation evidence; aliases preserve the original notation.,IMO-014
VOC-0565,polarShipCertificateStatus,Polar ship certificate status,Locked-workbook normalized regulatory term,LOCK-2026-08-11-R2 plus linked regulation evidence,N4 - preserve the source concept; normalize spelling to ASCII lowerCamelCase,Descriptive formula token in locked requirement; Locked workbook canonical variable,polar_ship_certificate_status,Passed - transparent source normalization,Medium,Locked-workbook normalized regulatory term. The proposed name is traceable to LOCK-2026-08-11-R2 plus linked regulation evidence; aliases preserve the original notation.,IMO-014
VOC-0566,polarWaterOperationalManualFamiliarizationStatus,Polar water operational manual familiarization status,Locked-workbook normalized regulatory term,LOCK-2026-08-11-R2 plus linked regulation evidence,N4 - preserve the source concept; normalize spelling to ASCII lowerCamelCase,Descriptive formula token in locked requirement; Locked workbook canonical variable,PWOM_familiarization_status,Passed - transparent source normalization,Medium,Locked-workbook normalized regulatory term. The proposed name is traceable to LOCK-2026-08-11-R2 plus linked regulation evidence; aliases preserve the original notation.,IMO-104
VOC-0567,polarWaterOperationalManualIceAccretionLimit,Polar water operational manual ice accretion limit,Locked-workbook normalized regulatory term,LOCK-2026-08-11-R2 plus linked regulation evidence,N4 - preserve the source concept; normalize spelling to ASCII lowerCamelCase,Descriptive formula token in locked requirement; Locked workbook canonical variable,PWOM_ice_accretion_limit,Passed - transparent source normalization,Medium,Locked-workbook normalized regulatory term. The proposed name is traceable to LOCK-2026-08-11-R2 plus linked regulation evidence; aliases preserve the original notation.,IMO-036
VOC-0568,polarWaterOperationalManualIceCapabilityMethodologyPresent,Polar water operational manual ice capability methodology present,Locked-workbook normalized regulatory term,LOCK-2026-08-11-R2 plus linked regulation evidence,N4 - preserve the source concept; normalize spelling to ASCII lowerCamelCase,Descriptive formula token in locked requirement; Locked workbook canonical variable,PWOM_ice_capability_methodology_present,Passed - transparent source normalization,Medium,Locked-workbook normalized regulatory term. The proposed name is traceable to LOCK-2026-08-11-R2 plus linked regulation evidence; aliases preserve the original notation.,IMO-026
VOC-0569,polarWaterOperationalManualIcingAllowanceInformationPresent,Polar water operational manual icing allowance information present,Locked-workbook normalized regulatory term,LOCK-2026-08-11-R2 plus linked regulation evidence,N4 - preserve the source concept; normalize spelling to ASCII lowerCamelCase,Descriptive formula token in locked requirement; Locked workbook canonical variable,PWOM_icing_allowance_information_present,Passed - transparent source normalization,Medium,Locked-workbook normalized regulatory term. The proposed name is traceable to LOCK-2026-08-11-R2 plus linked regulation evidence; aliases preserve the original notation.,IMO-035
VOC-0570,polarWaterOperationalManualIcingAllowanceValues,Polar water operational manual icing allowance values,Locked-workbook normalized regulatory term,LOCK-2026-08-11-R2 plus linked regulation evidence,N4 - preserve the source concept; normalize spelling to ASCII lowerCamelCase,Descriptive formula token in locked requirement; Locked workbook canonical variable,PWOM_icing_allowance_values,Passed - transparent source normalization,Medium,Locked-workbook normalized regulatory term. The proposed name is traceable to LOCK-2026-08-11-R2 plus linked regulation evidence; aliases preserve the original notation.,IMO-035
VOC-0571,polarWaterOperationalManualPresent,Polar water operational manual present,Locked-workbook normalized regulatory term,LOCK-2026-08-11-R2 plus linked regulation evidence,N4 - preserve the source concept; normalize spelling to ASCII lowerCamelCase,Locked workbook canonical variable,PWOM_present,Passed - transparent source normalization,Medium,Locked-workbook normalized regulatory term. The proposed name is traceable to LOCK-2026-08-11-R2 plus linked regulation evidence; aliases preserve the original notation.,IMO-022
VOC-0572,polarWaterOperationalManualPresentOnBoard,Polar water operational manual present on board,Locked-workbook normalized regulatory term,LOCK-2026-08-11-R2 plus linked regulation evidence,N4 - preserve the source concept; normalize spelling to ASCII lowerCamelCase,Descriptive formula token in locked requirement; Locked workbook canonical variable,PWOM_present_on_board,Passed - transparent source normalization,Medium,Locked-workbook normalized regulatory term. The proposed name is traceable to LOCK-2026-08-11-R2 plus linked regulation evidence; aliases preserve the original notation.,IMO-025
VOC-0573,polarWaterOperationalManualRiskProcedureCoverage,Polar water operational manual risk procedure coverage,Locked-workbook normalized regulatory term,LOCK-2026-08-11-R2 plus linked regulation evidence,N4 - preserve the source concept; normalize spelling to ASCII lowerCamelCase,Locked workbook canonical variable,PWOM_risk_procedure_coverage,Passed - transparent source normalization,Medium,Locked-workbook normalized regulatory term. The proposed name is traceable to LOCK-2026-08-11-R2 plus linked regulation evidence; aliases preserve the original notation.,IMO-027
VOC-0574,pollutionEmergencyPlanPolarCoverage,Pollution emergency plan polar coverage,Locked-workbook normalized regulatory term,LOCK-2026-08-11-R2 plus linked regulation evidence,N4 - preserve the source concept; normalize spelling to ASCII lowerCamelCase,Locked workbook canonical variable,pollution_emergency_plan_polar_coverage,Passed - transparent source normalization,Medium,Locked-workbook normalized regulatory term. The proposed name is traceable to LOCK-2026-08-11-R2 plus linked regulation evidence; aliases preserve the original notation.,IMO-107
VOC-0575,portableTwoWayRadio,Portable two way radio,Locked-workbook normalized regulatory term,LOCK-2026-08-11-R2 plus linked regulation evidence,N4 - preserve the source concept; normalize spelling to ASCII lowerCamelCase,Locked workbook canonical variable,portable_two_way_radio,Passed - transparent source normalization,Medium,Locked-workbook normalized regulatory term. The proposed name is traceable to LOCK-2026-08-11-R2 plus linked regulation evidence; aliases preserve the original notation.,IMO-056
VOC-0576,prescribedProcedureApplicability,Prescribed procedure applicability,Benchmark-coined descriptive engineering term,Meaning decomposed from the linked verified regulatory clause,"N5 - component or subject first, followed by characteristic and qualifier/state; no unsupported external mapping",Engineering decomposition of verified clause,prescribedProcedureApplicability,Passed - clause-anchored benchmark coinage,Medium,Benchmark-coined descriptive engineering term. The proposed name is traceable to Meaning decomposed from the linked verified regulatory clause; aliases preserve the original notation.,TRF-029
VOC-0577,primeMoverMeanTorque,Prime mover mean torque,Benchmark-coined descriptive engineering term,Meaning decomposed from the linked verified regulatory clause,"N5 - component or subject first, followed by characteristic and qualifier/state; no unsupported external mapping",Engineering decomposition of verified clause,primeMoverMeanTorque,Passed - clause-anchored benchmark coinage,Medium,Benchmark-coined descriptive engineering term. The proposed name is traceable to Meaning decomposed from the linked verified regulatory clause; aliases preserve the original notation.,TRF-100
VOC-0578,procedureImplementationStatus,Procedure implementation status,Locked-workbook normalized regulatory term,LOCK-2026-08-11-R2 plus linked regulation evidence,N4 - preserve the source concept; normalize spelling to ASCII lowerCamelCase,Descriptive formula token in locked requirement; Locked workbook canonical variable,procedure_implementation_status,Passed - transparent source normalization,Medium,Locked-workbook normalized regulatory term. The proposed name is traceable to LOCK-2026-08-11-R2 plus linked regulation evidence; aliases preserve the original notation.,IMO-099
VOC-0579,prolongedEntrapmentProcedurePresent,Prolonged entrapment procedure present,Locked-workbook normalized regulatory term,LOCK-2026-08-11-R2 plus linked regulation evidence,N4 - preserve the source concept; normalize spelling to ASCII lowerCamelCase,Locked workbook canonical variable,prolonged_entrapment_procedure_present,Passed - transparent source normalization,Medium,Locked-workbook normalized regulatory term. The proposed name is traceable to LOCK-2026-08-11-R2 plus linked regulation evidence; aliases preserve the original notation.,IMO-028
VOC-0580,propellerBlade,Propeller blade,Benchmark-coined descriptive engineering term,Meaning decomposed from the linked verified regulatory clause,"N5 - component or subject first, followed by characteristic and qualifier/state; no unsupported external mapping",Engineering decomposition of verified clause,propellerBlade,Passed - clause-anchored benchmark coinage,Medium,Benchmark-coined descriptive engineering term. The proposed name is traceable to Meaning decomposed from the linked verified regulatory clause; aliases preserve the original notation.,TRF-075
VOC-0581,propellerBladeCount,Propeller blade count,Benchmark-coined descriptive engineering term,Meaning decomposed from the linked verified regulatory clause,"N5 - component or subject first, followed by characteristic and qualifier/state; no unsupported external mapping",Engineering decomposition of verified clause,propellerBladeCount,Passed - clause-anchored benchmark coinage,Medium,Benchmark-coined descriptive engineering term. The proposed name is traceable to Meaning decomposed from the linked verified regulatory clause; aliases preserve the original notation.,TRF-080
VOC-0582,propellerBladeLoss,Propeller blade loss,Benchmark-coined descriptive engineering term,Meaning decomposed from the linked verified regulatory clause,"N5 - component or subject first, followed by characteristic and qualifier/state; no unsupported external mapping",Engineering decomposition of verified clause,propellerBladeLoss,Passed - clause-anchored benchmark coinage,Medium,Benchmark-coined descriptive engineering term. The proposed name is traceable to Meaning decomposed from the linked verified regulatory clause; aliases preserve the original notation.,TRF-104
VOC-0583,propellerBladeMaterialProperty,Propeller blade material property,Benchmark-coined descriptive engineering term,Meaning decomposed from the linked verified regulatory clause,"N5 - component or subject first, followed by characteristic and qualifier/state; no unsupported external mapping",Engineering decomposition of verified clause,propellerBladeMaterialProperty,Passed - clause-anchored benchmark coinage,Medium,Benchmark-coined descriptive engineering term. The proposed name is traceable to Meaning decomposed from the linked verified regulatory clause; aliases preserve the original notation.,TRF-108
VOC-0584,propellerBladeOrientation,Propeller blade orientation,Benchmark-coined descriptive engineering term,Meaning decomposed from the linked verified regulatory clause,"N5 - component or subject first, followed by characteristic and qualifier/state; no unsupported external mapping",Engineering decomposition of verified clause,propellerBladeOrientation,Passed - clause-anchored benchmark coinage,Medium,Benchmark-coined descriptive engineering term. The proposed name is traceable to Meaning decomposed from the linked verified regulatory clause; aliases preserve the original notation.,TRF-113
VOC-0585,propellerBladeTipHullClearance,Propeller blade tip hull clearance,Benchmark-coined descriptive engineering term,Meaning decomposed from the linked verified regulatory clause,"N5 - component or subject first, followed by characteristic and qualifier/state; no unsupported external mapping",Engineering decomposition of verified clause,propellerBladeTipHullClearance,Passed - clause-anchored benchmark coinage,Medium,Benchmark-coined descriptive engineering term. The proposed name is traceable to Meaning decomposed from the linked verified regulatory clause; aliases preserve the original notation.,TRF-062
VOC-0586,propellerCount,Propeller count,Benchmark-coined descriptive engineering term,Meaning decomposed from the linked verified regulatory clause,"N5 - component or subject first, followed by characteristic and qualifier/state; no unsupported external mapping",Engineering decomposition of verified clause,propellerCount,Passed - clause-anchored benchmark coinage,Medium,Benchmark-coined descriptive engineering term. The proposed name is traceable to Meaning decomposed from the linked verified regulatory clause; aliases preserve the original notation.,TRF-063
VOC-0587,propellerDiameter,Propeller diameter,Verified exact implementation term,Haitham final SSP URI plus linked regulation: https://w3id.org/mtl-requirements/ssp#propellerDiameter,N1 - reuse only after exact URI and semantic-context verification,Descriptive formula token in locked requirement; Locked workbook canonical variable,D_m; propeller_diameter_m,Passed - exact URI/local-name evidence,High,Verified exact implementation term. The proposed name is traceable to Haitham final SSP URI plus linked regulation: https://w3id.org/mtl-requirements/ssp#propellerDiameter; aliases preserve the original notation.,TRF-020; TRF-072; TRF-085; TRF-101
VOC-0588,propellerHighestPointSubmerged,Propeller highest point submerged,Benchmark-coined descriptive engineering term,Meaning decomposed from the linked verified regulatory clause,"N5 - component or subject first, followed by characteristic and qualifier/state; no unsupported external mapping",Descriptive formula token in locked requirement,propeller_highest_point_submerged,Passed - clause-anchored benchmark coinage,Medium,Benchmark-coined descriptive engineering term. The proposed name is traceable to Meaning decomposed from the linked verified regulatory clause; aliases preserve the original notation.,TRF-016
VOC-0589,propellerIceExcitation,Propeller ice excitation,Benchmark-coined descriptive engineering term,Meaning decomposed from the linked verified regulatory clause,"N5 - component or subject first, followed by characteristic and qualifier/state; no unsupported external mapping",Engineering decomposition of verified clause,propellerIceExcitation,Passed - clause-anchored benchmark coinage,Medium,Benchmark-coined descriptive engineering term. The proposed name is traceable to Meaning decomposed from the linked verified regulatory clause; aliases preserve the original notation.,TRF-100
VOC-0590,propellerIceInteraction,Propeller ice interaction,Benchmark-coined descriptive engineering term,Meaning decomposed from the linked verified regulatory clause,"N5 - component or subject first, followed by characteristic and qualifier/state; no unsupported external mapping",Engineering decomposition of verified clause,propellerIceInteraction,Passed - clause-anchored benchmark coinage,Medium,Benchmark-coined descriptive engineering term. The proposed name is traceable to Meaning decomposed from the linked verified regulatory clause; aliases preserve the original notation.,TRF-125
VOC-0591,propellerIceInteractionComponent,Propeller ice interaction component,Benchmark-coined descriptive engineering term,Meaning decomposed from the linked verified regulatory clause,"N5 - component or subject first, followed by characteristic and qualifier/state; no unsupported external mapping",Engineering decomposition of verified clause,propellerIceInteractionComponent,Passed - clause-anchored benchmark coinage,Medium,Benchmark-coined descriptive engineering term. The proposed name is traceable to Meaning decomposed from the linked verified regulatory clause; aliases preserve the original notation.,TRF-080
VOC-0592,propellerIceInteractionLoad,Propeller ice interaction load,Benchmark-coined descriptive engineering term,Meaning decomposed from the linked verified regulatory clause,"N5 - component or subject first, followed by characteristic and qualifier/state; no unsupported external mapping",Engineering decomposition of verified clause,propellerIceInteractionLoad,Passed - clause-anchored benchmark coinage,Medium,Benchmark-coined descriptive engineering term. The proposed name is traceable to Meaning decomposed from the linked verified regulatory clause; aliases preserve the original notation.,TRF-070
VOC-0593,propellerIceInteractionLoadCase,Propeller ice interaction load case,Benchmark-coined descriptive engineering term,Meaning decomposed from the linked verified regulatory clause,"N5 - component or subject first, followed by characteristic and qualifier/state; no unsupported external mapping",Engineering decomposition of verified clause,propellerIceInteractionLoadCase,Passed - clause-anchored benchmark coinage,Medium,Benchmark-coined descriptive engineering term. The proposed name is traceable to Meaning decomposed from the linked verified regulatory clause; aliases preserve the original notation.,TRF-092
VOC-0594,propellerIceMillingLoadSequence,Propeller ice milling load sequence,Benchmark-coined descriptive engineering term,Meaning decomposed from the linked verified regulatory clause,"N5 - component or subject first, followed by characteristic and qualifier/state; no unsupported external mapping",Engineering decomposition of verified clause,propellerIceMillingLoadSequence,Passed - clause-anchored benchmark coinage,Medium,Benchmark-coined descriptive engineering term. The proposed name is traceable to Meaning decomposed from the linked verified regulatory clause; aliases preserve the original notation.,TRF-091
VOC-0595,propellerPitchAtMcrBollard,Propeller pitch at mcr bollard,Benchmark-coined descriptive engineering term,Meaning decomposed from the linked verified regulatory clause,"N5 - component or subject first, followed by characteristic and qualifier/state; no unsupported external mapping",Engineering decomposition of verified clause,propellerPitchAtMcrBollard,Passed - clause-anchored benchmark coinage,Medium,Benchmark-coined descriptive engineering term. The proposed name is traceable to Meaning decomposed from the linked verified regulatory clause; aliases preserve the original notation.,TRF-084; TRF-086
VOC-0596,propellerPitchAtMcrFreeRunning,Propeller pitch at mcr free running,Benchmark-coined descriptive engineering term,Meaning decomposed from the linked verified regulatory clause,"N5 - component or subject first, followed by characteristic and qualifier/state; no unsupported external mapping",Engineering decomposition of verified clause,propellerPitchAtMcrFreeRunning,Passed - clause-anchored benchmark coinage,Medium,Benchmark-coined descriptive engineering term. The proposed name is traceable to Meaning decomposed from the linked verified regulatory clause; aliases preserve the original notation.,TRF-084; TRF-086
VOC-0597,propellerPowerFraction,Propeller power fraction,Benchmark-coined descriptive engineering term,Meaning decomposed from the linked verified regulatory clause,"N5 - component or subject first, followed by characteristic and qualifier/state; no unsupported external mapping",Engineering decomposition of verified clause,propellerPowerFraction,Passed - clause-anchored benchmark coinage,Medium,Benchmark-coined descriptive engineering term. The proposed name is traceable to Meaning decomposed from the linked verified regulatory clause; aliases preserve the original notation.,TRF-119
VOC-0598,propellerReversingCapability,Propeller reversing capability,Benchmark-coined descriptive engineering term,Meaning decomposed from the linked verified regulatory clause,"N5 - component or subject first, followed by characteristic and qualifier/state; no unsupported external mapping",Engineering decomposition of verified clause,propellerReversingCapability,Passed - clause-anchored benchmark coinage,Medium,Benchmark-coined descriptive engineering term. The proposed name is traceable to Meaning decomposed from the linked verified regulatory clause; aliases preserve the original notation.,TRF-076
VOC-0599,propellerRotationalSpeedAtMcrBollard,Propeller rotational speed at mcr bollard,Benchmark-coined descriptive engineering term,Meaning decomposed from the linked verified regulatory clause,"N5 - component or subject first, followed by characteristic and qualifier/state; no unsupported external mapping",Engineering decomposition of verified clause,propellerRotationalSpeedAtMcrBollard,Passed - clause-anchored benchmark coinage,Medium,Benchmark-coined descriptive engineering term. The proposed name is traceable to Meaning decomposed from the linked verified regulatory clause; aliases preserve the original notation.,TRF-083
VOC-0600,propellerShaftDesignThrust,Propeller shaft design thrust,Unit-stripped normalized regulatory variable,Locked R2 variable plus linked regulation; verified QUDT URI only where populated,N3 - remove unit from the identifier and retain it in unit/quantity metadata,Descriptive formula token in locked requirement; Locked workbook canonical variable,designThrust_kN; design_thrust_T_r_kN,Passed - unit separation verified,High,Unit-stripped normalized regulatory variable. The proposed name is traceable to Locked R2 variable plus linked regulation; verified QUDT URI only where populated; aliases preserve the original notation.,TRF-081
VOC-0601,propellerSpeedMcrBollardRpm,Propeller speed mcr bollard rpm,Benchmark-coined descriptive engineering term,Meaning decomposed from the linked verified regulatory clause,"N5 - component or subject first, followed by characteristic and qualifier/state; no unsupported external mapping",Descriptive formula token in locked requirement,propeller_speed_MCR_bollard_rpm,Passed - clause-anchored benchmark coinage,Medium,Benchmark-coined descriptive engineering term. The proposed name is traceable to Meaning decomposed from the linked verified regulatory clause; aliases preserve the original notation.,TRF-085
VOC-0602,propellerType,Propeller type,Verified exact implementation term,Haitham final SSP URI plus linked regulation: https://w3id.org/mtl-requirements/ssp#propellerType,N1 - reuse only after exact URI and semantic-context verification,Descriptive formula token in locked requirement; Engineering decomposition of verified clause,propellerType; propeller_type,Passed - exact URI/local-name evidence,High,Verified exact implementation term. The proposed name is traceable to Haitham final SSP URI plus linked regulation: https://w3id.org/mtl-requirements/ssp#propellerType; aliases preserve the original notation.,TRF-069; TRF-076; TRF-077; TRF-084; TRF-086
VOC-0603,propulsionEngineReversedForAstern,Propulsion engine reversed for astern,Benchmark-coined descriptive engineering term,Meaning decomposed from the linked verified regulatory clause,"N5 - component or subject first, followed by characteristic and qualifier/state; no unsupported external mapping",Descriptive formula token in locked requirement,propulsion_engine_reversed_for_astern,Passed - clause-anchored benchmark coinage,Medium,Benchmark-coined descriptive engineering term. The proposed name is traceable to Meaning decomposed from the linked verified regulatory clause; aliases preserve the original notation.,TRF-126
VOC-0604,propulsionLineStrengthEvaluation,Propulsion line strength evaluation,Benchmark-coined descriptive engineering term,Meaning decomposed from the linked verified regulatory clause,"N5 - component or subject first, followed by characteristic and qualifier/state; no unsupported external mapping",Engineering decomposition of verified clause,propulsionLineStrengthEvaluation,Passed - clause-anchored benchmark coinage,Medium,Benchmark-coined descriptive engineering term. The proposed name is traceable to Meaning decomposed from the linked verified regulatory clause; aliases preserve the original notation.,TRF-091
VOC-0605,protectedLocationOrEquipment,Protected location or equipment,Locked-workbook normalized regulatory term,LOCK-2026-08-11-R2 plus linked regulation evidence,N4 - preserve the source concept; normalize spelling to ASCII lowerCamelCase,Locked workbook canonical variable,protected_location_or_equipment,Passed - transparent source normalization,Medium,Locked-workbook normalized regulatory term. The proposed name is traceable to LOCK-2026-08-11-R2 plus linked regulation evidence; aliases preserve the original notation.,IMO-066
VOC-0606,pstAvailabilityEffectivenessTestTemperature,Pst availability effectiveness test temperature,Unit-stripped normalized regulatory variable,Locked R2 variable plus linked regulation; verified QUDT URI only where populated,N3 - remove unit from the identifier and retain it in unit/quantity metadata,Descriptive formula token in locked requirement; Locked workbook canonical variable,PST_availability_effectiveness_test_temperature_degC,Passed - unit separation verified,High,Unit-stripped normalized regulatory variable. The proposed name is traceable to Locked R2 variable plus linked regulation; verified QUDT URI only where populated; aliases preserve the original notation.,IMO-054
VOC-0607,pstTestStatus,Pst test status,Locked-workbook normalized regulatory term,LOCK-2026-08-11-R2 plus linked regulation evidence,N4 - preserve the source concept; normalize spelling to ASCII lowerCamelCase,Descriptive formula token in locked requirement; Locked workbook canonical variable,PST_test_status,Passed - transparent source normalization,Medium,Locked-workbook normalized regulatory term. The proposed name is traceable to LOCK-2026-08-11-R2 plus linked regulation evidence; aliases preserve the original notation.,IMO-054
VOC-0608,pyramidStrengthPrinciple,Pyramid strength principle,Benchmark-coined descriptive engineering term,Meaning decomposed from the linked verified regulatory clause,"N5 - component or subject first, followed by characteristic and qualifier/state; no unsupported external mapping",Engineering decomposition of verified clause,pyramidStrengthPrinciple,Passed - clause-anchored benchmark coinage,Medium,Benchmark-coined descriptive engineering term. The proposed name is traceable to Meaning decomposed from the linked verified regulatory clause; aliases preserve the original notation.,TRF-104
VOC-0609,qualifyingSurveyType,Qualifying survey type,Locked-workbook normalized regulatory term,LOCK-2026-08-11-R2 plus linked regulation evidence,N4 - preserve the source concept; normalize spelling to ASCII lowerCamelCase,Descriptive formula token in locked requirement; Locked workbook canonical variable,qualifying_survey_type,Passed - transparent source normalization,Medium,Locked-workbook normalized regulatory term. The proposed name is traceable to LOCK-2026-08-11-R2 plus linked regulation evidence; aliases preserve the original notation.,IMO-015
VOC-0610,recommendedChestVolume,Recommended chest volume,Unit-stripped normalized regulatory variable,Locked R2 variable plus linked regulation; verified QUDT URI only where populated,N3 - remove unit from the identifier and retain it in unit/quantity metadata,Descriptive formula token in locked requirement,recommended_chest_volume_m3,Passed - unit separation verified,High,Unit-stripped normalized regulatory variable. The proposed name is traceable to Locked R2 variable plus linked regulation; verified QUDT URI only where populated; aliases preserve the original notation.,TRF-130
VOC-0611,reducedBladeFatigueStrength,Reduced blade fatigue strength,Regulatory symbol expanded from a directly verified definition,Directly inspected regulation PDF and linked locked requirement,N2 - replace formula symbol with its clause-defined engineering meaning; preserve symbol as alias,Descriptive formula token in locked requirement; Engineering decomposition of verified clause,sigma_fl,Passed - source-defined expansion,High,Regulatory symbol expanded from a directly verified definition. The proposed name is traceable to Directly inspected regulation PDF and linked locked requirement; aliases preserve the original notation.,TRF-110
VOC-0612,regulationDerivedScantling,Regulation derived scantling,Benchmark-coined descriptive engineering term,Meaning decomposed from the linked verified regulatory clause,"N5 - component or subject first, followed by characteristic and qualifier/state; no unsupported external mapping",Engineering decomposition of verified clause,regulationDerivedScantling,Passed - clause-anchored benchmark coinage,Medium,Benchmark-coined descriptive engineering term. The proposed name is traceable to Meaning decomposed from the linked verified regulatory clause; aliases preserve the original notation.,TRF-032
VOC-0613,releasedRescueBoatOrLifeboat,Released rescue boat or lifeboat,Locked-workbook normalized regulatory term,LOCK-2026-08-11-R2 plus linked regulation evidence,N4 - preserve the source concept; normalize spelling to ASCII lowerCamelCase,Locked workbook canonical variable,released_rescue_boat_or_lifeboat,Passed - transparent source normalization,Medium,Locked-workbook normalized regulatory term. The proposed name is traceable to LOCK-2026-08-11-R2 plus linked regulation evidence; aliases preserve the original notation.,IMO-097
VOC-0614,relevantHatchOrDoor,Relevant hatch or door,Locked-workbook normalized regulatory term,LOCK-2026-08-11-R2 plus linked regulation evidence,N4 - preserve the source concept; normalize spelling to ASCII lowerCamelCase,Locked workbook canonical variable,relevant_hatch_or_door,Passed - transparent source normalization,Medium,Locked-workbook normalized regulatory term. The proposed name is traceable to LOCK-2026-08-11-R2 plus linked regulation evidence; aliases preserve the original notation.,IMO-040
VOC-0615,relevantPolarWaterOperationalManualProcedureOrEquipment,Relevant polar water operational manual procedure or equipment,Locked-workbook normalized regulatory term,LOCK-2026-08-11-R2 plus linked regulation evidence,N4 - preserve the source concept; normalize spelling to ASCII lowerCamelCase,Locked workbook canonical variable,relevant_PWOM_procedure_or_equipment,Passed - transparent source normalization,Medium,Locked-workbook normalized regulatory term. The proposed name is traceable to LOCK-2026-08-11-R2 plus linked regulation evidence; aliases preserve the original notation.,IMO-104
VOC-0616,repairRequired,Repair required,Benchmark-coined descriptive engineering term,Meaning decomposed from the linked verified regulatory clause,"N5 - component or subject first, followed by characteristic and qualifier/state; no unsupported external mapping",Engineering decomposition of verified clause,repairRequired,Passed - clause-anchored benchmark coinage,Medium,Benchmark-coined descriptive engineering term. The proposed name is traceable to Meaning decomposed from the linked verified regulatory clause; aliases preserve the original notation.,TRF-118
VOC-0617,requiredAccess,Required access,Locked-workbook normalized regulatory term,LOCK-2026-08-11-R2 plus linked regulation evidence,N4 - preserve the source concept; normalize spelling to ASCII lowerCamelCase,Locked workbook canonical variable,required_access,Passed - transparent source normalization,Medium,Locked-workbook normalized regulatory term. The proposed name is traceable to LOCK-2026-08-11-R2 plus linked regulation evidence; aliases preserve the original notation.,IMO-052
VOC-0618,requiredEquipmentOperation,Required equipment operation,Locked-workbook normalized regulatory term,LOCK-2026-08-11-R2 plus linked regulation evidence,N4 - preserve the source concept; normalize spelling to ASCII lowerCamelCase,Locked workbook canonical variable,required_equipment_operation,Passed - transparent source normalization,Medium,Locked-workbook normalized regulatory term. The proposed name is traceable to LOCK-2026-08-11-R2 plus linked regulation evidence; aliases preserve the original notation.,IMO-027
VOC-0619,requiredEquipmentRecords,Required equipment records,Locked-workbook normalized regulatory term,LOCK-2026-08-11-R2 plus linked regulation evidence,N4 - preserve the source concept; normalize spelling to ASCII lowerCamelCase,Locked workbook canonical variable,required_equipment_records,Passed - transparent source normalization,Medium,Locked-workbook normalized regulatory term. The proposed name is traceable to LOCK-2026-08-11-R2 plus linked regulation evidence; aliases preserve the original notation.,IMO-017
VOC-0620,requiredIceRemovalMeansPresent,Required ice removal means present,Locked-workbook normalized regulatory term,LOCK-2026-08-11-R2 plus linked regulation evidence,N4 - preserve the source concept; normalize spelling to ASCII lowerCamelCase,Descriptive formula token in locked requirement; Locked workbook canonical variable,required_ice_removal_means_present,Passed - transparent source normalization,Medium,Locked-workbook normalized regulatory term. The proposed name is traceable to LOCK-2026-08-11-R2 plus linked regulation evidence; aliases preserve the original notation.,IMO-034
VOC-0621,requiredNavigationOrCommunicationAntenna,Required navigation or communication antenna,Locked-workbook normalized regulatory term,LOCK-2026-08-11-R2 plus linked regulation evidence,N4 - preserve the source concept; normalize spelling to ASCII lowerCamelCase,Locked workbook canonical variable,required_navigation_or_communication_antenna,Passed - transparent source normalization,Medium,Locked-workbook normalized regulatory term. The proposed name is traceable to LOCK-2026-08-11-R2 plus linked regulation evidence; aliases preserve the original notation.,IMO-083; IMO26-009
VOC-0622,requiredPolarTrainingLevel,Required polar training level,Locked-workbook normalized regulatory term,LOCK-2026-08-11-R2 plus linked regulation evidence,N4 - preserve the source concept; normalize spelling to ASCII lowerCamelCase,Locked workbook canonical variable,required_polar_training_level,Passed - transparent source normalization,Medium,Locked-workbook normalized regulatory term. The proposed name is traceable to LOCK-2026-08-11-R2 plus linked regulation evidence; aliases preserve the original notation.,IMO-102
VOC-0623,requiredScreenOpening,Required screen opening,Unit-stripped normalized regulatory variable,Locked R2 variable plus linked regulation; verified QUDT URI only where populated,N3 - remove unit from the identifier and retain it in unit/quantity metadata,Descriptive formula token in locked requirement; Locked workbook canonical variable,required_screen_opening_mm,Passed - unit separation verified,High,Unit-stripped normalized regulatory variable. The proposed name is traceable to Locked R2 variable plus linked regulation; verified QUDT URI only where populated; aliases preserve the original notation.,IMO-121
VOC-0624,requiredSensorProjectsBelowHull,Required sensor projects below hull,Locked-workbook normalized regulatory term,LOCK-2026-08-11-R2 plus linked regulation evidence,N4 - preserve the source concept; normalize spelling to ASCII lowerCamelCase,Descriptive formula token in locked requirement; Locked workbook canonical variable,required_sensor_projects_below_hull,Passed - transparent source normalization,Medium,Locked-workbook normalized regulatory term. The proposed name is traceable to LOCK-2026-08-11-R2 plus linked regulation evidence; aliases preserve the original notation.,IMO-084; IMO26-010
VOC-0625,requiredSystemsFunctionalAtPst,Required systems functional at pst,Locked-workbook normalized regulatory term,LOCK-2026-08-11-R2 plus linked regulation evidence,N4 - preserve the source concept; normalize spelling to ASCII lowerCamelCase,Descriptive formula token in locked requirement; Locked workbook canonical variable,required_systems_functional_at_PST,Passed - transparent source normalization,Medium,Locked-workbook normalized regulatory term. The proposed name is traceable to LOCK-2026-08-11-R2 plus linked regulation evidence; aliases preserve the original notation.,IMO-019
VOC-0626,rescueCommunicationPresent,Rescue communication present,Locked-workbook normalized regulatory term,LOCK-2026-08-11-R2 plus linked regulation evidence,N4 - preserve the source concept; normalize spelling to ASCII lowerCamelCase,Locked workbook canonical variable,rescue_communication_present,Passed - transparent source normalization,Medium,Locked-workbook normalized regulatory term. The proposed name is traceable to LOCK-2026-08-11-R2 plus linked regulation evidence; aliases preserve the original notation.,IMO-065
VOC-0627,rescueCoordinationCentreVoiceOrData,Rescue coordination centre voice or data,Locked-workbook normalized regulatory term,LOCK-2026-08-11-R2 plus linked regulation evidence,N4 - preserve the source concept; normalize spelling to ASCII lowerCamelCase,Descriptive formula token in locked requirement; Locked workbook canonical variable,rescue_coordination_centre_voice_or_data,Passed - transparent source normalization,Medium,Locked-workbook normalized regulatory term. The proposed name is traceable to LOCK-2026-08-11-R2 plus linked regulation evidence; aliases preserve the original notation.,IMO-095
VOC-0628,reserveCoolingFunction,Reserve cooling function,Benchmark-coined descriptive engineering term,Meaning decomposed from the linked verified regulatory clause,"N5 - component or subject first, followed by characteristic and qualifier/state; no unsupported external mapping",Engineering decomposition of verified clause,reserveCoolingFunction,Passed - clause-anchored benchmark coinage,Medium,Benchmark-coined descriptive engineering term. The proposed name is traceable to Meaning decomposed from the linked verified regulatory clause; aliases preserve the original notation.,TRF-131
VOC-0629,residualStabilityFactorSI,Residual stability factor s i,Locked-workbook normalized regulatory term,LOCK-2026-08-11-R2 plus linked regulation evidence,N4 - preserve the source concept; normalize spelling to ASCII lowerCamelCase,Descriptive formula token in locked requirement; Locked workbook canonical variable,residual_stability_factor_s_i,Passed - transparent source normalization,Medium,Locked-workbook normalized regulatory term. The proposed name is traceable to LOCK-2026-08-11-R2 plus linked regulation evidence; aliases preserve the original notation.,IMO-037
VOC-0630,residueNotRecoverableByCommonMethods,Residue not recoverable by common methods,Locked-workbook normalized regulatory term,LOCK-2026-08-11-R2 plus linked regulation evidence,N4 - preserve the source concept; normalize spelling to ASCII lowerCamelCase,Descriptive formula token in locked requirement; Locked workbook canonical variable,residue_not_recoverable_by_common_methods,Passed - transparent source normalization,Medium,Locked-workbook normalized regulatory term. The proposed name is traceable to LOCK-2026-08-11-R2 plus linked regulation evidence; aliases preserve the original notation.,IMO-123
VOC-0631,resonantVibrationResponse,Resonant vibration response,Benchmark-coined descriptive engineering term,Meaning decomposed from the linked verified regulatory clause,"N5 - component or subject first, followed by characteristic and qualifier/state; no unsupported external mapping",Engineering decomposition of verified clause,resonantVibrationResponse,Passed - clause-anchored benchmark coinage,Medium,Benchmark-coined descriptive engineering term. The proposed name is traceable to Meaning decomposed from the linked verified regulatory clause; aliases preserve the original notation.,TRF-090
VOC-0632,responseTorque,Response torque,Unit-stripped normalized regulatory variable,Locked R2 variable plus linked regulation; verified QUDT URI only where populated,N3 - remove unit from the identifier and retain it in unit/quantity metadata,Locked workbook canonical variable,Qr_kNm,Passed - unit separation verified,High,Unit-stripped normalized regulatory variable. The proposed name is traceable to Locked R2 variable plus linked regulation; verified QUDT URI only where populated; aliases preserve the original notation.,TRF-097
VOC-0633,restComplianceStatus,Rest compliance status,Locked-workbook normalized regulatory term,LOCK-2026-08-11-R2 plus linked regulation evidence,N4 - preserve the source concept; normalize spelling to ASCII lowerCamelCase,Locked workbook canonical variable,rest_compliance_status,Passed - transparent source normalization,Medium,Locked-workbook normalized regulatory term. The proposed name is traceable to LOCK-2026-08-11-R2 plus linked regulation evidence; aliases preserve the original notation.,IMO-103
VOC-0634,rotationalRestraint,Rotational restraint,Benchmark-coined descriptive engineering term,Meaning decomposed from the linked verified regulatory clause,"N5 - component or subject first, followed by characteristic and qualifier/state; no unsupported external mapping",Engineering decomposition of verified clause,rotationalRestraint,Passed - clause-anchored benchmark coinage,Medium,Benchmark-coined descriptive engineering term. The proposed name is traceable to Meaning decomposed from the linked verified regulatory clause; aliases preserve the original notation.,I2-026
VOC-0635,rotationalSpeedKnown,Rotational speed known,Benchmark-coined descriptive engineering term,Meaning decomposed from the linked verified regulatory clause,"N5 - component or subject first, followed by characteristic and qualifier/state; no unsupported external mapping",Engineering decomposition of verified clause,rotationalSpeedKnown,Passed - clause-anchored benchmark coinage,Medium,Benchmark-coined descriptive engineering term. The proposed name is traceable to Meaning decomposed from the linked verified regulatory clause; aliases preserve the original notation.,TRF-083
VOC-0636,routePoint,Route point,Locked-workbook normalized regulatory term,LOCK-2026-08-11-R2 plus linked regulation evidence,N4 - preserve the source concept; normalize spelling to ASCII lowerCamelCase,Locked workbook canonical variable,route_point,Passed - transparent source normalization,Medium,Locked-workbook normalized regulatory term. The proposed name is traceable to LOCK-2026-08-11-R2 plus linked regulation evidence; aliases preserve the original notation.,IMO-090
VOC-0637,routeRemainsWithinArctic,Route remains within arctic,Locked-workbook normalized regulatory term,LOCK-2026-08-11-R2 plus linked regulation evidence,N4 - preserve the source concept; normalize spelling to ASCII lowerCamelCase,Descriptive formula token in locked requirement; Locked workbook canonical variable,route_remains_within_Arctic,Passed - transparent source normalization,Medium,Locked-workbook normalized regulatory term. The proposed name is traceable to LOCK-2026-08-11-R2 plus linked regulation evidence; aliases preserve the original notation.,IMO-123
VOC-0638,ruleLength,Rule length,Benchmark-coined descriptive engineering term,Meaning decomposed from the linked verified regulatory clause,"N5 - component or subject first, followed by characteristic and qualifier/state; no unsupported external mapping",Engineering decomposition of verified clause,ruleLength,Passed - clause-anchored benchmark coinage,Medium,Benchmark-coined descriptive engineering term. The proposed name is traceable to Meaning decomposed from the linked verified regulatory clause; aliases preserve the original notation.,TRF-035
VOC-0639,safeAccessExitPresent,Safe access exit present,Locked-workbook normalized regulatory term,LOCK-2026-08-11-R2 plus linked regulation evidence,N4 - preserve the source concept; normalize spelling to ASCII lowerCamelCase,Locked workbook canonical variable,safe_access_exit_present,Passed - transparent source normalization,Medium,Locked-workbook normalized regulatory term. The proposed name is traceable to LOCK-2026-08-11-R2 plus linked regulation evidence; aliases preserve the original notation.,IMO-065
VOC-0640,safeEvacuationMeansPresent,Safe evacuation means present,Locked-workbook normalized regulatory term,LOCK-2026-08-11-R2 plus linked regulation evidence,N4 - preserve the source concept; normalize spelling to ASCII lowerCamelCase,Descriptive formula token in locked requirement; Locked workbook canonical variable,safe_evacuation_means_present,Passed - transparent source normalization,Medium,Locked-workbook normalized regulatory term. The proposed name is traceable to LOCK-2026-08-11-R2 plus linked regulation evidence; aliases preserve the original notation.,IMO-068
VOC-0641,safeStatus,Safe status,Locked-workbook normalized regulatory term,LOCK-2026-08-11-R2 plus linked regulation evidence,N4 - preserve the source concept; normalize spelling to ASCII lowerCamelCase,Descriptive formula token in locked requirement; Locked workbook canonical variable,safe_status,Passed - transparent source normalization,Medium,Locked-workbook normalized regulatory term. The proposed name is traceable to LOCK-2026-08-11-R2 plus linked regulation evidence; aliases preserve the original notation.,IMO-062
VOC-0642,safetyFactorBladeLossYield,Safety factor blade loss yield,Benchmark-coined descriptive engineering term,Meaning decomposed from the linked verified regulatory clause,"N5 - component or subject first, followed by characteristic and qualifier/state; no unsupported external mapping",Descriptive formula token in locked requirement; Engineering decomposition of verified clause,safetyFactorBladeLossYield; safety_factor_blade_loss_yield,Passed - clause-anchored benchmark coinage,Medium,Benchmark-coined descriptive engineering term. The proposed name is traceable to Meaning decomposed from the linked verified regulatory clause; aliases preserve the original notation.,TRF-110
VOC-0643,safetyFactorFatigue,Safety factor fatigue,Benchmark-coined descriptive engineering term,Meaning decomposed from the linked verified regulatory clause,"N5 - component or subject first, followed by characteristic and qualifier/state; no unsupported external mapping",Descriptive formula token in locked requirement; Engineering decomposition of verified clause,safetyFactorFatigue; safety_factor_fatigue,Passed - clause-anchored benchmark coinage,Medium,Benchmark-coined descriptive engineering term. The proposed name is traceable to Meaning decomposed from the linked verified regulatory clause; aliases preserve the original notation.,TRF-110
VOC-0644,safetyManagementSystemImplemented,Safety management system implemented,Locked-workbook normalized regulatory term,LOCK-2026-08-11-R2 plus linked regulation evidence,N4 - preserve the source concept; normalize spelling to ASCII lowerCamelCase,Descriptive formula token in locked requirement; Locked workbook canonical variable,safety_management_system_implemented,Passed - transparent source normalization,Medium,Locked-workbook normalized regulatory term. The proposed name is traceable to LOCK-2026-08-11-R2 plus linked regulation evidence; aliases preserve the original notation.,IMO26-018
VOC-0645,scallopingPresent,Scalloping present,Benchmark-coined descriptive engineering term,Meaning decomposed from the linked verified regulatory clause,"N5 - component or subject first, followed by characteristic and qualifier/state; no unsupported external mapping",Engineering decomposition of verified clause,scallopingPresent,Passed - clause-anchored benchmark coinage,Medium,Benchmark-coined descriptive engineering term. The proposed name is traceable to Meaning decomposed from the linked verified regulatory clause; aliases preserve the original notation.,TRF-050
VOC-0646,scantlingApprovalStatus,Scantling approval status,Locked-workbook normalized regulatory term,LOCK-2026-08-11-R2 plus linked regulation evidence,N4 - preserve the source concept; normalize spelling to ASCII lowerCamelCase,Descriptive formula token in locked requirement; Locked workbook canonical variable,scantling_approval_status,Passed - transparent source normalization,Medium,Locked-workbook normalized regulatory term. The proposed name is traceable to LOCK-2026-08-11-R2 plus linked regulation evidence; aliases preserve the original notation.,IMO-032; IMO-049
VOC-0647,seaChestVolume,Sea chest volume,Unit-stripped normalized regulatory variable,Locked R2 variable plus linked regulation; verified QUDT URI only where populated,N3 - remove unit from the identifier and retain it in unit/quantity metadata,Locked workbook canonical variable,seaChestVolume_m3,Passed - unit separation verified,High,Unit-stripped normalized regulatory variable. The proposed name is traceable to Locked R2 variable plus linked regulation; verified QUDT URI only where populated; aliases preserve the original notation.,TRF-130
VOC-0648,seaIceConcentration,Sea ice concentration,Unit-stripped normalized regulatory variable,Locked R2 variable plus linked regulation; verified QUDT URI only where populated,N3 - remove unit from the identifier and retain it in unit/quantity metadata,Descriptive formula token in locked requirement; Locked workbook canonical variable,sea_ice_concentration_tenths,Passed - unit separation verified,Medium,Unit-stripped normalized regulatory variable. The proposed name is traceable to Locked R2 variable plus linked regulation; verified QUDT URI only where populated; aliases preserve the original notation.,IMO-007
VOC-0649,seaInletLocation,Sea inlet location,Verified exact implementation term,Haitham final SSP URI plus linked regulation: https://w3id.org/mtl-requirements/ssp#seaInletLocation,N1 - reuse only after exact URI and semantic-context verification,Descriptive formula token in locked requirement,sea_inlet_location,Passed - exact URI/local-name evidence,High,Verified exact implementation term. The proposed name is traceable to Haitham final SSP URI plus linked regulation: https://w3id.org/mtl-requirements/ssp#seaInletLocation; aliases preserve the original notation.,TRF-130
VOC-0650,searchAndRescueCommunicationCapability,Search and rescue communication capability,Benchmark-coined descriptive engineering term,Meaning decomposed from the linked verified regulatory clause,"N5 - component or subject first, followed by characteristic and qualifier/state; no unsupported external mapping",Descriptive formula token in locked requirement,SAR_communication_capability,Passed - clause-anchored benchmark coinage,Medium,Benchmark-coined descriptive engineering term. The proposed name is traceable to Meaning decomposed from the linked verified regulatory clause; aliases preserve the original notation.,IMO-095
VOC-0651,searchAndRescueCoordinationCommunicationPresent,Search and rescue coordination communication present,Locked-workbook normalized regulatory term,LOCK-2026-08-11-R2 plus linked regulation evidence,N4 - preserve the source concept; normalize spelling to ASCII lowerCamelCase,Descriptive formula token in locked requirement; Locked workbook canonical variable,SAR_coordination_communication_present,Passed - transparent source normalization,Medium,Locked-workbook normalized regulatory term. The proposed name is traceable to LOCK-2026-08-11-R2 plus linked regulation evidence; aliases preserve the original notation.,IMO-091
VOC-0652,searchlightCoverageArc,Searchlight coverage arc,Unit-stripped normalized regulatory variable,Locked R2 variable plus linked regulation; verified QUDT URI only where populated,N3 - remove unit from the identifier and retain it in unit/quantity metadata,Descriptive formula token in locked requirement; Locked workbook canonical variable,searchlight_coverage_arc_deg,Passed - unit separation verified,High,Unit-stripped normalized regulatory variable. The proposed name is traceable to Locked R2 variable plus linked regulation; verified QUDT URI only where populated; aliases preserve the original notation.,IMO-088
VOC-0653,seaSuctionIceClearingCapability,Sea suction ice clearing capability,Locked-workbook normalized regulatory term,LOCK-2026-08-11-R2 plus linked regulation evidence,N4 - preserve the source concept; normalize spelling to ASCII lowerCamelCase,Descriptive formula token in locked requirement; Locked workbook canonical variable,sea_suction_ice_clearing_capability,Passed - transparent source normalization,Medium,Locked-workbook normalized regulatory term. The proposed name is traceable to LOCK-2026-08-11-R2 plus linked regulation evidence; aliases preserve the original notation.,IMO-060
VOC-0654,sectionModulus,Section modulus,Locked-workbook normalized regulatory term,LOCK-2026-08-11-R2 plus linked regulation evidence,N4 - preserve the source concept; normalize spelling to ASCII lowerCamelCase,Locked workbook canonical variable,sectionModulusZ,Passed - transparent source normalization,Medium,Locked-workbook normalized regulatory term. The proposed name is traceable to LOCK-2026-08-11-R2 plus linked regulation evidence; aliases preserve the original notation.,I2-029; I2-030; TRF-034; TRF-044; TRF-048; TRF-053; TRF-054; TRF-055; TRF-059; TRF-060
VOC-0655,segregatedBallast,Segregated ballast,Benchmark-coined descriptive engineering term,Meaning decomposed from the linked verified regulatory clause,"N5 - component or subject first, followed by characteristic and qualifier/state; no unsupported external mapping",Descriptive formula token in locked requirement,segregated_ballast,Passed - clause-anchored benchmark coinage,Medium,Benchmark-coined descriptive engineering term. The proposed name is traceable to Meaning decomposed from the linked verified regulatory clause; aliases preserve the original notation.,IMO-106
VOC-0656,sensorIceProtectionPresent,Sensor ice protection present,Locked-workbook normalized regulatory term,LOCK-2026-08-11-R2 plus linked regulation evidence,N4 - preserve the source concept; normalize spelling to ASCII lowerCamelCase,Descriptive formula token in locked requirement; Locked workbook canonical variable,sensor_ice_protection_present,Passed - transparent source normalization,Medium,Locked-workbook normalized regulatory term. The proposed name is traceable to LOCK-2026-08-11-R2 plus linked regulation evidence; aliases preserve the original notation.,IMO-084; IMO26-010
VOC-0657,serviceLife,Service life,Benchmark-coined descriptive engineering term,Meaning decomposed from the linked verified regulatory clause,"N5 - component or subject first, followed by characteristic and qualifier/state; no unsupported external mapping",Engineering decomposition of verified clause,serviceLife,Passed - clause-anchored benchmark coinage,Medium,Benchmark-coined descriptive engineering term. The proposed name is traceable to Meaning decomposed from the linked verified regulatory clause; aliases preserve the original notation.,TRF-070
VOC-0658,serviceLifeLoadDistribution,Service life load distribution,Locked-workbook normalized regulatory term,LOCK-2026-08-11-R2 plus linked regulation evidence,N4 - preserve the source concept; normalize spelling to ASCII lowerCamelCase,Locked workbook canonical variable,serviceLifeLoadDistribution,Passed - transparent source normalization,Medium,Locked-workbook normalized regulatory term. The proposed name is traceable to LOCK-2026-08-11-R2 plus linked regulation evidence; aliases preserve the original notation.,TRF-106
VOC-0659,sewageDischargeOccurs,Sewage discharge occurs,Locked-workbook normalized regulatory term,LOCK-2026-08-11-R2 plus linked regulation evidence,N4 - preserve the source concept; normalize spelling to ASCII lowerCamelCase,Descriptive formula token in locked requirement; Locked workbook canonical variable,sewage_discharge_occurs,Passed - transparent source normalization,Medium,Locked-workbook normalized regulatory term. The proposed name is traceable to LOCK-2026-08-11-R2 plus linked regulation evidence; aliases preserve the original notation.,IMO-119
VOC-0660,sewageDischargeToSea,Sewage discharge to sea,Locked-workbook normalized regulatory term,LOCK-2026-08-11-R2 plus linked regulation evidence,N4 - preserve the source concept; normalize spelling to ASCII lowerCamelCase,Descriptive formula token in locked requirement; Locked workbook canonical variable,sewage_discharge_to_sea,Passed - transparent source normalization,Medium,Locked-workbook normalized regulatory term. The proposed name is traceable to LOCK-2026-08-11-R2 plus linked regulation evidence; aliases preserve the original notation.,IMO-118
VOC-0661,sewageDischargeType,Sewage discharge type,Locked-workbook normalized regulatory term,LOCK-2026-08-11-R2 plus linked regulation evidence,N4 - preserve the source concept; normalize spelling to ASCII lowerCamelCase,Descriptive formula token in locked requirement; Locked workbook canonical variable,sewage_discharge_type,Passed - transparent source normalization,Medium,Locked-workbook normalized regulatory term. The proposed name is traceable to LOCK-2026-08-11-R2 plus linked regulation evidence; aliases preserve the original notation.,IMO-115; IMO-116
VOC-0662,sewageDischargeUsesTreatmentPlant,Sewage discharge uses treatment plant,Locked-workbook normalized regulatory term,LOCK-2026-08-11-R2 plus linked regulation evidence,N4 - preserve the source concept; normalize spelling to ASCII lowerCamelCase,Descriptive formula token in locked requirement; Locked workbook canonical variable,sewage_discharge_uses_treatment_plant,Passed - transparent source normalization,Medium,Locked-workbook normalized regulatory term. The proposed name is traceable to LOCK-2026-08-11-R2 plus linked regulation evidence; aliases preserve the original notation.,IMO-117
VOC-0663,sewageTreatmentPlantApprovalStatus,Sewage treatment plant approval status,Locked-workbook normalized regulatory term,LOCK-2026-08-11-R2 plus linked regulation evidence,N4 - preserve the source concept; normalize spelling to ASCII lowerCamelCase,Descriptive formula token in locked requirement; Locked workbook canonical variable,sewage_treatment_plant_approval_status,Passed - transparent source normalization,Medium,Locked-workbook normalized regulatory term. The proposed name is traceable to LOCK-2026-08-11-R2 plus linked regulation evidence; aliases preserve the original notation.,IMO-117
VOC-0664,shaftComponent,Shaft component,Benchmark-coined descriptive engineering term,Meaning decomposed from the linked verified regulatory clause,"N5 - component or subject first, followed by characteristic and qualifier/state; no unsupported external mapping",Engineering decomposition of verified clause,shaftComponent,Passed - clause-anchored benchmark coinage,Medium,Benchmark-coined descriptive engineering term. The proposed name is traceable to Meaning decomposed from the linked verified regulatory clause; aliases preserve the original notation.,TRF-112
VOC-0665,shaftComponentDesignTorque,Shaft component design torque,Benchmark-coined descriptive engineering term,Meaning decomposed from the linked verified regulatory clause,"N5 - component or subject first, followed by characteristic and qualifier/state; no unsupported external mapping",Engineering decomposition of verified clause,shaftComponentDesignTorque,Passed - clause-anchored benchmark coinage,Medium,Benchmark-coined descriptive engineering term. The proposed name is traceable to Meaning decomposed from the linked verified regulatory clause; aliases preserve the original notation.,TRF-089
VOC-0666,shaftLineComponent,Shaft line component,Benchmark-coined descriptive engineering term,Meaning decomposed from the linked verified regulatory clause,"N5 - component or subject first, followed by characteristic and qualifier/state; no unsupported external mapping",Engineering decomposition of verified clause,shaftLineComponent,Passed - clause-anchored benchmark coinage,Medium,Benchmark-coined descriptive engineering term. The proposed name is traceable to Meaning decomposed from the linked verified regulatory clause; aliases preserve the original notation.,TRF-092
VOC-0667,shaftLineComponentDamage,Shaft line component damage,Benchmark-coined descriptive engineering term,Meaning decomposed from the linked verified regulatory clause,"N5 - component or subject first, followed by characteristic and qualifier/state; no unsupported external mapping",Engineering decomposition of verified clause,shaftLineComponentDamage,Passed - clause-anchored benchmark coinage,Medium,Benchmark-coined descriptive engineering term. The proposed name is traceable to Meaning decomposed from the linked verified regulatory clause; aliases preserve the original notation.,TRF-104
VOC-0668,shaftSpeed,Shaft speed,Benchmark-coined descriptive engineering term,Meaning decomposed from the linked verified regulatory clause,"N5 - component or subject first, followed by characteristic and qualifier/state; no unsupported external mapping",Engineering decomposition of verified clause,shaftSpeed,Passed - clause-anchored benchmark coinage,Medium,Benchmark-coined descriptive engineering term. The proposed name is traceable to Meaning decomposed from the linked verified regulatory clause; aliases preserve the original notation.,TRF-092
VOC-0669,shapeCoefficient,Shape coefficient,Benchmark-coined descriptive engineering term,Meaning decomposed from the linked verified regulatory clause,"N5 - component or subject first, followed by characteristic and qualifier/state; no unsupported external mapping",Engineering decomposition of verified clause,shapeCoefficient,Passed - clause-anchored benchmark coinage,Medium,Benchmark-coined descriptive engineering term. The proposed name is traceable to Meaning decomposed from the linked verified regulatory clause; aliases preserve the original notation.,I2-008; I2-011
VOC-0670,shearArea,Shear area,Locked-workbook normalized regulatory term,LOCK-2026-08-11-R2 plus linked regulation evidence,N4 - preserve the source concept; normalize spelling to ASCII lowerCamelCase,Locked workbook canonical variable,shearAreaA,Passed - transparent source normalization,Medium,Locked-workbook normalized regulatory term. The proposed name is traceable to LOCK-2026-08-11-R2 plus linked regulation evidence; aliases preserve the original notation.,I2-029; I2-032; I2-035; TRF-034; TRF-044; TRF-048; TRF-053; TRF-054; TRF-055; TRF-059; TRF-060
VOC-0671,shellIceStrengtheningExtent,Shell ice strengthening extent,Benchmark-coined descriptive engineering term,Meaning decomposed from the linked verified regulatory clause,"N5 - component or subject first, followed by characteristic and qualifier/state; no unsupported external mapping",Engineering decomposition of verified clause,shellIceStrengtheningExtent,Passed - clause-anchored benchmark coinage,Medium,Benchmark-coined descriptive engineering term. The proposed name is traceable to Meaning decomposed from the linked verified regulatory clause; aliases preserve the original notation.,TRF-063
VOC-0672,shellInclinationAngle,Shell inclination angle,Benchmark-coined descriptive engineering term,Meaning decomposed from the linked verified regulatory clause,"N5 - component or subject first, followed by characteristic and qualifier/state; no unsupported external mapping",Engineering decomposition of verified clause,shellInclinationAngle,Passed - clause-anchored benchmark coinage,Medium,Benchmark-coined descriptive engineering term. The proposed name is traceable to Meaning decomposed from the linked verified regulatory clause; aliases preserve the original notation.,I2-005
VOC-0673,shellPlateButtCrossing,Shell plate butt crossing,Benchmark-coined descriptive engineering term,Meaning decomposed from the linked verified regulatory clause,"N5 - component or subject first, followed by characteristic and qualifier/state; no unsupported external mapping",Engineering decomposition of verified clause,shellPlateButtCrossing,Passed - clause-anchored benchmark coinage,Medium,Benchmark-coined descriptive engineering term. The proposed name is traceable to Meaning decomposed from the linked verified regulatory clause; aliases preserve the original notation.,TRF-050
VOC-0674,shipAttachmentStiffness,Ship attachment stiffness,Benchmark-coined descriptive engineering term,Meaning decomposed from the linked verified regulatory clause,"N5 - component or subject first, followed by characteristic and qualifier/state; no unsupported external mapping",Engineering decomposition of verified clause,shipAttachmentStiffness,Passed - clause-anchored benchmark coinage,Medium,Benchmark-coined descriptive engineering term. The proposed name is traceable to Meaning decomposed from the linked verified regulatory clause; aliases preserve the original notation.,TRF-120
VOC-0675,shipBreadth,Ship breadth,Benchmark-coined descriptive engineering term,Meaning decomposed from the linked verified regulatory clause,"N5 - component or subject first, followed by characteristic and qualifier/state; no unsupported external mapping",Engineering decomposition of verified clause,shipBreadth,Passed - clause-anchored benchmark coinage,Medium,Benchmark-coined descriptive engineering term. The proposed name is traceable to Meaning decomposed from the linked verified regulatory clause; aliases preserve the original notation.,TRF-027; TRF-056
VOC-0676,shipCategory,Ship category,Locked-workbook normalized regulatory term,LOCK-2026-08-11-R2 plus linked regulation evidence,N4 - preserve the source concept; normalize spelling to ASCII lowerCamelCase,Descriptive formula token in locked requirement; Locked workbook canonical variable,ship_category,Passed - transparent source normalization,Medium,Locked-workbook normalized regulatory term. The proposed name is traceable to LOCK-2026-08-11-R2 plus linked regulation evidence; aliases preserve the original notation.,IMO-001; IMO-002; IMO-003; IMO-032; IMO-037; IMO-049; IMO-085; IMO-108; IMO-109; IMO-110; IMO-111; IMO-114; IMO-118; IMO-119; IMO26-011
VOC-0677,shipEnRoute,Ship en route,Locked-workbook normalized regulatory term,LOCK-2026-08-11-R2 plus linked regulation evidence,N4 - preserve the source concept; normalize spelling to ASCII lowerCamelCase,Descriptive formula token in locked requirement; Locked workbook canonical variable,ship_en_route,Passed - transparent source normalization,Medium,Locked-workbook normalized regulatory term. The proposed name is traceable to LOCK-2026-08-11-R2 plus linked regulation evidence; aliases preserve the original notation.,IMO-123
VOC-0678,shipExposedToIceAccretion,Ship exposed to ice accretion,Locked-workbook normalized regulatory term,LOCK-2026-08-11-R2 plus linked regulation evidence,N4 - preserve the source concept; normalize spelling to ASCII lowerCamelCase,Descriptive formula token in locked requirement; Locked workbook canonical variable,ship_exposed_to_ice_accretion,Passed - transparent source normalization,Medium,Locked-workbook normalized regulatory term. The proposed name is traceable to LOCK-2026-08-11-R2 plus linked regulation evidence; aliases preserve the original notation.,IMO-066
VOC-0679,shipIceStrengthened,Ship ice strengthened,Locked-workbook normalized regulatory term,LOCK-2026-08-11-R2 plus linked regulation evidence,N4 - preserve the source concept; normalize spelling to ASCII lowerCamelCase,Descriptive formula token in locked requirement; Locked workbook canonical variable,ship_ice_strengthened,Passed - transparent source normalization,Medium,Locked-workbook normalized regulatory term. The proposed name is traceable to LOCK-2026-08-11-R2 plus linked regulation evidence; aliases preserve the original notation.,IMO-028; IMO-032; IMO-049; IMO-081; IMO26-007
VOC-0680,shipLength,Ship length,Verified exact implementation term,Haitham final SSP URI plus linked regulation: https://w3id.org/mtl-requirements/ssp#shipLength,N1 - reuse only after exact URI and semantic-context verification,Engineering decomposition of verified clause,shipLength,Passed - exact URI/local-name evidence,High,Verified exact implementation term. The proposed name is traceable to Haitham final SSP URI plus linked regulation: https://w3id.org/mtl-requirements/ssp#shipLength; aliases preserve the original notation.,TRF-027
VOC-0681,shipOperatesInIceCoveredWaters,Ship operates in ice covered waters,Locked-workbook normalized regulatory term,LOCK-2026-08-11-R2 plus linked regulation evidence,N4 - preserve the source concept; normalize spelling to ASCII lowerCamelCase,Descriptive formula token in locked requirement; Locked workbook canonical variable,ship_operates_in_ice_covered_waters,Passed - transparent source normalization,Medium,Locked-workbook normalized regulatory term. The proposed name is traceable to LOCK-2026-08-11-R2 plus linked regulation evidence; aliases preserve the original notation.,IMO-068
VOC-0682,shipOperatesInLowAirTemperature,Ship operates in low air temperature,Locked-workbook normalized regulatory term,LOCK-2026-08-11-R2 plus linked regulation evidence,N4 - preserve the source concept; normalize spelling to ASCII lowerCamelCase,Descriptive formula token in locked requirement; Locked workbook canonical variable,ship_operates_in_low_air_temperature,Passed - transparent source normalization,Medium,Locked-workbook normalized regulatory term. The proposed name is traceable to LOCK-2026-08-11-R2 plus linked regulation evidence; aliases preserve the original notation.,IMO-013; IMO-019; IMO-020; IMO-046; IMO-097; IMO-098
VOC-0683,shipOperatesInPolarWaters,Ship operates in polar waters,Locked-workbook normalized regulatory term,LOCK-2026-08-11-R2 plus linked regulation evidence,N4 - preserve the source concept; normalize spelling to ASCII lowerCamelCase,Descriptive formula token in locked requirement; Locked workbook canonical variable,ship_operates_in_polar_waters,Passed - transparent source normalization,Medium,Locked-workbook normalized regulatory term. The proposed name is traceable to LOCK-2026-08-11-R2 plus linked regulation evidence; aliases preserve the original notation.,IMO-107; IMO-113; IMO-125; IMO26-016
VOC-0684,shipPerformanceExperienceEvidence,Ship performance experience evidence,Benchmark-coined descriptive engineering term,Meaning decomposed from the linked verified regulatory clause,"N5 - component or subject first, followed by characteristic and qualifier/state; no unsupported external mapping",Engineering decomposition of verified clause,shipPerformanceExperienceEvidence,Passed - clause-anchored benchmark coinage,Medium,Benchmark-coined descriptive engineering term. The proposed name is traceable to Meaning decomposed from the linked verified regulatory clause; aliases preserve the original notation.,TRF-028
VOC-0685,shipProvidesIcebreakingEscort,Ship provides icebreaking escort,Locked-workbook normalized regulatory term,LOCK-2026-08-11-R2 plus linked regulation evidence,N4 - preserve the source concept; normalize spelling to ASCII lowerCamelCase,Descriptive formula token in locked requirement; Locked workbook canonical variable,ship_provides_icebreaking_escort,Passed - transparent source normalization,Medium,Locked-workbook normalized regulatory term. The proposed name is traceable to LOCK-2026-08-11-R2 plus linked regulation evidence; aliases preserve the original notation.,IMO-094
VOC-0686,shipSideDeflection,Ship side deflection,Benchmark-coined descriptive engineering term,Meaning decomposed from the linked verified regulatory clause,"N5 - component or subject first, followed by characteristic and qualifier/state; no unsupported external mapping",Engineering decomposition of verified clause,shipSideDeflection,Passed - clause-anchored benchmark coinage,Medium,Benchmark-coined descriptive engineering term. The proposed name is traceable to Meaning decomposed from the linked verified regulatory clause; aliases preserve the original notation.,TRF-056
VOC-0687,shipToShipCommunicationAvailable,Ship to ship communication available,Locked-workbook normalized regulatory term,LOCK-2026-08-11-R2 plus linked regulation evidence,N4 - preserve the source concept; normalize spelling to ASCII lowerCamelCase,Descriptive formula token in locked requirement; Locked workbook canonical variable,ship_to_ship_communication_available,Passed - transparent source normalization,Medium,Locked-workbook normalized regulatory term. The proposed name is traceable to LOCK-2026-08-11-R2 plus linked regulation evidence; aliases preserve the original notation.,IMO-090
VOC-0688,shipToShoreCommunicationAvailable,Ship to shore communication available,Locked-workbook normalized regulatory term,LOCK-2026-08-11-R2 plus linked regulation evidence,N4 - preserve the source concept; normalize spelling to ASCII lowerCamelCase,Descriptive formula token in locked requirement; Locked workbook canonical variable,ship_to_shore_communication_available,Passed - transparent source normalization,Medium,Locked-workbook normalized regulatory term. The proposed name is traceable to LOCK-2026-08-11-R2 plus linked regulation evidence; aliases preserve the original notation.,IMO-090
VOC-0689,shipType,Ship type,Locked-workbook normalized regulatory term,LOCK-2026-08-11-R2 plus linked regulation evidence,N4 - preserve the source concept; normalize spelling to ASCII lowerCamelCase,Descriptive formula token in locked requirement; Locked workbook canonical variable,ship_type,Passed - transparent source normalization,Medium,Locked-workbook normalized regulatory term. The proposed name is traceable to LOCK-2026-08-11-R2 plus linked regulation evidence; aliases preserve the original notation.,IMO-070; IMO-102; IMO-109; IMO-110; IMO-118; IMO26-002; IMO26-016
VOC-0690,sideIcingAllowance,Side icing allowance,Unit-stripped normalized regulatory variable,Locked R2 variable plus linked regulation; verified QUDT URI only where populated,N3 - remove unit from the identifier and retain it in unit/quantity metadata,Descriptive formula token in locked requirement; Locked workbook canonical variable,side_icing_allowance_kg_m2,Passed - unit separation verified,High,Unit-stripped normalized regulatory variable. The proposed name is traceable to Locked R2 variable plus linked regulation; verified QUDT URI only where populated; aliases preserve the original notation.,IMO-033
VOC-0691,sidePropeller,Side propeller,Benchmark-coined descriptive engineering term,Meaning decomposed from the linked verified regulatory clause,"N5 - component or subject first, followed by characteristic and qualifier/state; no unsupported external mapping",Engineering decomposition of verified clause,sidePropeller,Passed - clause-anchored benchmark coinage,Medium,Benchmark-coined descriptive engineering term. The proposed name is traceable to Meaning decomposed from the linked verified regulatory clause; aliases preserve the original notation.,TRF-063
VOC-0692,sidePropellerShafting,Side propeller shafting,Benchmark-coined descriptive engineering term,Meaning decomposed from the linked verified regulatory clause,"N5 - component or subject first, followed by characteristic and qualifier/state; no unsupported external mapping",Engineering decomposition of verified clause,sidePropellerShafting,Passed - clause-anchored benchmark coinage,Medium,Benchmark-coined descriptive engineering term. The proposed name is traceable to Meaning decomposed from the linked verified regulatory clause; aliases preserve the original notation.,TRF-064
VOC-0693,sidescuttleInIceBelt,Sidescuttle in ice belt,Benchmark-coined descriptive engineering term,Meaning decomposed from the linked verified regulatory clause,"N5 - component or subject first, followed by characteristic and qualifier/state; no unsupported external mapping",Descriptive formula token in locked requirement,sidescuttle_in_ice_belt,Passed - clause-anchored benchmark coinage,Medium,Benchmark-coined descriptive engineering term. The proposed name is traceable to Meaning decomposed from the linked verified regulatory clause; aliases preserve the original notation.,TRF-040
VOC-0694,sizeCompatibilityStatus,Size compatibility status,Locked-workbook normalized regulatory term,LOCK-2026-08-11-R2 plus linked regulation evidence,N4 - preserve the source concept; normalize spelling to ASCII lowerCamelCase,Locked workbook canonical variable,size_compatibility_status,Passed - transparent source normalization,Medium,Locked-workbook normalized regulatory term. The proposed name is traceable to LOCK-2026-08-11-R2 plus linked regulation evidence; aliases preserve the original notation.,IMO-070
VOC-0695,sNcurveType,S ncurve type,Locked-workbook normalized regulatory term,LOCK-2026-08-11-R2 plus linked regulation evidence,N4 - preserve the source concept; normalize spelling to ASCII lowerCamelCase,Engineering decomposition of verified clause; Locked workbook canonical variable,snCurveType; SNcurveType,Passed - transparent source normalization,Medium,Locked-workbook normalized regulatory term. The proposed name is traceable to LOCK-2026-08-11-R2 plus linked regulation evidence; aliases preserve the original notation.,TRF-106; TRF-108
VOC-0696,solasCertificateSchedule,SOLAS certificate schedule,Locked-workbook normalized regulatory term,LOCK-2026-08-11-R2 plus linked regulation evidence,N4 - preserve the source concept; normalize spelling to ASCII lowerCamelCase,Locked workbook canonical variable,solas_certificate_schedule,Passed - transparent source normalization,Medium,Locked-workbook normalized regulatory term. The proposed name is traceable to LOCK-2026-08-11-R2 plus linked regulation evidence; aliases preserve the original notation.,IMO-017
VOC-0697,solasChapterICertified,SOLAS chapter i certified,Locked-workbook normalized regulatory term,LOCK-2026-08-11-R2 plus linked regulation evidence,N4 - preserve the source concept; normalize spelling to ASCII lowerCamelCase,Descriptive formula token in locked requirement; Locked workbook canonical variable,SOLAS_chapter_I_certified,Passed - transparent source normalization,Medium,Locked-workbook normalized regulatory term. The proposed name is traceable to LOCK-2026-08-11-R2 plus linked regulation evidence; aliases preserve the original notation.,IMO26-001; IMO26-015
VOC-0698,solasRegulationV22Point1Point9Point4ComplianceStatus,SOLAS regulation V/22.1.9.4 compliance status,Explicit regulation-reference transcription,Governing-instrument reference in the locked variable and linked regulation,N6 - spell separators as Point or Dash and identify the governing instrument,Descriptive formula token in locked requirement; Locked workbook canonical variable,SOLAS_V_22_1_9_4_compliance_status,Passed - unambiguous regulation reference,High,Explicit regulation-reference transcription. The proposed name is traceable to Governing-instrument reference in the locked variable and linked regulation; aliases preserve the original notation.,IMO-082; IMO26-008
VOC-0699,solely24HourDaylightOperation,Solely24 hour daylight operation,Locked-workbook normalized regulatory term,LOCK-2026-08-11-R2 plus linked regulation evidence,N4 - preserve the source concept; normalize spelling to ASCII lowerCamelCase,Descriptive formula token in locked requirement; Locked workbook canonical variable,solely_24_hour_daylight_operation,Passed - transparent source normalization,Medium,Locked-workbook normalized regulatory term. The proposed name is traceable to LOCK-2026-08-11-R2 plus linked regulation evidence; aliases preserve the original notation.,IMO-088; IMO26-014
VOC-0700,spacing,Spacing,Unit-stripped normalized regulatory variable,Locked R2 variable plus linked regulation; verified QUDT URI only where populated,N3 - remove unit from the identifier and retain it in unit/quantity metadata,Locked workbook canonical variable,spacing,Passed - unit separation verified,High,Unit-stripped normalized regulatory variable. The proposed name is traceable to Locked R2 variable plus linked regulation; verified QUDT URI only where populated; aliases preserve the original notation.,TRF-030; TRF-040; TRF-061
VOC-0701,span,Span,Unit-stripped normalized regulatory variable,Locked R2 variable plus linked regulation; verified QUDT URI only where populated,N3 - remove unit from the identifier and retain it in unit/quantity metadata,Locked workbook canonical variable,span,Passed - unit separation verified,High,Unit-stripped normalized regulatory variable. The proposed name is traceable to Locked R2 variable plus linked regulation; verified QUDT URI only where populated; aliases preserve the original notation.,I2-032; TRF-030; TRF-045
VOC-0702,specimenDiameter,Specimen diameter,Benchmark-coined descriptive engineering term,Meaning decomposed from the linked verified regulatory clause,"N5 - component or subject first, followed by characteristic and qualifier/state; no unsupported external mapping",Descriptive formula token in locked requirement,specimen_diameter,Passed - clause-anchored benchmark coinage,Medium,Benchmark-coined descriptive engineering term. The proposed name is traceable to Meaning decomposed from the linked verified regulatory clause; aliases preserve the original notation.,TRF-072
VOC-0703,stabilityCalculationIcingAllowanceValues,Stability calculation icing allowance values,Locked-workbook normalized regulatory term,LOCK-2026-08-11-R2 plus linked regulation evidence,N4 - preserve the source concept; normalize spelling to ASCII lowerCamelCase,Locked workbook canonical variable,stability_calculation_icing_allowance_values,Passed - transparent source normalization,Medium,Locked-workbook normalized regulatory term. The proposed name is traceable to LOCK-2026-08-11-R2 plus linked regulation evidence; aliases preserve the original notation.,IMO-035
VOC-0704,stallingAnalysisPurpose,Stalling analysis purpose,Benchmark-coined descriptive engineering term,Meaning decomposed from the linked verified regulatory clause,"N5 - component or subject first, followed by characteristic and qualifier/state; no unsupported external mapping",Engineering decomposition of verified clause,stallingAnalysisPurpose,Passed - clause-anchored benchmark coinage,Medium,Benchmark-coined descriptive engineering term. The proposed name is traceable to Meaning decomposed from the linked verified regulatory clause; aliases preserve the original notation.,TRF-091
VOC-0705,stcwCodeSectionAIi2ComplianceStatus,STCW Code section A-II/2 compliance status,Locked-workbook normalized regulatory term,LOCK-2026-08-11-R2 plus linked regulation evidence,N4 - preserve the source concept; normalize spelling to ASCII lowerCamelCase,Locked workbook canonical variable,STCW_A_II_2_status,Passed - transparent source normalization,Medium,Locked-workbook normalized regulatory term. The proposed name is traceable to LOCK-2026-08-11-R2 plus linked regulation evidence; aliases preserve the original notation.,IMO-103
VOC-0706,stcwConventionRegulationIi2ComplianceStatus,STCW Convention regulation II/2 compliance status,Locked-workbook normalized regulatory term,LOCK-2026-08-11-R2 plus linked regulation evidence,N4 - preserve the source concept; normalize spelling to ASCII lowerCamelCase,Locked workbook canonical variable,STCW_II_2_status,Passed - transparent source normalization,Medium,Locked-workbook normalized regulatory term. The proposed name is traceable to LOCK-2026-08-11-R2 plus linked regulation evidence; aliases preserve the original notation.,IMO-103
VOC-0707,stcwQualificationStatus,STCW qualification status,Locked-workbook normalized regulatory term,LOCK-2026-08-11-R2 plus linked regulation evidence,N4 - preserve the source concept; normalize spelling to ASCII lowerCamelCase,Locked workbook canonical variable,STCW_qualification_status,Passed - transparent source normalization,Medium,Locked-workbook normalized regulatory term. The proposed name is traceable to LOCK-2026-08-11-R2 plus linked regulation evidence; aliases preserve the original notation.,IMO-102
VOC-0708,steadyStateHarmonic,Steady state harmonic,Benchmark-coined descriptive engineering term,Meaning decomposed from the linked verified regulatory clause,"N5 - component or subject first, followed by characteristic and qualifier/state; no unsupported external mapping",Engineering decomposition of verified clause,steadyStateHarmonic,Passed - clause-anchored benchmark coinage,Medium,Benchmark-coined descriptive engineering term. The proposed name is traceable to Meaning decomposed from the linked verified regulatory clause; aliases preserve the original notation.,TRF-093
VOC-0709,steelGrade,Steel grade,Benchmark-coined descriptive engineering term,Meaning decomposed from the linked verified regulatory clause,"N5 - component or subject first, followed by characteristic and qualifier/state; no unsupported external mapping",Engineering decomposition of verified clause,steelGrade,Passed - clause-anchored benchmark coinage,Medium,Benchmark-coined descriptive engineering term. The proposed name is traceable to Meaning decomposed from the linked verified regulatory clause; aliases preserve the original notation.,I2-048
VOC-0710,steelRenewalRequired,Steel renewal required,Benchmark-coined descriptive engineering term,Meaning decomposed from the linked verified regulatory clause,"N5 - component or subject first, followed by characteristic and qualifier/state; no unsupported external mapping",Engineering decomposition of verified clause,steelRenewalRequired,Passed - clause-anchored benchmark coinage,Medium,Benchmark-coined descriptive engineering term. The proposed name is traceable to Meaning decomposed from the linked verified regulatory clause; aliases preserve the original notation.,I2-047
VOC-0711,steeringMechanism,Steering mechanism,Benchmark-coined descriptive engineering term,Meaning decomposed from the linked verified regulatory clause,"N5 - component or subject first, followed by characteristic and qualifier/state; no unsupported external mapping",Engineering decomposition of verified clause,steeringMechanism,Passed - clause-anchored benchmark coinage,Medium,Benchmark-coined descriptive engineering term. The proposed name is traceable to Meaning decomposed from the linked verified regulatory clause; aliases preserve the original notation.,TRF-113
VOC-0712,stemAngle,Stem angle,Regulatory symbol expanded from a directly verified definition,Directly inspected regulation PDF and linked locked requirement,N2 - replace formula symbol with its clause-defined engineering meaning; preserve symbol as alias,Descriptive formula token in locked requirement,gamma_stem,Passed - source-defined expansion,High,Regulatory symbol expanded from a directly verified definition. The proposed name is traceable to Directly inspected regulation PDF and linked locked requirement; aliases preserve the original notation.,I2-050; I2-054
VOC-0713,sternFrame,Stern frame,Benchmark-coined descriptive engineering term,Meaning decomposed from the linked verified regulatory clause,"N5 - component or subject first, followed by characteristic and qualifier/state; no unsupported external mapping",Engineering decomposition of verified clause,sternFrame,Passed - clause-anchored benchmark coinage,Medium,Benchmark-coined descriptive engineering term. The proposed name is traceable to Meaning decomposed from the linked verified regulatory clause; aliases preserve the original notation.,TRF-062
VOC-0714,sternTube,Stern tube,Benchmark-coined descriptive engineering term,Meaning decomposed from the linked verified regulatory clause,"N5 - component or subject first, followed by characteristic and qualifier/state; no unsupported external mapping",Engineering decomposition of verified clause,sternTube,Passed - clause-anchored benchmark coinage,Medium,Benchmark-coined descriptive engineering term. The proposed name is traceable to Meaning decomposed from the linked verified regulatory clause; aliases preserve the original notation.,TRF-064
VOC-0715,stoppedLightPresent,Stopped light present,Locked-workbook normalized regulatory term,LOCK-2026-08-11-R2 plus linked regulation evidence,N4 - preserve the source concept; normalize spelling to ASCII lowerCamelCase,Locked workbook canonical variable,stopped_light_present,Passed - transparent source normalization,Medium,Locked-workbook normalized regulatory term. The proposed name is traceable to LOCK-2026-08-11-R2 plus linked regulation evidence; aliases preserve the original notation.,IMO-089
VOC-0716,storageAccessibilityStatus,Storage accessibility status,Locked-workbook normalized regulatory term,LOCK-2026-08-11-R2 plus linked regulation evidence,N4 - preserve the source concept; normalize spelling to ASCII lowerCamelCase,Descriptive formula token in locked requirement; Locked workbook canonical variable,storage_accessibility_status,Passed - transparent source normalization,Medium,Locked-workbook normalized regulatory term. The proposed name is traceable to LOCK-2026-08-11-R2 plus linked regulation evidence; aliases preserve the original notation.,IMO-075
VOC-0717,storageDistanceToMusterOrEmbarkation,Storage distance to muster or embarkation,Locked-workbook normalized regulatory term,LOCK-2026-08-11-R2 plus linked regulation evidence,N4 - preserve the source concept; normalize spelling to ASCII lowerCamelCase,Locked workbook canonical variable,storage_distance_to_muster_or_embarkation,Passed - transparent source normalization,Medium,Locked-workbook normalized regulatory term. The proposed name is traceable to LOCK-2026-08-11-R2 plus linked regulation evidence; aliases preserve the original notation.,IMO-075
VOC-0718,storageLocation,Storage location,Locked-workbook normalized regulatory term,LOCK-2026-08-11-R2 plus linked regulation evidence,N4 - preserve the source concept; normalize spelling to ASCII lowerCamelCase,Locked workbook canonical variable,storage_location,Passed - transparent source normalization,Medium,Locked-workbook normalized regulatory term. The proposed name is traceable to LOCK-2026-08-11-R2 plus linked regulation evidence; aliases preserve the original notation.,IMO-059
VOC-0719,storageLocationSubjectToFreezing,Storage location subject to freezing,Locked-workbook normalized regulatory term,LOCK-2026-08-11-R2 plus linked regulation evidence,N4 - preserve the source concept; normalize spelling to ASCII lowerCamelCase,Descriptive formula token in locked requirement; Locked workbook canonical variable,storage_location_subject_to_freezing,Passed - transparent source normalization,Medium,Locked-workbook normalized regulatory term. The proposed name is traceable to LOCK-2026-08-11-R2 plus linked regulation evidence; aliases preserve the original notation.,IMO-061
VOC-0720,storageLocationTemperatureClass,Storage location temperature class,Locked-workbook normalized regulatory term,LOCK-2026-08-11-R2 plus linked regulation evidence,N4 - preserve the source concept; normalize spelling to ASCII lowerCamelCase,Locked workbook canonical variable,storage_location_temperature_class,Passed - transparent source normalization,Medium,Locked-workbook normalized regulatory term. The proposed name is traceable to LOCK-2026-08-11-R2 plus linked regulation evidence; aliases preserve the original notation.,IMO-059
VOC-0721,strainerOpenArea,Strainer open area,Unit-stripped normalized regulatory variable,Locked R2 variable plus linked regulation; verified QUDT URI only where populated,N3 - remove unit from the identifier and retain it in unit/quantity metadata,Descriptive formula token in locked requirement,strainer_open_area_m2,Passed - unit separation verified,High,Unit-stripped normalized regulatory variable. The proposed name is traceable to Locked R2 variable plus linked regulation; verified QUDT URI only where populated; aliases preserve the original notation.,TRF-130
VOC-0722,strainerOpenAreaRatio,Strainer open area ratio,Locked-workbook normalized regulatory term,LOCK-2026-08-11-R2 plus linked regulation evidence,N4 - preserve the source concept; normalize spelling to ASCII lowerCamelCase,Locked workbook canonical variable,strainerOpenAreaRatio,Passed - transparent source normalization,Medium,Locked-workbook normalized regulatory term. The proposed name is traceable to LOCK-2026-08-11-R2 plus linked regulation evidence; aliases preserve the original notation.,TRF-130
VOC-0723,strengthContinuityStatus,Strength continuity status,Benchmark-coined descriptive engineering term,Meaning decomposed from the linked verified regulatory clause,"N5 - component or subject first, followed by characteristic and qualifier/state; no unsupported external mapping",Engineering decomposition of verified clause,strengthContinuityStatus,Passed - clause-anchored benchmark coinage,Medium,Benchmark-coined descriptive engineering term. The proposed name is traceable to Meaning decomposed from the linked verified regulatory clause; aliases preserve the original notation.,I2-067
VOC-0724,strengthCriterionStatus,Strength criterion status,Benchmark-coined descriptive engineering term,Meaning decomposed from the linked verified regulatory clause,"N5 - component or subject first, followed by characteristic and qualifier/state; no unsupported external mapping",Engineering decomposition of verified clause,strengthCriterionStatus,Passed - clause-anchored benchmark coinage,Medium,Benchmark-coined descriptive engineering term. The proposed name is traceable to Meaning decomposed from the linked verified regulatory clause; aliases preserve the original notation.,I2-055
VOC-0725,stressMeasure,Stress measure,Locked-workbook normalized regulatory term,LOCK-2026-08-11-R2 plus linked regulation evidence,N4 - preserve the source concept; normalize spelling to ASCII lowerCamelCase,Descriptive formula token in locked requirement; Locked workbook canonical variable,stressMeasure; stress_measure,Passed - transparent source normalization,Medium,Locked-workbook normalized regulatory term. The proposed name is traceable to LOCK-2026-08-11-R2 plus linked regulation evidence; aliases preserve the original notation.,TRF-106
VOC-0726,stringerOutsideIceBeltHeight,Stringer outside ice belt height,Benchmark-coined descriptive engineering term,Meaning decomposed from the linked verified regulatory clause,"N5 - component or subject first, followed by characteristic and qualifier/state; no unsupported external mapping",Engineering decomposition of verified clause,stringerOutsideIceBeltHeight,Passed - clause-anchored benchmark coinage,Medium,Benchmark-coined descriptive engineering term. The proposed name is traceable to Meaning decomposed from the linked verified regulatory clause; aliases preserve the original notation.,TRF-058
VOC-0727,stringerSpan,Stringer span,Verified exact implementation term,Haitham final SSP URI plus linked regulation: https://w3id.org/mtl-requirements/ssp#stringerSpan,N1 - reuse only after exact URI and semantic-context verification,Engineering decomposition of verified clause,stringerSpan,Passed - exact URI/local-name evidence,High,Verified exact implementation term. The proposed name is traceable to Haitham final SSP URI plus linked regulation: https://w3id.org/mtl-requirements/ssp#stringerSpan; aliases preserve the original notation.,TRF-058
VOC-0728,structuralArrangement,Structural arrangement,Benchmark-coined descriptive engineering term,Meaning decomposed from the linked verified regulatory clause,"N5 - component or subject first, followed by characteristic and qualifier/state; no unsupported external mapping",Engineering decomposition of verified clause,structuralArrangement,Passed - clause-anchored benchmark coinage,Medium,Benchmark-coined descriptive engineering term. The proposed name is traceable to Meaning decomposed from the linked verified regulatory clause; aliases preserve the original notation.,TRF-029
VOC-0729,structuralConnection,Structural connection,Benchmark-coined descriptive engineering term,Meaning decomposed from the linked verified regulatory clause,"N5 - component or subject first, followed by characteristic and qualifier/state; no unsupported external mapping",Engineering decomposition of verified clause,structuralConnection,Passed - clause-anchored benchmark coinage,Medium,Benchmark-coined descriptive engineering term. The proposed name is traceable to Meaning decomposed from the linked verified regulatory clause; aliases preserve the original notation.,I2-067
VOC-0730,structuralMember,Structural member,Benchmark-coined descriptive engineering term,Meaning decomposed from the linked verified regulatory clause,"N5 - component or subject first, followed by characteristic and qualifier/state; no unsupported external mapping",Engineering decomposition of verified clause,structuralMember,Passed - clause-anchored benchmark coinage,Medium,Benchmark-coined descriptive engineering term. The proposed name is traceable to Meaning decomposed from the linked verified regulatory clause; aliases preserve the original notation.,I2-019; I2-060
VOC-0731,structuralStiffening,Structural stiffening,Benchmark-coined descriptive engineering term,Meaning decomposed from the linked verified regulatory clause,"N5 - component or subject first, followed by characteristic and qualifier/state; no unsupported external mapping",Engineering decomposition of verified clause,structuralStiffening,Passed - clause-anchored benchmark coinage,Medium,Benchmark-coined descriptive engineering term. The proposed name is traceable to Meaning decomposed from the linked verified regulatory clause; aliases preserve the original notation.,I2-060
VOC-0732,strutDesignEvidence,Strut design evidence,Benchmark-coined descriptive engineering term,Meaning decomposed from the linked verified regulatory clause,"N5 - component or subject first, followed by characteristic and qualifier/state; no unsupported external mapping",Engineering decomposition of verified clause,strutDesignEvidence,Passed - clause-anchored benchmark coinage,Medium,Benchmark-coined descriptive engineering term. The proposed name is traceable to Meaning decomposed from the linked verified regulatory clause; aliases preserve the original notation.,TRF-064
VOC-0733,strutHullAttachmentEvidence,Strut hull attachment evidence,Benchmark-coined descriptive engineering term,Meaning decomposed from the linked verified regulatory clause,"N5 - component or subject first, followed by characteristic and qualifier/state; no unsupported external mapping",Engineering decomposition of verified clause,strutHullAttachmentEvidence,Passed - clause-anchored benchmark coinage,Medium,Benchmark-coined descriptive engineering term. The proposed name is traceable to Meaning decomposed from the linked verified regulatory clause; aliases preserve the original notation.,TRF-064
VOC-0734,strutStrengthEvidence,Strut strength evidence,Benchmark-coined descriptive engineering term,Meaning decomposed from the linked verified regulatory clause,"N5 - component or subject first, followed by characteristic and qualifier/state; no unsupported external mapping",Engineering decomposition of verified clause,strutStrengthEvidence,Passed - clause-anchored benchmark coinage,Medium,Benchmark-coined descriptive engineering term. The proposed name is traceable to Meaning decomposed from the linked verified regulatory clause; aliases preserve the original notation.,TRF-064
VOC-0735,substituteArrangementStatus,Substitute arrangement status,Benchmark-coined descriptive engineering term,Meaning decomposed from the linked verified regulatory clause,"N5 - component or subject first, followed by characteristic and qualifier/state; no unsupported external mapping",Engineering decomposition of verified clause,substituteArrangementStatus,Passed - clause-anchored benchmark coinage,Medium,Benchmark-coined descriptive engineering term. The proposed name is traceable to Meaning decomposed from the linked verified regulatory clause; aliases preserve the original notation.,TRF-131
VOC-0736,supportFixity,Support fixity,Benchmark-coined descriptive engineering term,Meaning decomposed from the linked verified regulatory clause,"N5 - component or subject first, followed by characteristic and qualifier/state; no unsupported external mapping",Engineering decomposition of verified clause,supportFixity,Passed - clause-anchored benchmark coinage,Medium,Benchmark-coined descriptive engineering term. The proposed name is traceable to Meaning decomposed from the linked verified regulatory clause; aliases preserve the original notation.,I2-026
VOC-0737,supportingStructure,Supporting structure,Benchmark-coined descriptive engineering term,Meaning decomposed from the linked verified regulatory clause,"N5 - component or subject first, followed by characteristic and qualifier/state; no unsupported external mapping",Engineering decomposition of verified clause,supportingStructure,Passed - clause-anchored benchmark coinage,Medium,Benchmark-coined descriptive engineering term. The proposed name is traceable to Meaning decomposed from the linked verified regulatory clause; aliases preserve the original notation.,TRF-046; TRF-047; TRF-049
VOC-0738,surveyComplianceStatus,Survey compliance status,Locked-workbook normalized regulatory term,LOCK-2026-08-11-R2 plus linked regulation evidence,N4 - preserve the source concept; normalize spelling to ASCII lowerCamelCase,Descriptive formula token in locked requirement; Locked workbook canonical variable,survey_compliance_status,Passed - transparent source normalization,Medium,Locked-workbook normalized regulatory term. The proposed name is traceable to LOCK-2026-08-11-R2 plus linked regulation evidence; aliases preserve the original notation.,IMO-015
VOC-0739,surveyDates,Survey dates,Locked-workbook normalized regulatory term,LOCK-2026-08-11-R2 plus linked regulation evidence,N4 - preserve the source concept; normalize spelling to ASCII lowerCamelCase,Locked workbook canonical variable,survey_dates,Passed - transparent source normalization,Medium,Locked-workbook normalized regulatory term. The proposed name is traceable to LOCK-2026-08-11-R2 plus linked regulation evidence; aliases preserve the original notation.,IMO-017
VOC-0740,survivalCraftAvailableCapacity,Survival craft available capacity,Locked-workbook normalized regulatory term,LOCK-2026-08-11-R2 plus linked regulation evidence,N4 - preserve the source concept; normalize spelling to ASCII lowerCamelCase,Descriptive formula token in locked requirement; Locked workbook canonical variable,survival_craft_available_capacity,Passed - transparent source normalization,Medium,Locked-workbook normalized regulatory term. The proposed name is traceable to LOCK-2026-08-11-R2 plus linked regulation evidence; aliases preserve the original notation.,IMO-077
VOC-0741,survivalCraftCommunicationDevice,Survival craft communication device,Locked-workbook normalized regulatory term,LOCK-2026-08-11-R2 plus linked regulation evidence,N4 - preserve the source concept; normalize spelling to ASCII lowerCamelCase,Locked workbook canonical variable,survival_craft_communication_device,Passed - transparent source normalization,Medium,Locked-workbook normalized regulatory term. The proposed name is traceable to LOCK-2026-08-11-R2 plus linked regulation evidence; aliases preserve the original notation.,IMO-093
VOC-0742,survivalEquipmentDeploymentApprovalStatus,Survival equipment deployment approval status,Locked-workbook normalized regulatory term,LOCK-2026-08-11-R2 plus linked regulation evidence,N4 - preserve the source concept; normalize spelling to ASCII lowerCamelCase,Descriptive formula token in locked requirement; Locked workbook canonical variable,survival_equipment_deployment_approval_status,Passed - transparent source normalization,Medium,Locked-workbook normalized regulatory term. The proposed name is traceable to LOCK-2026-08-11-R2 plus linked regulation evidence; aliases preserve the original notation.,IMO-068
VOC-0743,survivalSupportDuration,Survival support duration,Unit-stripped normalized regulatory variable,Locked R2 variable plus linked regulation; verified QUDT URI only where populated,N3 - remove unit from the identifier and retain it in unit/quantity metadata,Locked workbook canonical variable,survival_support_duration_days,Passed - unit separation verified,High,Unit-stripped normalized regulatory variable. The proposed name is traceable to Locked R2 variable plus linked regulation; verified QUDT URI only where populated; aliases preserve the original notation.,IMO-065
VOC-0744,survivalSystemTestStatus,Survival system test status,Locked-workbook normalized regulatory term,LOCK-2026-08-11-R2 plus linked regulation evidence,N4 - preserve the source concept; normalize spelling to ASCII lowerCamelCase,Descriptive formula token in locked requirement; Locked workbook canonical variable,survival_system_test_status,Passed - transparent source normalization,Medium,Locked-workbook normalized regulatory term. The proposed name is traceable to LOCK-2026-08-11-R2 plus linked regulation evidence; aliases preserve the original notation.,IMO-020
VOC-0745,survivalSystemTestTemperature,Survival system test temperature,Unit-stripped normalized regulatory variable,Locked R2 variable plus linked regulation; verified QUDT URI only where populated,N3 - remove unit from the identifier and retain it in unit/quantity metadata,Descriptive formula token in locked requirement; Locked workbook canonical variable,survival_system_test_temperature_degC,Passed - unit separation verified,High,Unit-stripped normalized regulatory variable. The proposed name is traceable to Locked R2 variable plus linked regulation; verified QUDT URI only where populated; aliases preserve the original notation.,IMO-020
VOC-0746,sustenanceMeansPresent,Sustenance means present,Locked-workbook normalized regulatory term,LOCK-2026-08-11-R2 plus linked regulation evidence,N4 - preserve the source concept; normalize spelling to ASCII lowerCamelCase,Locked workbook canonical variable,sustenance_means_present,Passed - transparent source normalization,Medium,Locked-workbook normalized regulatory term. The proposed name is traceable to LOCK-2026-08-11-R2 plus linked regulation evidence; aliases preserve the original notation.,IMO-065
VOC-0747,tableFallbackValue,Table fallback value,Benchmark-coined descriptive engineering term,Meaning decomposed from the linked verified regulatory clause,"N5 - component or subject first, followed by characteristic and qualifier/state; no unsupported external mapping",Engineering decomposition of verified clause,tableFallbackValue,Passed - clause-anchored benchmark coinage,Medium,Benchmark-coined descriptive engineering term. The proposed name is traceable to Meaning decomposed from the linked verified regulatory clause; aliases preserve the original notation.,TRF-082; TRF-083; TRF-088
VOC-0748,tankOuterShellSeparation,Tank outer shell separation,Unit-stripped normalized regulatory variable,Locked R2 variable plus linked regulation; verified QUDT URI only where populated,N3 - remove unit from the identifier and retain it in unit/quantity metadata,Descriptive formula token in locked requirement; Locked workbook canonical variable,tank_outer_shell_separation_m,Passed - unit separation verified,High,Unit-stripped normalized regulatory variable. The proposed name is traceable to Locked R2 variable plus linked regulation; verified QUDT URI only where populated; aliases preserve the original notation.,IMO-111
VOC-0749,tankTop,Tank top,Benchmark-coined descriptive engineering term,Meaning decomposed from the linked verified regulatory clause,"N5 - component or subject first, followed by characteristic and qualifier/state; no unsupported external mapping",Engineering decomposition of verified clause,tankTop,Passed - clause-anchored benchmark coinage,Medium,Benchmark-coined descriptive engineering term. The proposed name is traceable to Meaning decomposed from the linked verified regulatory clause; aliases preserve the original notation.,TRF-063
VOC-0750,tankType,Tank type,Locked-workbook normalized regulatory term,LOCK-2026-08-11-R2 plus linked regulation evidence,N4 - preserve the source concept; normalize spelling to ASCII lowerCamelCase,Descriptive formula token in locked requirement; Locked workbook canonical variable,tank_type,Passed - transparent source normalization,Medium,Locked-workbook normalized regulatory term. The proposed name is traceable to LOCK-2026-08-11-R2 plus linked regulation evidence; aliases preserve the original notation.,IMO-111
VOC-0751,telemedicalAssistanceCommunicationEquipmentPresent,Telemedical assistance communication equipment present,Locked-workbook normalized regulatory term,LOCK-2026-08-11-R2 plus linked regulation evidence,N4 - preserve the source concept; normalize spelling to ASCII lowerCamelCase,Descriptive formula token in locked requirement; Locked workbook canonical variable,telemedical_assistance_communication_equipment_present,Passed - transparent source normalization,Medium,Locked-workbook normalized regulatory term. The proposed name is traceable to LOCK-2026-08-11-R2 plus linked regulation evidence; aliases preserve the original notation.,IMO-092
VOC-0752,telemedicalAssistanceServiceTwoWayDataCapability,Telemedical assistance service two way data capability,Locked-workbook normalized regulatory term,LOCK-2026-08-11-R2 plus linked regulation evidence,N4 - preserve the source concept; normalize spelling to ASCII lowerCamelCase,Descriptive formula token in locked requirement; Locked workbook canonical variable,TMAS_two_way_data_capability,Passed - transparent source normalization,Medium,Locked-workbook normalized regulatory term. The proposed name is traceable to LOCK-2026-08-11-R2 plus linked regulation evidence; aliases preserve the original notation.,IMO-096
VOC-0753,telemedicalAssistanceServiceTwoWayVoiceCapability,Telemedical assistance service two way voice capability,Locked-workbook normalized regulatory term,LOCK-2026-08-11-R2 plus linked regulation evidence,N4 - preserve the source concept; normalize spelling to ASCII lowerCamelCase,Descriptive formula token in locked requirement; Locked workbook canonical variable,TMAS_two_way_voice_capability,Passed - transparent source normalization,Medium,Locked-workbook normalized regulatory term. The proposed name is traceable to LOCK-2026-08-11-R2 plus linked regulation evidence; aliases preserve the original notation.,IMO-096
VOC-0754,testSpecimenSizeReductionFactor,Test specimen size reduction factor,Regulatory symbol expanded from a directly verified definition,Directly inspected regulation PDF and linked locked requirement,N2 - replace formula symbol with its clause-defined engineering meaning; preserve symbol as alias,Descriptive formula token in locked requirement; Engineering decomposition of verified clause,gamma_e2,Passed - source-defined expansion,High,Regulatory symbol expanded from a directly verified definition. The proposed name is traceable to Directly inspected regulation PDF and linked locked requirement; aliases preserve the original notation.,TRF-110
VOC-0755,testTemperature,Test temperature,Unit-stripped normalized regulatory variable,Locked R2 variable plus linked regulation; verified QUDT URI only where populated,N3 - remove unit from the identifier and retain it in unit/quantity metadata,Descriptive formula token in locked requirement,test_temperature_degC,Passed - unit separation verified,High,Unit-stripped normalized regulatory variable. The proposed name is traceable to Locked R2 variable plus linked regulation; verified QUDT URI only where populated; aliases preserve the original notation.,TRF-072
VOC-0756,thermalProtectionApprovalStatus,Thermal protection approval status,Locked-workbook normalized regulatory term,LOCK-2026-08-11-R2 plus linked regulation evidence,N4 - preserve the source concept; normalize spelling to ASCII lowerCamelCase,Locked workbook canonical variable,thermal_protection_approval_status,Passed - transparent source normalization,Medium,Locked-workbook normalized regulatory term. The proposed name is traceable to LOCK-2026-08-11-R2 plus linked regulation evidence; aliases preserve the original notation.,IMO-064
VOC-0757,thickness,Thickness,Locked-workbook normalized regulatory term,LOCK-2026-08-11-R2 plus linked regulation evidence,N4 - preserve the source concept; normalize spelling to ASCII lowerCamelCase,Locked workbook canonical variable,thickness,Passed - transparent source normalization,Medium,Locked-workbook normalized regulatory term. The proposed name is traceable to LOCK-2026-08-11-R2 plus linked regulation evidence; aliases preserve the original notation.,I2-021; I2-029; I2-041; I2-042; I2-061; TRF-040; TRF-041; TRF-051; TRF-061
VOC-0758,thrusterBody,Thruster body,Benchmark-coined descriptive engineering term,Meaning decomposed from the linked verified regulatory clause,"N5 - component or subject first, followed by characteristic and qualifier/state; no unsupported external mapping",Engineering decomposition of verified clause,thrusterBody,Passed - clause-anchored benchmark coinage,Medium,Benchmark-coined descriptive engineering term. The proposed name is traceable to Meaning decomposed from the linked verified regulatory clause; aliases preserve the original notation.,TRF-113; TRF-114
VOC-0759,thrusterBodyIceInteractionLoad,Thruster body ice interaction load,Benchmark-coined descriptive engineering term,Meaning decomposed from the linked verified regulatory clause,"N5 - component or subject first, followed by characteristic and qualifier/state; no unsupported external mapping",Engineering decomposition of verified clause,thrusterBodyIceInteractionLoad,Passed - clause-anchored benchmark coinage,Medium,Benchmark-coined descriptive engineering term. The proposed name is traceable to Meaning decomposed from the linked verified regulatory clause; aliases preserve the original notation.,TRF-070
VOC-0760,thrusterBodyLocalStrength,Thruster body local strength,Benchmark-coined descriptive engineering term,Meaning decomposed from the linked verified regulatory clause,"N5 - component or subject first, followed by characteristic and qualifier/state; no unsupported external mapping",Engineering decomposition of verified clause,thrusterBodyLocalStrength,Passed - clause-anchored benchmark coinage,Medium,Benchmark-coined descriptive engineering term. The proposed name is traceable to Meaning decomposed from the linked verified regulatory clause; aliases preserve the original notation.,TRF-070
VOC-0761,thrusterExtremeLoad,Thruster extreme load,Benchmark-coined descriptive engineering term,Meaning decomposed from the linked verified regulatory clause,"N5 - component or subject first, followed by characteristic and qualifier/state; no unsupported external mapping",Engineering decomposition of verified clause,thrusterExtremeLoad,Passed - clause-anchored benchmark coinage,Medium,Benchmark-coined descriptive engineering term. The proposed name is traceable to Meaning decomposed from the linked verified regulatory clause; aliases preserve the original notation.,TRF-118
VOC-0762,thrusterFitting,Thruster fitting,Benchmark-coined descriptive engineering term,Meaning decomposed from the linked verified regulatory clause,"N5 - component or subject first, followed by characteristic and qualifier/state; no unsupported external mapping",Engineering decomposition of verified clause,thrusterFitting,Passed - clause-anchored benchmark coinage,Medium,Benchmark-coined descriptive engineering term. The proposed name is traceable to Meaning decomposed from the linked verified regulatory clause; aliases preserve the original notation.,TRF-113
VOC-0763,thrusterGlobalModeFrequency,Thruster global mode frequency,Benchmark-coined descriptive engineering term,Meaning decomposed from the linked verified regulatory clause,"N5 - component or subject first, followed by characteristic and qualifier/state; no unsupported external mapping",Engineering decomposition of verified clause,thrusterGlobalModeFrequency,Passed - clause-anchored benchmark coinage,Medium,Benchmark-coined descriptive engineering term. The proposed name is traceable to Meaning decomposed from the linked verified regulatory clause; aliases preserve the original notation.,TRF-119
VOC-0764,thrusterNaturalFrequency,Thruster natural frequency,Benchmark-coined descriptive engineering term,Meaning decomposed from the linked verified regulatory clause,"N5 - component or subject first, followed by characteristic and qualifier/state; no unsupported external mapping",Engineering decomposition of verified clause,thrusterNaturalFrequency,Passed - clause-anchored benchmark coinage,Medium,Benchmark-coined descriptive engineering term. The proposed name is traceable to Meaning decomposed from the linked verified regulatory clause; aliases preserve the original notation.,TRF-120
VOC-0765,thrusterOperability,Thruster operability,Benchmark-coined descriptive engineering term,Meaning decomposed from the linked verified regulatory clause,"N5 - component or subject first, followed by characteristic and qualifier/state; no unsupported external mapping",Engineering decomposition of verified clause,thrusterOperability,Passed - clause-anchored benchmark coinage,Medium,Benchmark-coined descriptive engineering term. The proposed name is traceable to Meaning decomposed from the linked verified regulatory clause; aliases preserve the original notation.,TRF-118
VOC-0766,thrusterType,Thruster type,Benchmark-coined descriptive engineering term,Meaning decomposed from the linked verified regulatory clause,"N5 - component or subject first, followed by characteristic and qualifier/state; no unsupported external mapping",Engineering decomposition of verified clause,thrusterType,Passed - clause-anchored benchmark coinage,Medium,Benchmark-coined descriptive engineering term. The proposed name is traceable to Meaning decomposed from the linked verified regulatory clause; aliases preserve the original notation.,TRF-070
VOC-0767,timeDomainAnalysis,Time domain analysis,Benchmark-coined descriptive engineering term,Meaning decomposed from the linked verified regulatory clause,"N5 - component or subject first, followed by characteristic and qualifier/state; no unsupported external mapping",Engineering decomposition of verified clause,timeDomainAnalysis,Passed - clause-anchored benchmark coinage,Medium,Benchmark-coined descriptive engineering term. The proposed name is traceable to Meaning decomposed from the linked verified regulatory clause; aliases preserve the original notation.,TRF-090
VOC-0768,timeDomainTorsionalAnalysis,Time domain torsional analysis,Benchmark-coined descriptive engineering term,Meaning decomposed from the linked verified regulatory clause,"N5 - component or subject first, followed by characteristic and qualifier/state; no unsupported external mapping",Engineering decomposition of verified clause,timeDomainTorsionalAnalysis,Passed - clause-anchored benchmark coinage,Medium,Benchmark-coined descriptive engineering term. The proposed name is traceable to Meaning decomposed from the linked verified regulatory clause; aliases preserve the original notation.,TRF-100
VOC-0769,torsionalVibrationAnalysis,Torsional vibration analysis,Benchmark-coined descriptive engineering term,Meaning decomposed from the linked verified regulatory clause,"N5 - component or subject first, followed by characteristic and qualifier/state; no unsupported external mapping",Engineering decomposition of verified clause,torsionalVibrationAnalysis,Passed - clause-anchored benchmark coinage,Medium,Benchmark-coined descriptive engineering term. The proposed name is traceable to Meaning decomposed from the linked verified regulatory clause; aliases preserve the original notation.,TRF-089
VOC-0770,totalGlancingImpactForce,Total glancing impact force,Benchmark-coined descriptive engineering term,Meaning decomposed from the linked verified regulatory clause,"N5 - component or subject first, followed by characteristic and qualifier/state; no unsupported external mapping",Engineering decomposition of verified clause,totalGlancingImpactForce,Passed - clause-anchored benchmark coinage,Medium,Benchmark-coined descriptive engineering term. The proposed name is traceable to Meaning decomposed from the linked verified regulatory clause; aliases preserve the original notation.,I2-008
VOC-0771,totalIceConcentration,Total ice concentration,Unit-stripped normalized regulatory variable,Locked R2 variable plus linked regulation; verified QUDT URI only where populated,N3 - remove unit from the identifier and retain it in unit/quantity metadata,Descriptive formula token in locked requirement; Locked workbook canonical variable,total_ice_concentration_tenths,Passed - unit separation verified,Medium,Unit-stripped normalized regulatory variable. The proposed name is traceable to Locked R2 variable plus linked regulation; verified QUDT URI only where populated; aliases preserve the original notation.,IMO-009
VOC-0772,totalIcePresent,Total ice present,Locked-workbook normalized regulatory term,LOCK-2026-08-11-R2 plus linked regulation evidence,N4 - preserve the source concept; normalize spelling to ASCII lowerCamelCase,Descriptive formula token in locked requirement; Locked workbook canonical variable,total_ice_present,Passed - transparent source normalization,Medium,Locked-workbook normalized regulatory term. The proposed name is traceable to LOCK-2026-08-11-R2 plus linked regulation evidence; aliases preserve the original notation.,IMO-005
VOC-0773,totalPropulsionPowerForScantlings,Total propulsion power for scantlings,Unit-stripped normalized regulatory variable,Locked R2 variable plus linked regulation; verified QUDT URI only where populated,N3 - remove unit from the identifier and retain it in unit/quantity metadata,Descriptive formula token in locked requirement,total_propulsion_power_for_scantlings_kW,Passed - unit separation verified,High,Unit-stripped normalized regulatory variable. The proposed name is traceable to Locked R2 variable plus linked regulation; verified QUDT URI only where populated; aliases preserve the original notation.,TRF-039
VOC-0774,totalRelevantEnginePower,Total relevant engine power,Unit-stripped normalized regulatory variable,Locked R2 variable plus linked regulation; verified QUDT URI only where populated,N3 - remove unit from the identifier and retain it in unit/quantity metadata,Descriptive formula token in locked requirement,total_relevant_engine_power_kW,Passed - unit separation verified,High,Unit-stripped normalized regulatory variable. The proposed name is traceable to Locked R2 variable plus linked regulation; verified QUDT URI only where populated; aliases preserve the original notation.,TRF-130
VOC-0775,transverseFrame,Transverse frame,Benchmark-coined descriptive engineering term,Meaning decomposed from the linked verified regulatory clause,"N5 - component or subject first, followed by characteristic and qualifier/state; no unsupported external mapping",Engineering decomposition of verified clause,transverseFrame,Passed - clause-anchored benchmark coinage,Medium,Benchmark-coined descriptive engineering term. The proposed name is traceable to Meaning decomposed from the linked verified regulatory clause; aliases preserve the original notation.,TRF-046; TRF-047
VOC-0776,transversePenetration,Transverse penetration,Unit-stripped normalized regulatory variable,Locked R2 variable plus linked regulation; verified QUDT URI only where populated,N3 - remove unit from the identifier and retain it in unit/quantity metadata,Descriptive formula token in locked requirement; Locked workbook canonical variable,transverse_penetration_mm,Passed - unit separation verified,High,Unit-stripped normalized regulatory variable. The proposed name is traceable to Locked R2 variable plus linked regulation; verified QUDT URI only where populated; aliases preserve the original notation.,IMO-038
VOC-0777,twoSlopeSnCurveUsed,Two slope sn curve used,Benchmark-coined descriptive engineering term,Meaning decomposed from the linked verified regulatory clause,"N5 - component or subject first, followed by characteristic and qualifier/state; no unsupported external mapping",Engineering decomposition of verified clause,twoSlopeSnCurveUsed,Passed - clause-anchored benchmark coinage,Medium,Benchmark-coined descriptive engineering term. The proposed name is traceable to Meaning decomposed from the linked verified regulatory clause; aliases preserve the original notation.,TRF-108
VOC-0778,twoWayOnSceneCommunicationPresent,Two way on scene communication present,Locked-workbook normalized regulatory term,LOCK-2026-08-11-R2 plus linked regulation evidence,N4 - preserve the source concept; normalize spelling to ASCII lowerCamelCase,Descriptive formula token in locked requirement; Locked workbook canonical variable,two_way_on_scene_communication_present,Passed - transparent source normalization,Medium,Locked-workbook normalized regulatory term. The proposed name is traceable to LOCK-2026-08-11-R2 plus linked regulation evidence; aliases preserve the original notation.,IMO-091
VOC-0779,ultimateTensileStrength,Ultimate tensile strength,Unit-stripped normalized regulatory variable,Locked R2 variable plus linked regulation; verified QUDT URI only where populated,N3 - remove unit from the identifier and retain it in unit/quantity metadata,Descriptive formula token in locked requirement; Locked workbook canonical variable,sigmaU_MPa; sigma_u_MPa,Passed - unit separation verified,High,Unit-stripped normalized regulatory variable. The proposed name is traceable to Locked R2 variable plus linked regulation; verified QUDT URI only where populated; aliases preserve the original notation.,TRF-106
VOC-0780,upperBowIceBeltRequired,Upper bow ice belt required,Benchmark-coined descriptive engineering term,Meaning decomposed from the linked verified regulatory clause,"N5 - component or subject first, followed by characteristic and qualifier/state; no unsupported external mapping",Descriptive formula token in locked requirement,upper_bow_ice_belt_required,Passed - clause-anchored benchmark coinage,Medium,Benchmark-coined descriptive engineering term. The proposed name is traceable to Meaning decomposed from the linked verified regulatory clause; aliases preserve the original notation.,TRF-043
VOC-0781,upperBowIceBeltStrengtheningStatus,Upper bow ice belt strengthening status,Benchmark-coined descriptive engineering term,Meaning decomposed from the linked verified regulatory clause,"N5 - component or subject first, followed by characteristic and qualifier/state; no unsupported external mapping",Descriptive formula token in locked requirement,upper_bow_ice_belt_strengthening_status,Passed - clause-anchored benchmark coinage,Medium,Benchmark-coined descriptive engineering term. The proposed name is traceable to Meaning decomposed from the linked verified regulatory clause; aliases preserve the original notation.,TRF-040
VOC-0782,upperBowIceBeltTop,Upper bow ice belt top,Benchmark-coined descriptive engineering term,Meaning decomposed from the linked verified regulatory clause,"N5 - component or subject first, followed by characteristic and qualifier/state; no unsupported external mapping",Descriptive formula token in locked requirement,upper_bow_ice_belt_top,Passed - clause-anchored benchmark coinage,Medium,Benchmark-coined descriptive engineering term. The proposed name is traceable to Meaning decomposed from the linked verified regulatory clause; aliases preserve the original notation.,TRF-043
VOC-0783,upperIceWaterline,Upper ice waterline,Verified exact implementation term,Haitham final SSP URI plus linked regulation: https://w3id.org/mtl-requirements/ssp#UIWL,N1 - reuse only after exact URI and semantic-context verification,Locked workbook canonical variable,UIWL,Passed - exact URI/local-name evidence,High,Verified exact implementation term. The proposed name is traceable to Haitham final SSP URI plus linked regulation: https://w3id.org/mtl-requirements/ssp#UIWL; aliases preserve the original notation.,I2-003; I2-004; TRF-011; TRF-014; TRF-015; TRF-016; TRF-020; TRF-030; TRF-061
VOC-0784,upperIceWaterlineDraught,Upper ice waterline draught,Locked-workbook normalized regulatory term,LOCK-2026-08-11-R2 plus linked regulation evidence,N4 - preserve the source concept; normalize spelling to ASCII lowerCamelCase,Descriptive formula token in locked requirement; Locked workbook canonical variable,upper_ice_waterline_draught,Passed - transparent source normalization,Medium,Locked-workbook normalized regulatory term. The proposed name is traceable to LOCK-2026-08-11-R2 plus linked regulation evidence; aliases preserve the original notation.,IMO-038
VOC-0785,upperIceWaterlineLength,Upper ice waterline length,Locked-workbook normalized regulatory term,LOCK-2026-08-11-R2 plus linked regulation evidence,N4 - preserve the source concept; normalize spelling to ASCII lowerCamelCase,Descriptive formula token in locked requirement; Locked workbook canonical variable,upper_ice_waterline_length,Passed - transparent source normalization,Medium,Locked-workbook normalized regulatory term. The proposed name is traceable to LOCK-2026-08-11-R2 plus linked regulation evidence; aliases preserve the original notation.,IMO-038
VOC-0786,urI1ComplianceStatus,Ur i1 compliance status,Benchmark-coined descriptive engineering term,Meaning decomposed from the linked verified regulatory clause,"N5 - component or subject first, followed by characteristic and qualifier/state; no unsupported external mapping",Engineering decomposition of verified clause,urI1ComplianceStatus,Passed - clause-anchored benchmark coinage,Medium,Benchmark-coined descriptive engineering term. The proposed name is traceable to Meaning decomposed from the linked verified regulatory clause; aliases preserve the original notation.,I2-002
VOC-0787,urI2Applicability,Ur i2 applicability,Benchmark-coined descriptive engineering term,Meaning decomposed from the linked verified regulatory clause,"N5 - component or subject first, followed by characteristic and qualifier/state; no unsupported external mapping",Engineering decomposition of verified clause,urI2Applicability,Passed - clause-anchored benchmark coinage,Medium,Benchmark-coined descriptive engineering term. The proposed name is traceable to Meaning decomposed from the linked verified regulatory clause; aliases preserve the original notation.,I2-002
VOC-0788,urI2RevisionApplicability,Ur i2 revision applicability,Benchmark-coined descriptive engineering term,Meaning decomposed from the linked verified regulatory clause,"N5 - component or subject first, followed by characteristic and qualifier/state; no unsupported external mapping",Engineering decomposition of verified clause,urI2RevisionApplicability,Passed - clause-anchored benchmark coinage,Medium,Benchmark-coined descriptive engineering term. The proposed name is traceable to Meaning decomposed from the linked verified regulatory clause; aliases preserve the original notation.,I2-001
VOC-0789,valveExposed,Valve exposed,Locked-workbook normalized regulatory term,LOCK-2026-08-11-R2 plus linked regulation evidence,N4 - preserve the source concept; normalize spelling to ASCII lowerCamelCase,Descriptive formula token in locked requirement; Locked workbook canonical variable,valve_exposed,Passed - transparent source normalization,Medium,Locked-workbook normalized regulatory term. The proposed name is traceable to LOCK-2026-08-11-R2 plus linked regulation evidence; aliases preserve the original notation.,IMO-055
VOC-0790,valveType,Valve type,Locked-workbook normalized regulatory term,LOCK-2026-08-11-R2 plus linked regulation evidence,N4 - preserve the source concept; normalize spelling to ASCII lowerCamelCase,Descriptive formula token in locked requirement; Locked workbook canonical variable,valve_type,Passed - transparent source normalization,Medium,Locked-workbook normalized regulatory term. The proposed name is traceable to LOCK-2026-08-11-R2 plus linked regulation evidence; aliases preserve the original notation.,IMO-055
VOC-0791,variableAmplitudeLoadingReductionFactor,Variable amplitude loading reduction factor,Regulatory symbol expanded from a directly verified definition,Directly inspected regulation PDF and linked locked requirement,N2 - replace formula symbol with its clause-defined engineering meaning; preserve symbol as alias,Descriptive formula token in locked requirement; Engineering decomposition of verified clause,gamma_v,Passed - source-defined expansion,High,Regulatory symbol expanded from a directly verified definition. The proposed name is traceable to Directly inspected regulation PDF and linked locked requirement; aliases preserve the original notation.,TRF-110
VOC-0792,verticalDamageExtent,Vertical damage extent,Locked-workbook normalized regulatory term,LOCK-2026-08-11-R2 plus linked regulation evidence,N4 - preserve the source concept; normalize spelling to ASCII lowerCamelCase,Descriptive formula token in locked requirement; Locked workbook canonical variable,vertical_damage_extent,Passed - transparent source normalization,Medium,Locked-workbook normalized regulatory term. The proposed name is traceable to LOCK-2026-08-11-R2 plus linked regulation evidence; aliases preserve the original notation.,IMO-038
VOC-0793,vibrationAnalysis,Vibration analysis,Benchmark-coined descriptive engineering term,Meaning decomposed from the linked verified regulatory clause,"N5 - component or subject first, followed by characteristic and qualifier/state; no unsupported external mapping",Engineering decomposition of verified clause,vibrationAnalysis,Passed - clause-anchored benchmark coinage,Medium,Benchmark-coined descriptive engineering term. The proposed name is traceable to Meaning decomposed from the linked verified regulatory clause; aliases preserve the original notation.,TRF-125
VOC-0794,vibratoryLoadDesignEvidence,Vibratory load design evidence,Benchmark-coined descriptive engineering term,Meaning decomposed from the linked verified regulatory clause,"N5 - component or subject first, followed by characteristic and qualifier/state; no unsupported external mapping",Engineering decomposition of verified clause,vibratoryLoadDesignEvidence,Passed - clause-anchored benchmark coinage,Medium,Benchmark-coined descriptive engineering term. The proposed name is traceable to Meaning decomposed from the linked verified regulatory clause; aliases preserve the original notation.,TRF-119
VOC-0795,visibilityRange,Visibility range,Unit-stripped normalized regulatory variable,Locked R2 variable plus linked regulation; verified QUDT URI only where populated,N3 - remove unit from the identifier and retain it in unit/quantity metadata,Descriptive formula token in locked requirement; Locked workbook canonical variable,visibility_range_nm,Passed - unit separation verified,High,Unit-stripped normalized regulatory variable. The proposed name is traceable to Locked R2 variable plus linked regulation; verified QUDT URI only where populated; aliases preserve the original notation.,IMO-089
VOC-0796,visibleFromAstern,Visible from astern,Locked-workbook normalized regulatory term,LOCK-2026-08-11-R2 plus linked regulation evidence,N4 - preserve the source concept; normalize spelling to ASCII lowerCamelCase,Locked workbook canonical variable,visible_from_astern,Passed - transparent source normalization,Medium,Locked-workbook normalized regulatory term. The proposed name is traceable to LOCK-2026-08-11-R2 plus linked regulation evidence; aliases preserve the original notation.,IMO-089
VOC-0797,visualIceDetectionIlluminationMeansCount,Visual ice detection illumination means count,Locked-workbook normalized regulatory term,LOCK-2026-08-11-R2 plus linked regulation evidence,N4 - preserve the source concept; normalize spelling to ASCII lowerCamelCase,Descriptive formula token in locked requirement; Locked workbook canonical variable,visual_ice_detection_illumination_means_count,Passed - transparent source normalization,Medium,Locked-workbook normalized regulatory term. The proposed name is traceable to LOCK-2026-08-11-R2 plus linked regulation evidence; aliases preserve the original notation.,IMO26-014
VOC-0798,vonMises,Von mises,Benchmark-coined descriptive engineering term,Meaning decomposed from the linked verified regulatory clause,"N5 - component or subject first, followed by characteristic and qualifier/state; no unsupported external mapping",Descriptive formula token in locked requirement,von_Mises,Passed - clause-anchored benchmark coinage,Medium,Benchmark-coined descriptive engineering term. The proposed name is traceable to Meaning decomposed from the linked verified regulatory clause; aliases preserve the original notation.,TRF-106
VOC-0799,vonMisesYieldCriterion,Von mises yield criterion,Benchmark-coined descriptive engineering term,Meaning decomposed from the linked verified regulatory clause,"N5 - component or subject first, followed by characteristic and qualifier/state; no unsupported external mapping",Engineering decomposition of verified clause,vonMisesYieldCriterion,Passed - clause-anchored benchmark coinage,Medium,Benchmark-coined descriptive engineering term. The proposed name is traceable to Meaning decomposed from the linked verified regulatory clause; aliases preserve the original notation.,TRF-031
VOC-0800,voyageLimitAvoidance,Voyage limit avoidance,Locked-workbook normalized regulatory term,LOCK-2026-08-11-R2 plus linked regulation evidence,N4 - preserve the source concept; normalize spelling to ASCII lowerCamelCase,Locked workbook canonical variable,voyage_limit_avoidance,Passed - transparent source normalization,Medium,Locked-workbook normalized regulatory term. The proposed name is traceable to LOCK-2026-08-11-R2 plus linked regulation evidence; aliases preserve the original notation.,IMO-027
VOC-0801,voyagePlanCoverage,Voyage plan coverage,Locked-workbook normalized regulatory term,LOCK-2026-08-11-R2 plus linked regulation evidence,N4 - preserve the source concept; normalize spelling to ASCII lowerCamelCase,Descriptive formula token in locked requirement; Locked workbook canonical variable,voyage_plan_coverage,Passed - transparent source normalization,Medium,Locked-workbook normalized regulatory term. The proposed name is traceable to LOCK-2026-08-11-R2 plus linked regulation evidence; aliases preserve the original notation.,IMO26-017
VOC-0802,voyagePlanHazardCoverage,Voyage plan hazard coverage,Locked-workbook normalized regulatory term,LOCK-2026-08-11-R2 plus linked regulation evidence,N4 - preserve the source concept; normalize spelling to ASCII lowerCamelCase,Locked workbook canonical variable,voyage_plan_hazard_coverage,Passed - transparent source normalization,Medium,Locked-workbook normalized regulatory term. The proposed name is traceable to LOCK-2026-08-11-R2 plus linked regulation evidence; aliases preserve the original notation.,IMO-100
VOC-0803,voyagePlanningTopicCoverage,Voyage planning topic coverage,Locked-workbook normalized regulatory term,LOCK-2026-08-11-R2 plus linked regulation evidence,N4 - preserve the source concept; normalize spelling to ASCII lowerCamelCase,Locked workbook canonical variable,voyage_planning_topic_coverage,Passed - transparent source normalization,Medium,Locked-workbook normalized regulatory term. The proposed name is traceable to LOCK-2026-08-11-R2 plus linked regulation evidence; aliases preserve the original notation.,IMO-101; IMO26-018
VOC-0804,voyagePlanPresent,Voyage plan present,Locked-workbook normalized regulatory term,LOCK-2026-08-11-R2 plus linked regulation evidence,N4 - preserve the source concept; normalize spelling to ASCII lowerCamelCase,Descriptive formula token in locked requirement; Locked workbook canonical variable,voyage_plan_present,Passed - transparent source normalization,Medium,Locked-workbook normalized regulatory term. The proposed name is traceable to LOCK-2026-08-11-R2 plus linked regulation evidence; aliases preserve the original notation.,IMO-100; IMO26-017
VOC-0805,watchCoverageStatus,Watch coverage status,Locked-workbook normalized regulatory term,LOCK-2026-08-11-R2 plus linked regulation evidence,N4 - preserve the source concept; normalize spelling to ASCII lowerCamelCase,Locked workbook canonical variable,watch_coverage_status,Passed - transparent source normalization,Medium,Locked-workbook normalized regulatory term. The proposed name is traceable to LOCK-2026-08-11-R2 plus linked regulation evidence; aliases preserve the original notation.,IMO-103
VOC-0806,waterAddedMass,Water added mass,Benchmark-coined descriptive engineering term,Meaning decomposed from the linked verified regulatory clause,"N5 - component or subject first, followed by characteristic and qualifier/state; no unsupported external mapping",Engineering decomposition of verified clause,waterAddedMass,Passed - clause-anchored benchmark coinage,Medium,Benchmark-coined descriptive engineering term. The proposed name is traceable to Meaning decomposed from the linked verified regulatory clause; aliases preserve the original notation.,TRF-120
VOC-0807,watertightOrWeathertightClosingDevice,Watertight or weathertight closing device,Locked-workbook normalized regulatory term,LOCK-2026-08-11-R2 plus linked regulation evidence,N4 - preserve the source concept; normalize spelling to ASCII lowerCamelCase,Descriptive formula token in locked requirement; Locked workbook canonical variable,watertight_or_weathertight_closing_device,Passed - transparent source normalization,Medium,Locked-workbook normalized regulatory term. The proposed name is traceable to LOCK-2026-08-11-R2 plus linked regulation evidence; aliases preserve the original notation.,IMO-039
VOC-0808,weatherDeckBelowIceBeltUpperLimit,Weather deck below ice belt upper limit,Benchmark-coined descriptive engineering term,Meaning decomposed from the linked verified regulatory clause,"N5 - component or subject first, followed by characteristic and qualifier/state; no unsupported external mapping",Descriptive formula token in locked requirement,weather_deck_below_ice_belt_upper_limit,Passed - clause-anchored benchmark coinage,Medium,Benchmark-coined descriptive engineering term. The proposed name is traceable to Meaning decomposed from the linked verified regulatory clause; aliases preserve the original notation.,TRF-040
VOC-0809,weatherProtectionPresent,Weather protection present,Locked-workbook normalized regulatory term,LOCK-2026-08-11-R2 plus linked regulation evidence,N4 - preserve the source concept; normalize spelling to ASCII lowerCamelCase,Locked workbook canonical variable,weather_protection_present,Passed - transparent source normalization,Medium,Locked-workbook normalized regulatory term. The proposed name is traceable to LOCK-2026-08-11-R2 plus linked regulation evidence; aliases preserve the original notation.,IMO-065
VOC-0810,webFrame,Web frame,Benchmark-coined descriptive engineering term,Meaning decomposed from the linked verified regulatory clause,"N5 - component or subject first, followed by characteristic and qualifier/state; no unsupported external mapping",Engineering decomposition of verified clause,webFrame,Passed - clause-anchored benchmark coinage,Medium,Benchmark-coined descriptive engineering term. The proposed name is traceable to Meaning decomposed from the linked verified regulatory clause; aliases preserve the original notation.,I2-037; I2-062
VOC-0811,webFrameIceLoad,Web frame ice load,Verified exact implementation term,Haitham final SSP URI plus linked regulation: https://w3id.org/mtl-requirements/ssp#webFrameIceLoad,N1 - reuse only after exact URI and semantic-context verification,Engineering decomposition of verified clause,webFrameIceLoad,Passed - exact URI/local-name evidence,High,Verified exact implementation term. The proposed name is traceable to Haitham final SSP URI plus linked regulation: https://w3id.org/mtl-requirements/ssp#webFrameIceLoad; aliases preserve the original notation.,TRF-057
VOC-0812,webFrameSafetyFactor,Web frame safety factor,Benchmark-coined descriptive engineering term,Meaning decomposed from the linked verified regulatory clause,"N5 - component or subject first, followed by characteristic and qualifier/state; no unsupported external mapping",Engineering decomposition of verified clause,webFrameSafetyFactor,Passed - clause-anchored benchmark coinage,Medium,Benchmark-coined descriptive engineering term. The proposed name is traceable to Meaning decomposed from the linked verified regulatory clause; aliases preserve the original notation.,TRF-057
VOC-0813,webFrameSpacing,Web frame spacing,Verified exact implementation term,Haitham final SSP URI plus linked regulation: https://w3id.org/mtl-requirements/ssp#webFrameSpacing,N1 - reuse only after exact URI and semantic-context verification,Engineering decomposition of verified clause,webFrameSpacing,Passed - exact URI/local-name evidence,High,Verified exact implementation term. The proposed name is traceable to Haitham final SSP URI plus linked regulation: https://w3id.org/mtl-requirements/ssp#webFrameSpacing; aliases preserve the original notation.,TRF-057
VOC-0814,weldType,Weld type,Benchmark-coined descriptive engineering term,Meaning decomposed from the linked verified regulatory clause,"N5 - component or subject first, followed by characteristic and qualifier/state; no unsupported external mapping",Engineering decomposition of verified clause,weldType,Passed - clause-anchored benchmark coinage,Medium,Benchmark-coined descriptive engineering term. The proposed name is traceable to Meaning decomposed from the linked verified regulatory clause; aliases preserve the original notation.,I2-066; TRF-050
VOC-0815,wingTankProtectionStatus,Wing tank protection status,Locked-workbook normalized regulatory term,LOCK-2026-08-11-R2 plus linked regulation evidence,N4 - preserve the source concept; normalize spelling to ASCII lowerCamelCase,Descriptive formula token in locked requirement; Locked workbook canonical variable,wing_tank_protection_status,Passed - transparent source normalization,Medium,Locked-workbook normalized regulatory term. The proposed name is traceable to LOCK-2026-08-11-R2 plus linked regulation evidence; aliases preserve the original notation.,IMO-110
VOC-0816,winterClothingOperabilityTestStatus,Winter clothing operability test status,Locked-workbook normalized regulatory term,LOCK-2026-08-11-R2 plus linked regulation evidence,N4 - preserve the source concept; normalize spelling to ASCII lowerCamelCase,Descriptive formula token in locked requirement; Locked workbook canonical variable,winter_clothing_operability_test_status,Passed - transparent source normalization,Medium,Locked-workbook normalized regulatory term. The proposed name is traceable to LOCK-2026-08-11-R2 plus linked regulation evidence; aliases preserve the original notation.,IMO-042
VOC-0817,winterGrowthCount,Winter growth count,Locked-workbook normalized regulatory term,LOCK-2026-08-11-R2 plus linked regulation evidence,N4 - preserve the source concept; normalize spelling to ASCII lowerCamelCase,Descriptive formula token in locked requirement; Locked workbook canonical variable,winter_growth_count,Passed - transparent source normalization,Medium,Locked-workbook normalized regulatory term. The proposed name is traceable to LOCK-2026-08-11-R2 plus linked regulation evidence; aliases preserve the original notation.,IMO-004
VOC-0818,workingLiquid,Working liquid,Locked-workbook normalized regulatory term,LOCK-2026-08-11-R2 plus linked regulation evidence,N4 - preserve the source concept; normalize spelling to ASCII lowerCamelCase,Locked workbook canonical variable,working_liquid,Passed - transparent source normalization,Medium,Locked-workbook normalized regulatory term. The proposed name is traceable to LOCK-2026-08-11-R2 plus linked regulation evidence; aliases preserve the original notation.,IMO-044
VOC-0819,yieldingMargin,Yielding margin,Benchmark-coined descriptive engineering term,Meaning decomposed from the linked verified regulatory clause,"N5 - component or subject first, followed by characteristic and qualifier/state; no unsupported external mapping",Engineering decomposition of verified clause,yieldingMargin,Passed - clause-anchored benchmark coinage,Medium,Benchmark-coined descriptive engineering term. The proposed name is traceable to Meaning decomposed from the linked verified regulatory clause; aliases preserve the original notation.,I2-065
VOC-0820,yieldPoint,Yield point,Benchmark-coined descriptive engineering term,Meaning decomposed from the linked verified regulatory clause,"N5 - component or subject first, followed by characteristic and qualifier/state; no unsupported external mapping",Engineering decomposition of verified clause,yieldPoint,Passed - clause-anchored benchmark coinage,Medium,Benchmark-coined descriptive engineering term. The proposed name is traceable to Meaning decomposed from the linked verified regulatory clause; aliases preserve the original notation.,TRF-031
VOC-0821,yieldSafetyFactor,Yield safety factor,Benchmark-coined descriptive engineering term,Meaning decomposed from the linked verified regulatory clause,"N5 - component or subject first, followed by characteristic and qualifier/state; no unsupported external mapping",Descriptive formula token in locked requirement; Engineering decomposition of verified clause,safetyFactorYield; yieldSafetyFactor; safety_factor_yield,Passed - clause-anchored benchmark coinage,Medium,Benchmark-coined descriptive engineering term. The proposed name is traceable to Meaning decomposed from the linked verified regulatory clause; aliases preserve the original notation.,TRF-110; TRF-112; TRF-118
VOC-0822,yieldStrength,Yield strength,Unit-stripped normalized regulatory variable,Locked R2 variable plus linked regulation; verified QUDT URI only where populated,N3 - remove unit from the identifier and retain it in unit/quantity metadata,Descriptive formula token in locked requirement; Locked workbook canonical variable,sigma_y_N_mm2; yieldStrength_MPa,Passed - unit separation verified,High,Unit-stripped normalized regulatory variable. The proposed name is traceable to Locked R2 variable plus linked regulation; verified QUDT URI only where populated; aliases preserve the original notation.,I2-022; I2-023; I2-032; I2-035; I2-040; I2-041; I2-043; I2-064; TRF-041; TRF-042; TRF-044; TRF-048; TRF-051; TRF-053; TRF-054; TRF-059; TRF-060; TRF-068; TRF-123
VOC-0823,zeroPointTwoPercentProofStrength,0.2 percent proof strength,Unit-stripped normalized regulatory variable,Locked R2 variable plus linked regulation; verified QUDT URI only where populated,N3 - remove unit from the identifier and retain it in unit/quantity metadata,Descriptive formula token in locked requirement; Locked workbook canonical variable,sigma0_2_MPa; sigma_0_2_MPa,Passed - unit separation verified,High,Unit-stripped normalized regulatory variable. The proposed name is traceable to Locked R2 variable plus linked regulation; verified QUDT URI only where populated; aliases preserve the original notation.,TRF-106
